,name,shirt,team,offers_to_receive_total,offers_to_receive_in_behind,offers_to_receive_in_between,offers_to_receive_in_front,offers_to_receive_inside,offers_to_receive_outside,receptions_in_behind,receptions_between_midfield_and_defensive_line,receptions_under_pressure,number_of_involvements,position
0,Jude Bellingham,1,ENG,485.0,130.0,258.0,97.0,367.0,118.0,12.0,93.0,183.0,580.0,MF
1,Kylian Mbappe,2,FRA,431.0,191.0,163.0,77.0,282.0,149.0,29.0,165.0,184.0,626.0,FW
2,Rodri,3,ESP,414.0,5.0,122.0,287.0,291.0,123.0,2.0,41.0,258.0,1676.0,MF
3,Marc Cucurella,4,ESP,412.0,165.0,137.0,110.0,90.0,322.0,16.0,118.0,172.0,987.0,DF
4,Enzo Fernandez,5,ARG,374.0,51.0,128.0,195.0,226.0,148.0,4.0,81.0,159.0,1122.0,MF
5,Elliot Anderson,5,ENG,374.0,21.0,84.0,269.0,271.0,103.0,2.0,15.0,188.0,975.0,MF
6,Michael Olise,7,FRA,365.0,75.0,199.0,91.0,234.0,131.0,9.0,140.0,228.0,952.0,FW
7,Pedri,8,ESP,363.0,45.0,146.0,172.0,277.0,86.0,5.0,65.0,180.0,1024.0,MF
8,Bruno Guimaraes,9,BRA,339.0,56.0,156.0,127.0,258.0,81.0,5.0,51.0,92.0,459.0,MF
9,Daniel Munoz,10,COL,338.0,135.0,109.0,94.0,53.0,285.0,8.0,38.0,52.0,461.0,DF
10,Rodrigo De Paul,11,ARG,337.0,34.0,162.0,141.0,146.0,191.0,4.0,43.0,111.0,712.0,MF
11,Neil El Aynaoui,12,MAR,334.0,37.0,99.0,198.0,250.0,84.0,1.0,25.0,154.0,918.0,MF
12,Alex Baena,13,ESP,332.0,151.0,138.0,43.0,180.0,152.0,13.0,141.0,102.0,554.0,MF
13,Granit Xhaka,14,SUI,330.0,5.0,129.0,196.0,231.0,99.0,0.0,35.0,110.0,997.0,MF
14,Martin Odegaard,15,NOR,329.0,29.0,173.0,127.0,212.0,117.0,5.0,99.0,132.0,789.0,MF
15,Remo Freuler,16,SUI,328.0,43.0,138.0,147.0,228.0,100.0,3.0,34.0,105.0,694.0,MF
16,Lamine Yamal,17,ESP,317.0,119.0,164.0,34.0,119.0,198.0,33.0,224.0,188.0,740.0,FW
17,Fabian Ruiz,17,ESP,317.0,43.0,146.0,128.0,218.0,99.0,2.0,41.0,99.0,639.0,MF
18,Azzedine Ounahi,19,MAR,316.0,51.0,144.0,121.0,177.0,139.0,2.0,81.0,126.0,683.0,MF
19,Dani Olmo,20,ESP,314.0,89.0,175.0,50.0,248.0,66.0,4.0,79.0,112.0,537.0,FW
20,Julian Alvarez,21,ARG,299.0,111.0,118.0,70.0,189.0,110.0,3.0,116.0,120.0,494.0,FW
21,Ismael Saibari,22,MAR,298.0,151.0,117.0,30.0,182.0,116.0,9.0,67.0,94.0,246.0,MF
22,Luis Diaz,23,COL,295.0,148.0,121.0,26.0,130.0,165.0,11.0,116.0,104.0,415.0,FW
23,Mikel Oyarzabal,24,ESP,291.0,148.0,129.0,14.0,236.0,55.0,13.0,125.0,132.0,392.0,FW
24,Declan Rice,25,ENG,274.0,31.0,88.0,155.0,175.0,99.0,3.0,28.0,112.0,742.0,MF
25,Alexis Mac Allister,26,ARG,269.0,50.0,97.0,122.0,206.0,63.0,4.0,58.0,195.0,933.0,MF
26,Arda Guler,27,TUR,268.0,40.0,122.0,106.0,157.0,111.0,6.0,46.0,89.0,455.0,FW
27,Vinicius Junior,28,BRA,263.0,104.0,130.0,29.0,113.0,150.0,17.0,93.0,111.0,397.0,FW
28,Pedro Vite,29,ECU,261.0,11.0,108.0,142.0,153.0,108.0,1.0,27.0,83.0,640.0,MF
29,Gustavo Puerta,30,COL,260.0,48.0,108.0,104.0,145.0,115.0,3.0,44.0,116.0,643.0,DF
30,Weston Mckennie,30,USA,260.0,94.0,125.0,41.0,139.0,121.0,14.0,84.0,138.0,497.0,MF
31,Achraf Hakimi,32,MAR,253.0,79.0,114.0,60.0,102.0,151.0,12.0,92.0,167.0,971.0,DF
32,Bruno Fernandes,33,POR,251.0,53.0,135.0,63.0,150.0,101.0,5.0,86.0,115.0,640.0,MF
33,Youri Tielemans,34,BEL,248.0,61.0,87.0,100.0,174.0,74.0,3.0,41.0,125.0,591.0,MF
34,Julian Quinones,34,MEX,248.0,99.0,115.0,34.0,120.0,128.0,6.0,84.0,141.0,355.0,FW
35,Lionel Messi,36,ARG,245.0,59.0,121.0,65.0,157.0,88.0,5.0,151.0,191.0,899.0,FW
36,Jules Kounde,36,FRA,245.0,108.0,54.0,83.0,101.0,144.0,9.0,62.0,71.0,750.0,DF
37,Marawan Attia,36,EGY,245.0,8.0,79.0,158.0,140.0,105.0,0.0,22.0,119.0,749.0,MF
38,Ferran Torres,39,ESP,243.0,118.0,96.0,29.0,204.0,39.0,12.0,96.0,70.0,251.0,FW
39,Emam Ashour,40,EGY,241.0,49.0,128.0,64.0,114.0,127.0,5.0,50.0,85.0,471.0,MF
40,Nahuel Molina,41,ARG,236.0,86.0,89.0,61.0,50.0,186.0,6.0,46.0,104.0,572.0,DF
41,Leandro Paredes,41,ARG,236.0,2.0,40.0,194.0,157.0,79.0,0.0,9.0,58.0,1154.0,MF
42,Adrien Rabiot,43,FRA,235.0,65.0,58.0,112.0,160.0,75.0,8.0,36.0,121.0,769.0,MF
43,Kevin De Bruyne,44,BEL,223.0,76.0,96.0,51.0,126.0,97.0,6.0,61.0,86.0,446.0,MF
44,Florian Wirtz,45,GER,218.0,71.0,100.0,47.0,96.0,122.0,4.0,117.0,99.0,599.0,MF
45,Pedro Porro,46,ESP,215.0,58.0,96.0,61.0,52.0,163.0,9.0,69.0,139.0,896.0,DF
46,Joao Neves,47,POR,214.0,52.0,74.0,88.0,158.0,56.0,2.0,40.0,107.0,558.0,MF
47,Leandro Trossard,48,BEL,213.0,84.0,95.0,34.0,105.0,108.0,10.0,92.0,95.0,500.0,FW
48,Desire Doue,49,FRA,212.0,63.0,101.0,48.0,80.0,132.0,12.0,91.0,95.0,474.0,FW
49,Daichi Kamada,49,JPN,212.0,19.0,92.0,101.0,134.0,78.0,0.0,34.0,52.0,436.0,MF
50,Folarin Balogun,13,USA,175.0,104.0,69.0,2.0,134.0,41.0,21.0,55.0,64.0,153.0,FW
51,Charles De Ketelaere,15,BEL,161.0,101.0,56.0,4.0,105.0,56.0,10.0,80.0,82.0,230.0,FW
52,Breel Embolo,15,SUI,153.0,101.0,51.0,1.0,131.0,22.0,10.0,83.0,88.0,199.0,FW
53,Lautaro Martinez,18,ARG,178.0,95.0,70.0,13.0,131.0,47.0,4.0,58.0,60.0,185.0,FW
54,Kai Havertz,18,GER,204.0,95.0,88.0,21.0,127.0,77.0,8.0,80.0,78.0,290.0,FW
55,Tani Oluwaseyi,20,CAN,132.0,94.0,36.0,2.0,107.0,25.0,6.0,49.0,55.0,131.0,FW
56,Cristiano Ronaldo,22,POR,187.0,92.0,81.0,14.0,147.0,40.0,8.0,65.0,69.0,239.0,FW
57,Cedric Bakambu,23,COD,155.0,91.0,64.0,0.0,128.0,27.0,2.0,29.0,29.0,63.0,FW
58,Dan Ndoye,26,SUI,133.0,85.0,48.0,0.0,63.0,70.0,19.0,85.0,97.0,281.0,FW
59,Oswin Appollis,26,RSA,209.0,85.0,102.0,22.0,102.0,107.0,2.0,46.0,83.0,231.0,FW
60,Sadio Mane,26,SEN,164.0,85.0,65.0,14.0,84.0,80.0,18.0,86.0,103.0,350.0,FW
61,Marcus Rashford,26,ENG,150.0,85.0,48.0,17.0,50.0,100.0,15.0,71.0,70.0,284.0,FW
62,Romelu Lukaku,26,BEL,129.0,85.0,41.0,3.0,107.0,22.0,1.0,53.0,43.0,110.0,FW
63,Pedro Neto,32,POR,183.0,83.0,81.0,19.0,49.0,134.0,8.0,79.0,83.0,374.0,FW
64,Riyad Mahrez,32,ALG,161.0,83.0,59.0,19.0,62.0,99.0,4.0,51.0,73.0,325.0,FW
65,Mostafa Zico,32,EGY,166.0,83.0,68.0,15.0,99.0,67.0,6.0,61.0,56.0,215.0,MF
66,Ayase Ueda,35,JPN,165.0,82.0,80.0,3.0,141.0,24.0,2.0,45.0,59.0,117.0,FW
67,Luis Suarez,36,COL,191.0,81.0,108.0,2.0,167.0,24.0,5.0,59.0,52.0,148.0,FW
68,Nico Gonzalez,37,ARG,102.0,80.0,18.0,4.0,57.0,45.0,23.0,64.0,63.0,275.0,MF
69,Noni Madueke,37,ENG,175.0,80.0,75.0,20.0,38.0,137.0,17.0,68.0,40.0,277.0,FW
70,Anthony Gordon,37,ENG,205.0,80.0,86.0,39.0,92.0,113.0,13.0,85.0,106.0,299.0,FW
71,Agustin Canobbio,41,URU,141.0,76.0,50.0,15.0,42.0,99.0,9.0,50.0,60.0,185.0,MF
72,Brian Brobbey,43,NED,91.0,75.0,13.0,3.0,77.0,14.0,5.0,25.0,28.0,61.0,FW
73,Maxi Araujo,45,URU,135.0,74.0,51.0,10.0,72.0,63.0,7.0,45.0,55.0,174.0,MF
74,Raul Jimenez,46,MEX,149.0,73.0,72.0,4.0,107.0,42.0,6.0,75.0,74.0,190.0,FW
75,Omar Marmoush,46,EGY,166.0,73.0,79.0,14.0,93.0,73.0,5.0,58.0,84.0,218.0,FW
76,Nicolas Jackson,46,SEN,127.0,73.0,40.0,14.0,96.0,31.0,4.0,38.0,42.0,114.0,FW
77,Daizen Maeda,46,JPN,102.0,73.0,25.0,4.0,71.0,31.0,8.0,31.0,33.0,92.0,MF
78,Bradley Barcola,46,FRA,123.0,73.0,35.0,15.0,55.0,68.0,16.0,93.0,84.0,313.0,FW
79,Ibrahim Maza,22,ALG,212.0,39.0,122.0,51.0,153.0,59.0,4.0,59.0,136.0,342.0,MF
80,Gonzalo Plata,27,ECU,174.0,31.0,119.0,24.0,112.0,62.0,3.0,86.0,108.0,362.0,FW
81,Jonathan David,29,CAN,209.0,64.0,117.0,28.0,133.0,76.0,11.0,93.0,97.0,307.0,FW
82,Jamal Musiala,33,GER,180.0,32.0,113.0,35.0,121.0,59.0,6.0,65.0,131.0,288.0,MF
83,Mohamed Salah,34,EGY,197.0,68.0,112.0,17.0,112.0,85.0,5.0,93.0,92.0,339.0,FW
84,Fabian Rieder,35,SUI,172.0,48.0,110.0,14.0,106.0,66.0,7.0,56.0,82.0,232.0,MF
85,Antonio Nusa,35,NOR,149.0,27.0,110.0,12.0,39.0,110.0,1.0,62.0,67.0,234.0,FW
86,Amine Gouiri,41,ALG,188.0,69.0,107.0,12.0,139.0,49.0,3.0,40.0,40.0,137.0,FW
87,Elijah Just,43,NZL,162.0,36.0,101.0,25.0,100.0,62.0,2.0,35.0,72.0,236.0,MF
88,Roberto Alvarado,45,MEX,198.0,57.0,100.0,41.0,74.0,124.0,3.0,82.0,102.0,477.0,FW
89,Brahim Diaz,45,MAR,197.0,68.0,100.0,29.0,103.0,94.0,6.0,86.0,131.0,414.0,FW
90,Tyler Adams,8,USA,200.0,1.0,33.0,166.0,147.0,53.0,0.0,10.0,67.0,482.0,MF
91,Aurelien Tchouameni,13,FRA,178.0,2.0,35.0,141.0,137.0,41.0,1.0,8.0,64.0,537.0,MF
92,Pau Cubarsi,15,ESP,140.0,0.0,0.0,140.0,74.0,66.0,0.0,4.0,74.0,1454.0,DF
93,Lewis Ferguson,16,SCO,210.0,1.0,73.0,136.0,146.0,64.0,0.0,1.0,44.0,427.0,MF
94,Ezri Konsa,17,ENG,144.0,4.0,12.0,128.0,76.0,68.0,3.0,7.0,67.0,979.0,DF
95,Unai Simon,21,ESP,126.0,0.0,0.0,126.0,85.0,41.0,0.0,0.0,12.0,608.0,GK
96,Jefferson Lerma,22,COL,171.0,3.0,44.0,124.0,145.0,26.0,1.0,14.0,90.0,592.0,MF
97,Vitinha,22,POR,195.0,7.0,64.0,124.0,139.0,56.0,0.0,15.0,86.0,838.0,MF
98,Sander Berge,26,NOR,167.0,2.0,48.0,117.0,122.0,45.0,1.0,27.0,116.0,891.0,MF
99,Stephen Eustaquio,27,CAN,212.0,22.0,76.0,114.0,133.0,79.0,1.0,31.0,127.0,618.0,MF
100,Danilo,28,BRA,198.0,45.0,41.0,112.0,35.0,163.0,4.0,21.0,44.0,604.0,DF
101,Frenkie De Jong,31,NED,143.0,2.0,32.0,109.0,106.0,37.0,0.0,8.0,69.0,519.0,MF
102,Nicolas Raskin,33,BEL,166.0,11.0,50.0,105.0,115.0,51.0,2.0,14.0,69.0,498.0,MF
103,Dayot Upamecano,34,FRA,114.0,3.0,7.0,104.0,57.0,57.0,0.0,6.0,92.0,977.0,DF
104,Ayyoub Bouaddi,34,MAR,174.0,19.0,51.0,104.0,117.0,57.0,0.0,19.0,111.0,578.0,MF
105,Hwang Inbeom,37,KOR,177.0,12.0,64.0,101.0,135.0,42.0,3.0,11.0,68.0,459.0,MF
106,Aleksandar Pavlovic,39,GER,158.0,4.0,54.0,100.0,119.0,39.0,0.0,20.0,67.0,548.0,MF
107,Manuel Akanji,39,SUI,108.0,2.0,6.0,100.0,56.0,52.0,1.0,4.0,75.0,999.0,DF
108,Diney Borges,42,CPV,103.0,2.0,2.0,99.0,57.0,46.0,0.0,3.0,42.0,388.0,DF
109,Marc Guehi,42,ENG,103.0,2.0,2.0,99.0,50.0,53.0,0.0,3.0,45.0,1077.0,DF
110,Mohanad Lashin,46,EGY,119.0,2.0,25.0,92.0,61.0,58.0,1.0,11.0,64.0,406.0,MF
111,Torbjorn Heggem,48,NOR,98.0,1.0,9.0,88.0,39.0,59.0,1.0,5.0,49.0,606.0,DF
112,Aymeric Laporte,48,ESP,97.0,6.0,3.0,88.0,43.0,54.0,0.0,5.0,71.0,1378.0,DF
113,Anis Slimane,33,TUN,180.0,57.0,85.0,38.0,149.0,31.0,0.0,30.0,42.0,162.0,MF
114,Matheus Cunha,36,BRA,184.0,53.0,92.0,39.0,146.0,38.0,2.0,46.0,71.0,223.0,FW
115,Morgan Rogers,46,ENG,187.0,72.0,81.0,34.0,138.0,49.0,6.0,59.0,80.0,284.0,MF
116,Johan Mojica,9,COL,171.0,32.0,75.0,64.0,17.0,154.0,4.0,26.0,84.0,435.0,DF
117,Antonee Robinson,15,USA,163.0,52.0,58.0,53.0,17.0,146.0,10.0,49.0,74.0,481.0,DF
118,Alistair Johnston,18,CAN,176.0,53.0,50.0,73.0,39.0,137.0,8.0,47.0,88.0,509.0,DF
119,Josip Stanisic,21,CRO,163.0,41.0,56.0,66.0,30.0,133.0,3.0,22.0,51.0,322.0,DF
120,Djed Spence,21,ENG,169.0,44.0,61.0,64.0,36.0,133.0,10.0,25.0,70.0,439.0,DF
121,Mohamed Hany,21,EGY,166.0,46.0,80.0,40.0,33.0,133.0,9.0,40.0,85.0,601.0,DF
122,Ramin Rezaeian,24,IRN,151.0,29.0,67.0,55.0,19.0,132.0,3.0,19.0,43.0,223.0,DF
123,Keito Nakamura,30,JPN,155.0,52.0,85.0,18.0,32.0,123.0,4.0,56.0,72.0,272.0,MF
124,Timothy Castagne,34,BEL,162.0,67.0,37.0,58.0,43.0,119.0,8.0,30.0,84.0,575.0,DF
125,Nico Oreilly,35,ENG,206.0,46.0,73.0,87.0,88.0,118.0,6.0,33.0,75.0,473.0,DF
126,Ousmane Dembele,38,FRA,195.0,68.0,88.0,39.0,79.0,116.0,11.0,176.0,149.0,734.0,FW
127,Jesus Gallardo,38,MEX,136.0,36.0,56.0,44.0,20.0,116.0,6.0,46.0,58.0,366.0,DF
128,Facundo Medina,42,ARG,151.0,46.0,39.0,66.0,37.0,114.0,5.0,20.0,46.0,328.0,DF
129,Leroy Sane,44,GER,148.0,55.0,73.0,20.0,36.0,112.0,2.0,94.0,122.0,439.0,MF
130,Nicolas Tagliafico,45,ARG,142.0,60.0,41.0,41.0,31.0,111.0,6.0,51.0,42.0,437.0,DF
131,Bukayo Saka,4,ENG,112.0,56.0,41.0,15.0,50.0,62.0,21.0,70.0,62.0,303.0,FW
132,Tajon Buchanan,13,CAN,95.0,55.0,34.0,6.0,25.0,70.0,14.0,73.0,97.0,262.0,FW
133,Denzel Dumfries,15,NED,82.0,40.0,29.0,13.0,18.0,64.0,13.0,44.0,56.0,379.0,DF
134,Viktor Gyokeres,19,SWE,106.0,68.0,36.0,2.0,65.0,41.0,12.0,81.0,82.0,197.0,FW
135,Ali Olwan,19,JOR,63.0,22.0,36.0,5.0,30.0,33.0,12.0,40.0,47.0,147.0,FW
136,Soufiane Rahimi,25,MAR,100.0,69.0,26.0,5.0,78.0,22.0,11.0,32.0,33.0,112.0,FW
137,Konrad Laimer,29,AUT,167.0,57.0,78.0,32.0,76.0,91.0,10.0,42.0,113.0,336.0,MF
138,Ivan Perisic,29,CRO,135.0,67.0,47.0,21.0,34.0,101.0,10.0,44.0,57.0,335.0,FW
139,Enner Valencia,36,ECU,98.0,56.0,35.0,7.0,64.0,34.0,9.0,42.0,43.0,125.0,FW
140,Jose Luis Rodriguez,36,PAN,76.0,31.0,39.0,6.0,34.0,42.0,9.0,43.0,45.0,154.0,MF
141,Nuno Mendes,36,POR,115.0,39.0,53.0,23.0,36.0,79.0,9.0,56.0,85.0,630.0,DF
142,Seol Youngwoo,36,KOR,86.0,42.0,38.0,6.0,42.0,44.0,9.0,40.0,58.0,258.0,DF
143,Saud Abdulhamid,36,KSA,44.0,25.0,12.0,7.0,12.0,32.0,9.0,15.0,50.0,241.0,DF
144,Edmilson Junior,47,QAT,68.0,40.0,25.0,3.0,21.0,47.0,8.0,16.0,38.0,106.0,FW
145,Kenan Yildiz,20,TUR,84.0,38.0,28.0,18.0,30.0,54.0,2.0,92.0,128.0,307.0,FW
146,Jeremy Doku,24,BEL,147.0,51.0,73.0,23.0,58.0,89.0,5.0,88.0,87.0,263.0,FW
147,Yan Diomande,24,CIV,134.0,24.0,92.0,18.0,45.0,89.0,6.0,88.0,106.0,372.0,FW
148,Cody Gakpo,26,NED,103.0,56.0,39.0,8.0,54.0,49.0,5.0,86.0,72.0,257.0,FW
149,Alexander Sorloth,35,NOR,135.0,56.0,78.0,1.0,49.0,86.0,3.0,83.0,88.0,276.0,FW
150,Marcel Sabitzer,41,AUT,121.0,47.0,66.0,8.0,48.0,73.0,7.0,80.0,76.0,324.0,MF
151,Bilal El Khannouss,41,MAR,157.0,49.0,88.0,20.0,61.0,96.0,8.0,80.0,119.0,543.0,MF
152,Rayan,47,BRA,54.0,33.0,19.0,2.0,23.0,31.0,7.0,75.0,76.0,245.0,FW
153,Ruben Vargas,47,SUI,93.0,63.0,26.0,4.0,37.0,56.0,7.0,75.0,44.0,237.0,FW
154,Oscar Bobb,50,NOR,130.0,31.0,89.0,10.0,54.0,76.0,5.0,73.0,64.0,264.0,MF
155,Krepin Diatta,25,SEN,69.0,19.0,23.0,27.0,13.0,56.0,3.0,36.0,126.0,588.0,DF
156,Malik Tillman,33,USA,136.0,28.0,73.0,35.0,93.0,43.0,7.0,68.0,118.0,418.0,MF
157,Jhon Arias,36,COL,167.0,35.0,80.0,52.0,92.0,75.0,2.0,54.0,115.0,530.0,MF
158,Lee Kangin,45,KOR,161.0,12.0,71.0,78.0,62.0,99.0,0.0,42.0,108.0,376.0,MF
159,Nico Elvedi,16,SUI,52.0,1.0,9.0,42.0,27.0,25.0,0.0,4.0,99.0,946.0,DF
160,Lisandro Martinez,17,ARG,63.0,2.0,1.0,60.0,20.0,43.0,0.0,3.0,72.0,936.0,DF
161,Cristian Romero,20,ARG,37.0,6.0,2.0,29.0,24.0,13.0,1.0,4.0,74.0,905.0,DF
162,Gabriel Magalhaes,24,BRA,57.0,3.0,2.0,52.0,25.0,32.0,0.0,2.0,22.0,876.0,DF
163,Brandon Mechele,25,BEL,83.0,5.0,5.0,73.0,37.0,46.0,1.0,9.0,71.0,842.0,DF
164,Ramy Bensebaini,27,ALG,76.0,1.0,1.0,74.0,37.0,39.0,0.0,1.0,69.0,814.0,DF
165,Jonathan Tah,28,GER,52.0,2.0,1.0,49.0,37.0,15.0,0.0,4.0,59.0,794.0,DF
166,Marquinhos,30,BRA,59.0,3.0,2.0,54.0,32.0,27.0,0.0,3.0,30.0,785.0,DF
167,Joshua Kimmich,31,GER,100.0,6.0,21.0,73.0,45.0,55.0,1.0,10.0,73.0,778.0,DF
168,Aissa Mandi,32,ALG,33.0,3.0,4.0,26.0,13.0,20.0,0.0,1.0,27.0,774.0,DF
169,Davinson Sanchez,34,COL,59.0,0.0,1.0,58.0,22.0,37.0,0.0,8.0,53.0,755.0,DF
170,Jan Paul Van Hecke,39,NED,43.0,2.0,3.0,38.0,13.0,30.0,0.0,5.0,48.0,739.0,DF
171,Virgil Van Dijk,41,NED,35.0,0.0,1.0,34.0,17.0,18.0,1.0,4.0,40.0,718.0,DF
172,Renato Veiga,42,POR,45.0,2.0,0.0,43.0,15.0,30.0,0.0,3.0,34.0,713.0,DF
173,Issa Diop,46,MAR,34.0,1.0,1.0,32.0,9.0,25.0,0.0,4.0,27.0,676.0,DF
174,William Saliba,47,FRA,59.0,1.0,0.0,58.0,29.0,30.0,1.0,2.0,27.0,659.0,DF
175,Moises Caicedo,49,ECU,148.0,7.0,58.0,83.0,110.0,38.0,0.0,24.0,64.0,640.0,MF
176,Fares Chaibi,59,ALG,202.0,38.0,84.0,80.0,121.0,81.0,4.0,46.0,102.0,535.0,MF
177,Lucas Paqueta,67,BRA,192.0,22.0,89.0,81.0,110.0,82.0,1.0,20.0,78.0,412.0,MF
178,Patrick Berg,76,NOR,178.0,35.0,79.0,64.0,123.0,55.0,1.0,39.0,83.0,386.0,MF
179,Christian Pulisic,79,USA,177.0,57.0,90.0,30.0,80.0,97.0,4.0,47.0,66.0,211.0,FW
180,Fredrik Aursnes,79,NOR,177.0,44.0,68.0,65.0,78.0,99.0,3.0,24.0,55.0,375.0,MF
181,Thiago Almada,90,ARG,170.0,41.0,85.0,44.0,122.0,48.0,1.0,52.0,89.0,368.0,FW
182,Tijjani Reijnders,99,NED,165.0,51.0,68.0,46.0,118.0,47.0,3.0,26.0,35.0,166.0,MF
183,Sergino Dest,53,USA,140.0,70.0,48.0,22.0,63.0,77.0,4.0,54.0,53.0,248.0,DF
184,Ricardo Pepi,54,USA,129.0,69.0,53.0,7.0,104.0,25.0,2.0,40.0,42.0,103.0,FW
185,Ismaila Sarr,57,SEN,127.0,68.0,51.0,8.0,96.0,31.0,7.0,73.0,102.0,213.0,FW
186,Ermedin Demirovic,62,BIH,106.0,67.0,31.0,8.0,82.0,24.0,3.0,36.0,53.0,112.0,FW
187,Ante Budimir,65,CRO,76.0,65.0,10.0,1.0,68.0,8.0,1.0,14.0,16.0,37.0,FW
188,Baris Alper Yilmaz,65,TUR,103.0,65.0,34.0,4.0,47.0,56.0,8.0,43.0,49.0,119.0,FW
189,Alexander Isak,68,SWE,134.0,64.0,66.0,4.0,105.0,29.0,7.0,57.0,69.0,194.0,FW
190,Juan Manuel Sanabria,68,URU,102.0,64.0,29.0,9.0,28.0,74.0,7.0,30.0,53.0,230.0,MF
191,Nico Williams,71,ESP,106.0,63.0,34.0,9.0,44.0,62.0,5.0,49.0,34.0,139.0,FW
192,Salem Aldawsari,74,KSA,104.0,61.0,33.0,10.0,50.0,54.0,3.0,50.0,64.0,193.0,FW
193,Nathaniel Brown,76,GER,152.0,60.0,55.0,37.0,62.0,90.0,8.0,41.0,65.0,304.0,DF
194,Federico Vinas,79,URU,106.0,58.0,42.0,6.0,80.0,26.0,4.0,21.0,29.0,82.0,FW
195,Aaron Wan Bissaka,79,COD,141.0,58.0,48.0,35.0,39.0,102.0,5.0,19.0,54.0,287.0,DF
196,Kerem Akturkoglu,82,TUR,71.0,57.0,12.0,2.0,66.0,5.0,2.0,18.0,20.0,45.0,FW
197,Iqraam Rayners,82,RSA,75.0,57.0,17.0,1.0,51.0,24.0,5.0,25.0,28.0,62.0,FW
198,Joao Felix,88,POR,137.0,56.0,58.0,23.0,95.0,42.0,7.0,49.0,72.0,162.0,FW
199,Mikel Merino,96,ESP,150.0,54.0,78.0,18.0,102.0,48.0,5.0,38.0,58.0,227.0,MF
200,Jorge Sanchez,96,MEX,136.0,54.0,43.0,39.0,31.0,105.0,3.0,25.0,38.0,270.0,DF
201,Rafik Belghali,96,ALG,97.0,54.0,27.0,16.0,42.0,55.0,7.0,31.0,83.0,406.0,DF
202,Mehdi Taremi,99,IRN,94.0,53.0,29.0,12.0,63.0,31.0,3.0,55.0,69.0,185.0,FW
203,Ali Alhamadi,99,IRQ,100.0,53.0,45.0,2.0,79.0,21.0,5.0,23.0,33.0,90.0,FW
204,Noah Sadiki,50,COD,148.0,9.0,96.0,43.0,109.0,39.0,0.0,20.0,47.0,242.0,MF
205,Hannibal Mejbri,55,TUN,150.0,25.0,93.0,32.0,73.0,77.0,3.0,30.0,75.0,289.0,MF
206,Hans Vanaken,59,BEL,156.0,20.0,90.0,46.0,111.0,45.0,2.0,46.0,77.0,362.0,MF
207,Connor Metcalfe,61,AUS,140.0,34.0,89.0,17.0,80.0,60.0,2.0,37.0,64.0,199.0,MF
208,Junya Ito,70,JPN,143.0,36.0,86.0,21.0,80.0,63.0,4.0,45.0,54.0,215.0,MF
209,James Rodriguez,75,COL,157.0,24.0,84.0,49.0,75.0,82.0,3.0,52.0,76.0,509.0,MF
210,Ryan Mendes,75,CPV,151.0,52.0,84.0,15.0,50.0,101.0,0.0,35.0,51.0,211.0,FW
211,Gilberto Mora,79,MEX,148.0,34.0,83.0,31.0,96.0,52.0,2.0,37.0,52.0,209.0,MF
212,Akmal Mozgovoy,83,UZB,115.0,10.0,80.0,25.0,84.0,31.0,1.0,16.0,40.0,182.0,MF
213,Samuel Moutoussamy,87,COD,146.0,8.0,79.0,59.0,109.0,37.0,1.0,14.0,62.0,320.0,MF
214,Tahith Chong,91,CUW,116.0,31.0,78.0,7.0,73.0,43.0,4.0,38.0,78.0,169.0,MF
215,Sarpreet Singh,95,NZL,139.0,39.0,77.0,23.0,65.0,74.0,1.0,54.0,63.0,196.0,MF
216,David Moller Wolfe,100,NOR,164.0,45.0,73.0,46.0,62.0,102.0,4.0,26.0,76.0,382.0,DF
217,Paik Seungho,51,KOR,134.0,4.0,43.0,87.0,92.0,42.0,1.0,10.0,67.0,317.0,MF
218,Yasser Ibrahim,53,EGY,89.0,0.0,3.0,86.0,50.0,39.0,0.0,3.0,25.0,533.0,DF
219,Ao Tanaka,54,JPN,119.0,2.0,33.0,84.0,103.0,16.0,0.0,7.0,38.0,331.0,MF
220,Reece James,54,ENG,161.0,25.0,52.0,84.0,61.0,100.0,4.0,25.0,43.0,400.0,DF
221,Jordan Pickford,54,ENG,84.0,0.0,0.0,84.0,58.0,26.0,0.0,0.0,6.0,505.0,GK
222,Idrissa Gana Gueye,59,SEN,142.0,6.0,54.0,82.0,103.0,39.0,2.0,11.0,86.0,578.0,MF
223,Teboho Mokoena,60,RSA,144.0,13.0,50.0,81.0,89.0,55.0,1.0,12.0,87.0,428.0,MF
224,Luka Modric,62,CRO,141.0,14.0,47.0,80.0,114.0,27.0,1.0,13.0,50.0,509.0,MF
225,Kaishu Sano,64,JPN,124.0,6.0,39.0,79.0,93.0,31.0,2.0,6.0,42.0,287.0,MF
226,Nicolas Seiwald,64,AUT,138.0,14.0,45.0,79.0,96.0,42.0,1.0,10.0,57.0,339.0,MF
227,Ramy Rabia,67,EGY,85.0,4.0,4.0,77.0,48.0,37.0,1.0,1.0,23.0,525.0,DF
228,Erik Lira,69,MEX,139.0,4.0,59.0,76.0,105.0,34.0,1.0,11.0,46.0,425.0,MF
229,Chadi Riad,70,MAR,77.0,0.0,3.0,74.0,48.0,29.0,0.0,2.0,22.0,464.0,DF
230,Manuel Ugarte,75,URU,93.0,1.0,20.0,72.0,73.0,20.0,0.0,4.0,61.0,296.0,MF
231,Edson Alvarez,76,MEX,103.0,3.0,29.0,71.0,69.0,34.0,0.0,3.0,36.0,324.0,DF
232,Casemiro,76,BRA,114.0,6.0,37.0,71.0,85.0,29.0,2.0,15.0,79.0,487.0,MF
233,Aiden Oneill,76,AUS,138.0,6.0,61.0,71.0,103.0,35.0,1.0,23.0,103.0,388.0,MF
234,Yasin Ayari,80,SWE,148.0,21.0,59.0,68.0,111.0,37.0,2.0,28.0,85.0,278.0,MF
235,Sebastian Berhalter,81,USA,114.0,6.0,41.0,67.0,83.0,31.0,0.0,8.0,51.0,307.0,MF
236,Marko Stamenic,82,NZL,98.0,6.0,26.0,66.0,66.0,32.0,0.0,9.0,53.0,364.0,MF
237,Kristoffer Ajer,82,NOR,72.0,4.0,2.0,66.0,44.0,28.0,0.0,4.0,39.0,590.0,DF
238,Nabil Bentaleb,82,ALG,92.0,1.0,25.0,66.0,73.0,19.0,0.0,7.0,56.0,589.0,MF
239,Alexander Schlager,89,AUT,64.0,0.0,0.0,64.0,48.0,16.0,0.0,0.0,2.0,247.0,GK
240,Alex Freeman,89,USA,108.0,10.0,34.0,64.0,20.0,88.0,4.0,22.0,76.0,591.0,DF
241,Andres Andrade,89,PAN,91.0,3.0,24.0,64.0,21.0,70.0,1.0,2.0,71.0,380.0,DF
242,Sphephelo Sithole,89,RSA,115.0,3.0,48.0,64.0,85.0,30.0,0.0,11.0,47.0,288.0,MF
243,Lee Gihyuk,97,KOR,70.0,0.0,7.0,63.0,21.0,49.0,0.0,2.0,71.0,500.0,MF
244,Manu Kone,97,FRA,90.0,3.0,24.0,63.0,63.0,27.0,1.0,12.0,96.0,586.0,MF
245,Xaver Schlager,100,AUT,112.0,2.0,48.0,62.0,92.0,20.0,0.0,8.0,61.0,301.0,MF
246,Luis Romo,65,MEX,153.0,41.0,70.0,42.0,119.0,34.0,2.0,21.0,62.0,242.0,MF
247,Rodrigo Bentancur,76,URU,140.0,23.0,57.0,60.0,111.0,29.0,1.0,24.0,82.0,396.0,MF
248,Harry Kane,76,ENG,134.0,44.0,64.0,26.0,111.0,23.0,6.0,70.0,81.0,276.0,FW
249,Yoane Wissa,94,COD,127.0,52.0,64.0,11.0,103.0,24.0,3.0,50.0,81.0,195.0,FW
250,Guillermo Varela,74,URU,115.0,33.0,49.0,33.0,24.0,91.0,4.0,26.0,34.0,271.0,DF
251,Rayan Ait Nouri,76,ALG,129.0,42.0,52.0,35.0,39.0,90.0,4.0,51.0,83.0,451.0,DF
252,Ricardo Rodriguez,76,SUI,108.0,42.0,39.0,27.0,18.0,90.0,4.0,44.0,82.0,603.0,DF
253,Kerim Alajbegovic,81,BIH,115.0,33.0,63.0,19.0,27.0,88.0,2.0,50.0,77.0,241.0,FW
254,Ali Ahmed,84,CAN,124.0,50.0,60.0,14.0,37.0,87.0,5.0,45.0,45.0,188.0,FW
255,Amir Murillo,85,PAN,101.0,35.0,46.0,20.0,15.0,86.0,5.0,26.0,67.0,260.0,DF
256,Martin Experience,89,HAI,116.0,41.0,45.0,30.0,32.0,84.0,1.0,25.0,47.0,243.0,DF
257,Andreas Schjelderup,89,NOR,107.0,25.0,69.0,13.0,23.0,84.0,4.0,70.0,58.0,250.0,MF
258,Lucas Digne,92,FRA,115.0,53.0,34.0,28.0,32.0,83.0,6.0,38.0,51.0,601.0,DF
259,Stefan Posch,92,AUT,96.0,30.0,47.0,19.0,13.0,83.0,4.0,26.0,88.0,274.0,DF
260,Piero Hincapie,96,ECU,111.0,39.0,35.0,37.0,30.0,81.0,7.0,33.0,57.0,419.0,DF
261,Ali Abdi,96,TUN,102.0,46.0,48.0,8.0,21.0,81.0,5.0,17.0,35.0,153.0,DF
262,Maxim De Cuyper,47,BEL,125.0,47.0,46.0,32.0,47.0,78.0,8.0,38.0,68.0,541.0,DF
263,Phillip Mwene,47,AUT,33.0,10.0,13.0,10.0,5.0,28.0,8.0,21.0,16.0,149.0,DF
264,Joao Cancelo,47,POR,117.0,41.0,40.0,36.0,42.0,75.0,8.0,44.0,66.0,406.0,DF
265,Erling Haaland,47,NOR,73.0,51.0,22.0,0.0,59.0,14.0,8.0,64.0,68.0,171.0,FW
266,Trezeguet,47,EGY,78.0,33.0,28.0,17.0,35.0,43.0,8.0,41.0,52.0,204.0,FW
267,Nicolas Pepe,47,CIV,136.0,51.0,64.0,21.0,88.0,48.0,8.0,59.0,57.0,267.0,FW
268,Ange Yoan Bonny,65,CIV,71.0,51.0,20.0,0.0,63.0,8.0,7.0,36.0,49.0,92.0,FW
269,Anthony Elanga,65,SWE,110.0,47.0,56.0,7.0,40.0,70.0,7.0,39.0,59.0,192.0,FW
270,Jordan Bos,65,AUS,76.0,27.0,37.0,12.0,26.0,50.0,7.0,41.0,93.0,286.0,DF
271,Douglas Santos,65,BRA,86.0,31.0,30.0,25.0,25.0,61.0,7.0,43.0,78.0,571.0,DF
272,Giuliano Simeone,81,ARG,85.0,36.0,40.0,9.0,25.0,60.0,6.0,48.0,48.0,194.0,FW
273,Marco Pasalic,81,CRO,42.0,21.0,17.0,4.0,9.0,33.0,6.0,33.0,32.0,115.0,FW
274,Francisco Conceicao,81,POR,75.0,35.0,36.0,4.0,19.0,56.0,6.0,53.0,56.0,173.0,FW
275,Romano Schmid,81,AUT,131.0,45.0,71.0,15.0,81.0,50.0,6.0,46.0,76.0,220.0,MF
276,Crysencio Summerville,81,NED,80.0,39.0,28.0,13.0,40.0,40.0,6.0,46.0,62.0,182.0,FW
277,Petar Sucic,81,CRO,164.0,44.0,73.0,47.0,98.0,66.0,6.0,43.0,62.0,294.0,MF
278,Khuliso Mudau,81,RSA,62.0,30.0,25.0,7.0,17.0,45.0,6.0,17.0,64.0,394.0,DF
279,Eldor Shomurodov,58,UZB,97.0,45.0,45.0,7.0,69.0,28.0,1.0,68.0,58.0,175.0,FW
280,Cristian Volpato,75,AUS,75.0,17.0,52.0,6.0,43.0,32.0,1.0,58.0,70.0,188.0,FW
281,Denis Zakaria,80,SUI,57.0,26.0,20.0,11.0,18.0,39.0,4.0,56.0,68.0,411.0,MF
282,Chris Wood,86,NZL,108.0,48.0,59.0,1.0,77.0,31.0,0.0,54.0,55.0,119.0,FW
283,Martin Baturina,90,CRO,119.0,40.0,62.0,17.0,59.0,60.0,3.0,53.0,74.0,240.0,MF
284,John Yeboah,93,ECU,114.0,39.0,55.0,20.0,43.0,71.0,3.0,52.0,86.0,262.0,FW
285,Pape Gueye,59,SEN,107.0,13.0,51.0,43.0,79.0,28.0,2.0,16.0,99.0,369.0,MF
286,Lamine Camara,63,SEN,141.0,32.0,63.0,46.0,101.0,40.0,2.0,25.0,98.0,307.0,MF
287,Sead Kolasinac,71,BIH,54.0,25.0,13.0,16.0,14.0,40.0,5.0,23.0,93.0,370.0,DF
288,Ryan Gravenberch,83,NED,130.0,29.0,62.0,39.0,89.0,41.0,3.0,32.0,87.0,308.0,MF
289,Mateo Kovacic,86,CRO,88.0,4.0,27.0,57.0,60.0,28.0,1.0,15.0,86.0,442.0,MF
290,Tim Ream,55,USA,19.0,0.0,1.0,18.0,6.0,13.0,0.0,1.0,38.0,622.0,DF
291,Jhon Lucumi,59,COL,24.0,0.0,1.0,23.0,5.0,19.0,0.0,4.0,40.0,605.0,DF
292,Chris Richards,65,USA,32.0,2.0,1.0,29.0,21.0,11.0,0.0,1.0,39.0,597.0,DF
293,Moussa Niakhate,73,SEN,58.0,2.0,1.0,55.0,29.0,29.0,0.0,5.0,56.0,585.0,DF
294,Ime Okon,74,RSA,52.0,1.0,2.0,49.0,14.0,38.0,0.0,3.0,46.0,582.0,DF
295,Josip Sutalo,81,CRO,41.0,0.0,2.0,39.0,22.0,19.0,0.0,2.0,43.0,570.0,DF
296,Noussair Mazraoui,82,MAR,36.0,7.0,12.0,17.0,15.0,21.0,3.0,7.0,44.0,560.0,DF
297,Abdulkerim Bardakci,95,TUR,25.0,2.0,1.0,22.0,11.0,14.0,1.0,2.0,24.0,516.0,DF
298,Antonio Ruediger,96,GER,11.0,0.0,1.0,10.0,5.0,6.0,0.0,2.0,19.0,514.0,DF
299,Ruben Dias,97,POR,31.0,0.0,1.0,30.0,19.0,12.0,0.0,1.0,36.0,510.0,DF
300,Son Heungmin,110,KOR,97.0,51.0,34.0,12.0,70.0,27.0,6.0,35.0,50.0,142.0,FW
301,Jordan Ayew,110,GHA,86.0,51.0,28.0,7.0,58.0,28.0,4.0,37.0,45.0,124.0,FW
302,Ibrahim Bayesh,119,IRQ,90.0,50.0,35.0,5.0,42.0,48.0,2.0,24.0,42.0,128.0,MF
303,Odeh Fakhoury,124,JOR,84.0,48.0,33.0,3.0,49.0,35.0,3.0,9.0,19.0,53.0,FW
304,Mousa Altamari,128,JOR,81.0,47.0,25.0,9.0,50.0,31.0,6.0,33.0,45.0,102.0,FW
305,Aymen Hussein,128,IRQ,78.0,47.0,28.0,3.0,59.0,19.0,1.0,20.0,18.0,43.0,FW
306,Jose Fajardo,128,PAN,56.0,47.0,9.0,0.0,44.0,12.0,1.0,19.0,16.0,50.0,FW
307,Juergen Locadia,128,CUW,67.0,47.0,20.0,0.0,44.0,23.0,2.0,42.0,42.0,108.0,FW
308,Lawrence Shankland,135,SCO,97.0,46.0,45.0,6.0,80.0,17.0,1.0,29.0,30.0,83.0,FW
309,Esmir Bajraktarevic,140,BIH,106.0,45.0,48.0,13.0,40.0,66.0,5.0,35.0,61.0,180.0,FW
310,Abbosbek Fayzullaev,140,UZB,104.0,45.0,52.0,7.0,64.0,40.0,0.0,30.0,33.0,102.0,MF
311,Ayoub El Kaabi,140,MAR,59.0,45.0,12.0,2.0,39.0,20.0,2.0,10.0,14.0,31.0,FW
312,Antoine Semenyo,140,GHA,92.0,45.0,33.0,14.0,54.0,38.0,3.0,44.0,50.0,176.0,MF
313,Cyle Larin,149,CAN,76.0,44.0,21.0,11.0,48.0,28.0,1.0,29.0,34.0,74.0,FW
314,Jamiro Monteiro,100,CPV,105.0,12.0,73.0,20.0,69.0,36.0,0.0,17.0,65.0,259.0,MF
315,Edgar Yoel Barcenas,119,PAN,120.0,9.0,66.0,45.0,86.0,34.0,1.0,13.0,49.0,239.0,MF
316,Johan Manzambi,119,SUI,115.0,37.0,66.0,12.0,82.0,33.0,5.0,36.0,57.0,153.0,MF
317,Laros Duarte,123,CPV,82.0,7.0,65.0,10.0,62.0,20.0,3.0,16.0,34.0,106.0,MF
318,Djibril Sow,131,SUI,112.0,26.0,63.0,23.0,59.0,53.0,4.0,19.0,50.0,215.0,MF
319,Brian Gutierrez,131,MEX,125.0,33.0,63.0,29.0,82.0,43.0,4.0,29.0,38.0,153.0,MF
320,Zidane Iqbal,137,IRQ,114.0,0.0,61.0,53.0,92.0,22.0,0.0,8.0,28.0,268.0,MF
321,Ruben Providence,137,HAI,100.0,31.0,61.0,8.0,44.0,56.0,4.0,27.0,47.0,144.0,FW
322,Franck Kessie,142,CIV,130.0,27.0,59.0,44.0,101.0,29.0,4.0,31.0,83.0,413.0,MF
323,Otabek Shukurov,142,UZB,115.0,2.0,59.0,54.0,80.0,35.0,0.0,8.0,56.0,252.0,MF
324,Pavel Sulc,142,CZE,100.0,39.0,59.0,2.0,55.0,45.0,4.0,36.0,47.0,129.0,FW
325,Raul Rangel,101,MEX,62.0,1.0,0.0,61.0,42.0,20.0,0.0,0.0,7.0,317.0,GK
326,Ronwen Williams,104,RSA,60.0,0.0,0.0,60.0,42.0,18.0,0.0,0.0,8.0,443.0,GK
327,Gregor Kobel,104,SUI,60.0,0.0,0.0,60.0,32.0,28.0,0.0,0.0,10.0,472.0,GK
328,Finn Surman,104,NZL,60.0,0.0,0.0,60.0,21.0,39.0,0.0,4.0,24.0,310.0,DF
329,Pico Lopes,111,CPV,66.0,2.0,6.0,58.0,24.0,42.0,0.0,3.0,38.0,384.0,DF
330,Emiliano Martinez,111,ARG,58.0,0.0,0.0,58.0,34.0,24.0,0.0,0.0,2.0,508.0,GK
331,Nasser Aldawsari,117,KSA,90.0,3.0,31.0,56.0,56.0,34.0,0.0,12.0,60.0,240.0,MF
332,Ivan Basic,122,BIH,77.0,2.0,22.0,53.0,58.0,19.0,0.0,7.0,37.0,234.0,MF
333,Camilo Vargas,122,COL,53.0,0.0,0.0,53.0,30.0,23.0,0.0,0.0,3.0,368.0,GK
334,Hiroki Ito,122,JPN,81.0,9.0,19.0,53.0,16.0,65.0,1.0,11.0,46.0,417.0,DF
335,Benjamin Tahirovic,127,BIH,99.0,5.0,42.0,52.0,69.0,30.0,2.0,8.0,47.0,238.0,MF
336,Sofyan Amrabat,132,MAR,62.0,2.0,10.0,50.0,50.0,12.0,0.0,3.0,20.0,217.0,MF
337,Jean Ricner Bellegarde,137,HAI,109.0,8.0,53.0,48.0,82.0,27.0,0.0,17.0,58.0,299.0,MF
338,Mike Maignan,137,FRA,48.0,0.0,0.0,48.0,34.0,14.0,0.0,0.0,8.0,429.0,GK
339,John Stones,140,ENG,50.0,2.0,1.0,47.0,31.0,19.0,0.0,3.0,17.0,382.0,DF
340,Noor Alrawabdeh,143,JOR,85.0,4.0,35.0,46.0,63.0,22.0,0.0,10.0,69.0,253.0,MF
341,Joe Bell,148,NZL,94.0,0.0,49.0,45.0,69.0,25.0,0.0,8.0,47.0,309.0,MF
342,Jack Hendry,148,SCO,48.0,0.0,3.0,45.0,20.0,28.0,0.0,2.0,20.0,352.0,DF
343,Aubrey Modiba,106,RSA,96.0,27.0,48.0,21.0,19.0,77.0,2.0,26.0,54.0,308.0,DF
344,Yan Valery,112,TUN,80.0,38.0,33.0,9.0,5.0,75.0,4.0,28.0,35.0,163.0,DF
345,Vladimir Coufal,112,CZE,86.0,42.0,29.0,15.0,11.0,75.0,3.0,27.0,44.0,252.0,DF
346,Sidny Lopes Cabral,122,CPV,83.0,18.0,48.0,17.0,12.0,71.0,2.0,16.0,54.0,234.0,DF
347,Ibrahim Mbaye,128,SEN,95.0,36.0,38.0,21.0,26.0,69.0,4.0,41.0,58.0,176.0,FW
348,Rafael Leao,132,POR,76.0,20.0,48.0,8.0,10.0,66.0,4.0,43.0,63.0,205.0,FW
349,Merchas Doski,132,IRQ,88.0,15.0,45.0,28.0,22.0,66.0,1.0,11.0,58.0,298.0,DF
350,Ismail Jakobs,139,SEN,90.0,40.0,28.0,22.0,25.0,65.0,6.0,36.0,40.0,236.0,DF
351,Haissem Hassan,139,EGY,76.0,4.0,37.0,35.0,11.0,65.0,2.0,8.0,9.0,109.0,FW
352,Amad Diallo,142,CIV,95.0,34.0,40.0,21.0,31.0,64.0,3.0,48.0,62.0,193.0,FW
353,Richie Laryea,81,CAN,110.0,42.0,39.0,29.0,48.0,62.0,6.0,28.0,76.0,428.0,DF
354,Jacob Shaffelburg,81,CAN,62.0,30.0,23.0,9.0,12.0,50.0,6.0,25.0,25.0,137.0,MF
355,Mohamed Toure,81,AUS,25.0,18.0,7.0,0.0,16.0,9.0,6.0,17.0,25.0,53.0,FW
356,Nestory Irankunda,81,AUS,55.0,34.0,20.0,1.0,36.0,19.0,6.0,43.0,51.0,124.0,FW
357,Mehdi Ghayedi,111,IRN,6.0,3.0,3.0,0.0,4.0,2.0,5.0,7.0,11.0,29.0,FW
358,Theo Hernandez,111,FRA,67.0,28.0,24.0,15.0,29.0,38.0,5.0,13.0,36.0,326.0,DF
359,Deniz Undav,111,GER,19.0,12.0,7.0,0.0,13.0,6.0,5.0,27.0,30.0,85.0,FW
360,Thomas Meunier,111,BEL,84.0,38.0,22.0,24.0,29.0,55.0,5.0,23.0,34.0,243.0,DF
361,Marko Arnautovic,111,AUT,25.0,17.0,8.0,0.0,19.0,6.0,5.0,25.0,30.0,75.0,FW
362,Julio Enciso,111,PAR,90.0,38.0,41.0,11.0,43.0,47.0,5.0,50.0,81.0,201.0,FW
363,Gonzalo Montiel,111,ARG,75.0,37.0,26.0,12.0,22.0,53.0,5.0,23.0,39.0,208.0,DF
364,Raphinha,111,BRA,86.0,39.0,41.0,6.0,40.0,46.0,5.0,28.0,37.0,120.0,FW
365,Silvan Widmer,111,SUI,56.0,20.0,21.0,15.0,14.0,42.0,5.0,9.0,29.0,159.0,DF
366,Ben Gannon Doak,111,SCO,74.0,39.0,24.0,11.0,21.0,53.0,5.0,30.0,44.0,142.0,FW
367,Khojiakbar Alijonov,111,UZB,16.0,6.0,9.0,1.0,1.0,15.0,5.0,19.0,41.0,103.0,DF
368,Ghislain Konan,111,CIV,62.0,19.0,25.0,18.0,14.0,48.0,5.0,13.0,60.0,313.0,DF
369,Brian Cipenga,106,COD,45.0,29.0,11.0,5.0,15.0,30.0,3.0,49.0,48.0,154.0,FW
370,Ritsu Doan,128,JPN,97.0,42.0,41.0,14.0,45.0,52.0,2.0,44.0,65.0,222.0,MF
371,Nilson Angulo,135,ECU,65.0,28.0,26.0,11.0,22.0,43.0,2.0,43.0,55.0,193.0,FW
372,Mohammad Mohebbi,135,IRN,95.0,41.0,41.0,13.0,36.0,59.0,3.0,43.0,61.0,159.0,MF
373,Donyell Malen,144,NED,82.0,40.0,30.0,12.0,46.0,36.0,4.0,42.0,38.0,107.0,FW
374,Matias Galarza,114,PAR,87.0,24.0,47.0,16.0,35.0,52.0,3.0,35.0,80.0,280.0,MF
375,Ibrahim Sangare,117,CIV,54.0,2.0,20.0,32.0,38.0,16.0,0.0,9.0,78.0,391.0,MF
376,Guela Doue,139,CIV,85.0,29.0,38.0,18.0,26.0,59.0,3.0,28.0,73.0,343.0,DF
377,Juninho Bacuna,147,CUW,45.0,13.0,27.0,5.0,25.0,20.0,4.0,36.0,71.0,201.0,MF
378,Willian Pacho,108,ECU,45.0,0.0,0.0,45.0,29.0,16.0,0.0,1.0,37.0,488.0,DF
379,Johan Vasquez,110,MEX,50.0,3.0,8.0,39.0,21.0,29.0,0.0,5.0,29.0,485.0,DF
380,Mathias Olivera,113,URU,36.0,8.0,8.0,20.0,14.0,22.0,1.0,10.0,40.0,480.0,DF
381,Nathan Ngoy,114,BEL,27.0,0.0,1.0,26.0,12.0,15.0,0.0,0.0,33.0,477.0,DF
382,Mbekezeli Mbokazi,120,RSA,29.0,5.0,6.0,18.0,13.0,16.0,0.0,4.0,29.0,466.0,DF
383,Kim Minjae,123,KOR,33.0,0.0,0.0,33.0,20.0,13.0,0.0,2.0,43.0,459.0,DF
384,Alessandro Circati,128,AUS,55.0,4.0,10.0,41.0,16.0,39.0,0.0,9.0,63.0,448.0,DF
385,David Alaba,132,AUT,40.0,3.0,7.0,30.0,17.0,23.0,0.0,4.0,54.0,441.0,DF
386,Gustaf Lagerbielke,138,SWE,46.0,0.0,8.0,38.0,11.0,35.0,0.0,11.0,35.0,433.0,DF
387,Victor Lindelof,139,SWE,35.0,0.0,3.0,32.0,18.0,17.0,0.0,4.0,24.0,430.0,DF
388,Marin Pongracic,145,CRO,17.0,2.0,1.0,14.0,11.0,6.0,0.0,2.0,28.0,423.0,DF
389,Hakan Calhanoglu,146,TUR,79.0,8.0,27.0,44.0,53.0,26.0,2.0,9.0,54.0,420.0,MF
390,Scott Mctominay,189,SCO,117.0,37.0,45.0,35.0,71.0,46.0,0.0,32.0,64.0,226.0,MF
391,Dailon Livramento,154,CPV,66.0,43.0,23.0,0.0,53.0,13.0,2.0,18.0,23.0,55.0,FW
392,Thapelo Maseko,154,RSA,84.0,43.0,37.0,4.0,42.0,42.0,3.0,40.0,49.0,152.0,FW
393,Houssem Aouar,154,ALG,106.0,43.0,46.0,17.0,62.0,44.0,4.0,29.0,55.0,185.0,MF
394,Chemsdine Talbi,159,MAR,84.0,42.0,31.0,11.0,25.0,59.0,3.0,25.0,34.0,144.0,MF
395,Dodi Lukebakio,178,BEL,83.0,39.0,26.0,18.0,30.0,53.0,1.0,34.0,32.0,154.0,FW
396,Josue Casimir,178,HAI,71.0,39.0,29.0,3.0,35.0,36.0,2.0,20.0,46.0,121.0,FW
397,Amar Memic,189,BIH,67.0,38.0,19.0,10.0,22.0,45.0,0.0,20.0,40.0,135.0,MF
398,Felix Nmecha,189,GER,113.0,38.0,47.0,28.0,73.0,40.0,3.0,26.0,66.0,313.0,MF
399,Elye Wahi,196,CIV,56.0,37.0,19.0,0.0,49.0,7.0,3.0,24.0,22.0,55.0,FW
400,Ahmed Qasem,196,IRQ,52.0,37.0,14.0,1.0,31.0,21.0,2.0,11.0,21.0,47.0,FW
401,Callum Mccowatt,158,NZL,110.0,32.0,55.0,23.0,59.0,51.0,3.0,22.0,53.0,205.0,MF
402,Benjamin Nygren,158,SWE,81.0,16.0,55.0,10.0,51.0,30.0,1.0,17.0,33.0,119.0,MF
403,Akram Afif,162,QAT,83.0,23.0,54.0,6.0,42.0,41.0,2.0,40.0,69.0,217.0,FW
404,Musab Aljuwayr,162,KSA,79.0,20.0,54.0,5.0,43.0,36.0,1.0,28.0,49.0,173.0,MF
405,Miguel Almiron,167,PAR,82.0,13.0,53.0,16.0,32.0,50.0,2.0,26.0,54.0,183.0,MF
406,Michel Aebischer,171,SUI,99.0,24.0,52.0,23.0,59.0,40.0,2.0,27.0,30.0,173.0,MF
407,Giovanni Reyna,185,USA,82.0,9.0,49.0,24.0,53.0,29.0,1.0,31.0,59.0,192.0,MF
408,Orkun Kokcu,188,TUR,105.0,20.0,48.0,37.0,73.0,32.0,2.0,23.0,41.0,204.0,MF
409,Mahmoud Almardi,188,JOR,80.0,28.0,48.0,4.0,49.0,31.0,4.0,17.0,37.0,105.0,FW
410,Danley Jean Jacques,152,HAI,73.0,2.0,27.0,44.0,36.0,37.0,0.0,11.0,30.0,243.0,MF
411,Kevin Pina,152,CPV,71.0,1.0,26.0,44.0,53.0,18.0,0.0,5.0,66.0,359.0,MF
412,Ivan Sunjic,152,BIH,57.0,0.0,13.0,44.0,41.0,16.0,0.0,5.0,41.0,221.0,MF
413,Zaid Ismael,159,IRQ,73.0,2.0,28.0,43.0,60.0,13.0,0.0,7.0,32.0,150.0,MF
414,Ellyes Skhiri,159,TUN,63.0,2.0,18.0,43.0,53.0,10.0,0.0,7.0,20.0,230.0,MF
415,Alvaro Fidalgo,167,MEX,90.0,9.0,40.0,41.0,39.0,51.0,0.0,16.0,15.0,172.0,MF
416,Nicolas Otamendi,167,ARG,44.0,3.0,0.0,41.0,18.0,26.0,0.0,3.0,22.0,383.0,DF
417,Axel Tuanzebe,167,COD,48.0,2.0,5.0,41.0,30.0,18.0,0.0,0.0,49.0,314.0,DF
418,Grant Hanley,167,SCO,41.0,0.0,0.0,41.0,12.0,29.0,0.0,1.0,14.0,206.0,DF
419,Hamdy Fathy,175,EGY,55.0,5.0,10.0,40.0,22.0,33.0,0.0,9.0,33.0,274.0,MF
420,Amir Alammari,175,IRQ,80.0,5.0,35.0,40.0,49.0,31.0,1.0,6.0,40.0,261.0,MF
421,Lee Hanbeom,178,KOR,53.0,6.0,8.0,39.0,3.0,50.0,1.0,10.0,33.0,403.0,DF
422,Orjan Nyland,178,NOR,39.0,0.0,0.0,39.0,25.0,14.0,0.0,0.0,2.0,370.0,GK
423,Jesper Karlstrom,178,SWE,63.0,2.0,22.0,39.0,41.0,22.0,0.0,4.0,20.0,79.0,MF
424,Carlos Harvey,178,PAN,94.0,10.0,45.0,39.0,63.0,31.0,3.0,23.0,57.0,255.0,DF
425,Christ Inao Oulai,178,CIV,76.0,1.0,36.0,39.0,37.0,39.0,0.0,22.0,58.0,286.0,MF
426,Jackson Irvine,190,AUS,100.0,19.0,43.0,38.0,69.0,31.0,2.0,25.0,67.0,279.0,MF
427,Kim Seunggyu,190,KOR,38.0,0.0,0.0,38.0,27.0,11.0,0.0,0.0,7.0,230.0,GK
428,Thibaut Courtois,190,BEL,38.0,0.0,0.0,38.0,29.0,9.0,0.0,0.0,3.0,372.0,GK
429,Gabriel Martinelli,190,BRA,110.0,30.0,42.0,38.0,71.0,39.0,2.0,11.0,32.0,151.0,FW
430,Nikola Katic,190,BIH,39.0,0.0,1.0,38.0,10.0,29.0,0.0,4.0,37.0,345.0,DF
431,Saeid Ezatolahi,198,IRN,60.0,1.0,22.0,37.0,50.0,10.0,0.0,6.0,40.0,227.0,MF
432,Ladislav Krejci,198,CZE,44.0,4.0,3.0,37.0,18.0,26.0,1.0,9.0,43.0,333.0,DF
433,Paul Wanner,153,AUT,100.0,31.0,40.0,29.0,76.0,24.0,3.0,23.0,63.0,191.0,MF
434,Thalente Mbatha,179,RSA,86.0,15.0,38.0,33.0,65.0,21.0,1.0,12.0,38.0,222.0,MF
435,Gavi,197,ESP,89.0,27.0,45.0,17.0,61.0,28.0,1.0,22.0,25.0,78.0,MF
436,Liberato Cacace,153,NZL,74.0,31.0,34.0,9.0,13.0,61.0,1.0,25.0,42.0,197.0,DF
437,Zeki Celik,153,TUR,74.0,24.0,19.0,31.0,13.0,61.0,3.0,7.0,29.0,164.0,DF
438,Ferdi Kadioglu,153,TUR,97.0,30.0,33.0,34.0,36.0,61.0,2.0,32.0,41.0,353.0,DF
439,Aziz Behich,153,AUS,69.0,24.0,30.0,15.0,8.0,61.0,4.0,17.0,45.0,178.0,DF
440,Cesar Blackman,153,PAN,68.0,10.0,47.0,11.0,7.0,61.0,1.0,23.0,51.0,172.0,DF
441,Gideon Mensah,169,GHA,61.0,15.0,23.0,23.0,4.0,57.0,2.0,7.0,35.0,378.0,DF
442,Mohannad Abutaha,169,JOR,76.0,25.0,36.0,15.0,19.0,57.0,2.0,25.0,64.0,213.0,MF
443,Ahmed Fatouh,173,EGY,77.0,19.0,25.0,33.0,21.0,56.0,2.0,23.0,57.0,370.0,DF
444,Liam Millar,173,CAN,75.0,36.0,35.0,4.0,19.0,56.0,4.0,33.0,26.0,166.0,MF
445,Ehsan Haddad,189,JOR,57.0,11.0,30.0,16.0,3.0,54.0,0.0,23.0,48.0,167.0,DF
446,Behruzjon Karimov,193,UZB,60.0,8.0,42.0,10.0,7.0,53.0,1.0,12.0,30.0,125.0,DF
447,Marcus Holmgren Pedersen,148,NOR,62.0,25.0,18.0,19.0,15.0,47.0,4.0,15.0,33.0,213.0,DF
448,David Raum,148,GER,54.0,27.0,14.0,13.0,18.0,36.0,4.0,13.0,15.0,134.0,DF
449,Nuno Da Costa,148,CPV,49.0,32.0,16.0,1.0,32.0,17.0,4.0,31.0,33.0,71.0,MF
450,Shahriyar Moghanloo,148,IRN,19.0,13.0,6.0,0.0,15.0,4.0,4.0,22.0,17.0,66.0,FW
451,Milad Mohammadi,148,IRN,57.0,31.0,18.0,8.0,20.0,37.0,4.0,12.0,26.0,174.0,DF
452,Lee Jaesung,148,KOR,66.0,18.0,38.0,10.0,43.0,23.0,4.0,28.0,40.0,137.0,MF
453,Sultan Albrake,148,QAT,38.0,14.0,10.0,14.0,10.0,28.0,4.0,8.0,11.0,89.0,DF
454,Moteb Alharbi,148,KSA,49.0,18.0,19.0,12.0,20.0,29.0,4.0,8.0,25.0,168.0,DF
455,Yukinari Sugawara,148,JPN,40.0,13.0,20.0,7.0,12.0,28.0,4.0,18.0,32.0,153.0,DF
456,Ali Jasim,148,IRQ,55.0,16.0,32.0,7.0,21.0,34.0,4.0,23.0,39.0,96.0,FW
457,Adam Hlozek,148,CZE,44.0,20.0,20.0,4.0,32.0,12.0,4.0,26.0,31.0,70.0,FW
458,Edin Dzeko,148,BIH,55.0,16.0,33.0,6.0,40.0,15.0,4.0,22.0,36.0,111.0,FW
459,Darwin Nunez,148,URU,36.0,30.0,6.0,0.0,27.0,9.0,4.0,26.0,25.0,65.0,FW
460,Cristian Martinez,148,PAN,73.0,28.0,34.0,11.0,30.0,43.0,4.0,37.0,42.0,188.0,MF
461,Iliman Ndiaye,166,SEN,67.0,17.0,36.0,14.0,33.0,34.0,3.0,38.0,49.0,137.0,FW
462,Feras Albrikan,166,KSA,51.0,27.0,23.0,1.0,33.0,18.0,2.0,38.0,41.0,108.0,FW
463,John Mcginn,186,SCO,52.0,11.0,39.0,2.0,25.0,27.0,2.0,35.0,41.0,161.0,MF
464,Kevin Rodriguez,186,ECU,49.0,33.0,15.0,1.0,38.0,11.0,3.0,35.0,35.0,79.0,FW
465,Relebohile Mofokeng,194,RSA,56.0,18.0,34.0,4.0,37.0,19.0,3.0,34.0,22.0,130.0,FW
466,Juan Jose Caceres,177,PAR,55.0,19.0,17.0,19.0,8.0,47.0,0.0,15.0,66.0,270.0,DF
467,Diego Gomez,195,PAR,84.0,10.0,43.0,31.0,58.0,26.0,0.0,21.0,63.0,247.0,MF
468,Harry Souttar,155,AUS,32.0,3.0,2.0,27.0,20.0,12.0,0.0,6.0,46.0,409.0,DF
469,Luc De Fougerolles,159,CAN,43.0,6.0,4.0,33.0,25.0,18.0,2.0,7.0,32.0,404.0,DF
470,Jose Cordoba,169,PAN,35.0,0.0,2.0,33.0,23.0,12.0,0.0,4.0,29.0,387.0,DF
471,Yassine Bounou,172,MAR,32.0,0.0,0.0,32.0,18.0,14.0,0.0,0.0,9.0,383.0,GK
472,Derek Cornelius,177,CAN,14.0,2.0,2.0,10.0,6.0,8.0,1.0,8.0,35.0,379.0,DF
473,Sebastian Caceres,183,URU,31.0,1.0,0.0,30.0,18.0,13.0,0.0,4.0,20.0,373.0,DF
474,Arthur Masuaku,194,COD,60.0,6.0,31.0,23.0,11.0,49.0,0.0,12.0,38.0,363.0,DF
475,Cesar Montes,197,MEX,26.0,2.0,1.0,23.0,13.0,13.0,1.0,3.0,23.0,361.0,DF
476,Arthur Theate,200,BEL,22.0,0.0,0.0,22.0,8.0,14.0,0.0,3.0,40.0,353.0,DF
477,Endrick,202,BRA,51.0,36.0,12.0,3.0,44.0,7.0,2.0,18.0,20.0,57.0,FW
478,Santiago Gimenez,202,MEX,52.0,36.0,16.0,0.0,34.0,18.0,3.0,19.0,19.0,41.0,FW
479,Habib Diarra,202,SEN,68.0,36.0,19.0,13.0,52.0,16.0,1.0,15.0,33.0,133.0,MF
480,Oh Hyeongyu,211,KOR,65.0,35.0,27.0,3.0,52.0,13.0,3.0,22.0,26.0,62.0,FW
481,Yunus Akgun,211,TUR,71.0,35.0,29.0,7.0,36.0,35.0,0.0,24.0,24.0,117.0,FW
482,Jorgen Strand Larsen,217,NOR,52.0,34.0,16.0,2.0,47.0,5.0,1.0,21.0,26.0,54.0,FW
483,Che Adams,217,SCO,63.0,34.0,26.0,3.0,56.0,7.0,3.0,9.0,16.0,41.0,FW
484,Wilson Isidor,217,HAI,55.0,34.0,18.0,3.0,44.0,11.0,1.0,18.0,22.0,64.0,FW
485,Petar Musa,225,CRO,43.0,33.0,9.0,1.0,38.0,5.0,0.0,10.0,13.0,29.0,FW
486,Evidence Makgopa,232,RSA,43.0,32.0,10.0,1.0,35.0,8.0,3.0,30.0,28.0,77.0,FW
487,Lee Taeseok,232,KOR,56.0,32.0,20.0,4.0,18.0,38.0,3.0,14.0,20.0,103.0,DF
488,Lukas Provod,239,CZE,50.0,31.0,15.0,4.0,24.0,26.0,2.0,24.0,20.0,109.0,MF
489,Lenny Joseph,239,HAI,50.0,31.0,17.0,2.0,39.0,11.0,1.0,28.0,28.0,61.0,FW
490,Nico Paz,202,ARG,73.0,7.0,47.0,19.0,50.0,23.0,0.0,12.0,51.0,125.0,FW
491,Livano Comenencia,226,CUW,69.0,6.0,42.0,21.0,50.0,19.0,1.0,11.0,44.0,160.0,MF
492,Sebastian Tounekti,231,TUN,62.0,19.0,41.0,2.0,46.0,16.0,1.0,13.0,15.0,46.0,MF
493,Nizar Alrashdan,231,JOR,63.0,7.0,41.0,15.0,36.0,27.0,0.0,12.0,42.0,204.0,MF
494,Jassem Gaber,231,QAT,61.0,5.0,41.0,15.0,47.0,14.0,0.0,5.0,18.0,69.0,DF
495,Lukas Cerv,198,CZE,67.0,2.0,28.0,37.0,54.0,13.0,0.0,4.0,18.0,97.0,MF
496,Andres Cubas,198,PAR,57.0,0.0,20.0,37.0,48.0,9.0,0.0,7.0,56.0,285.0,MF
497,Ramiz Zerrouki,205,ALG,56.0,8.0,12.0,36.0,39.0,17.0,1.0,4.0,37.0,226.0,MF
498,Mohamed Amine Ben Hmida,205,TUN,38.0,2.0,0.0,36.0,12.0,26.0,0.0,1.0,18.0,208.0,DF
499,Moise Bombito,208,CAN,38.0,2.0,1.0,35.0,19.0,19.0,1.0,1.0,22.0,236.0,DF
500,Vozinha,208,CPV,35.0,0.0,0.0,35.0,19.0,16.0,0.0,0.0,7.0,299.0,GK
501,Lucas Herrington,216,AUS,34.0,0.0,0.0,34.0,7.0,27.0,0.0,3.0,41.0,232.0,DF
502,Mahmoud Saber,216,EGY,50.0,2.0,14.0,34.0,26.0,24.0,0.0,3.0,10.0,80.0,MF
503,Nathan Saliba,216,CAN,51.0,4.0,13.0,34.0,32.0,19.0,2.0,8.0,40.0,206.0,MF
504,Jonas Adjetey,225,GHA,33.0,0.0,0.0,33.0,18.0,15.0,0.0,2.0,11.0,251.0,DF
505,Thomas Partey,232,GHA,40.0,0.0,8.0,32.0,33.0,7.0,0.0,8.0,31.0,324.0,MF
506,Kwasi Sibo,232,GHA,46.0,2.0,12.0,32.0,42.0,4.0,0.0,7.0,28.0,204.0,MF
507,Israel Reyes,232,MEX,51.0,7.0,12.0,32.0,9.0,42.0,1.0,2.0,28.0,206.0,DF
508,Chancel Mbemba,232,COD,35.0,2.0,1.0,32.0,12.0,23.0,0.0,11.0,35.0,340.0,DF
509,Alireza Beiranvand,232,IRN,32.0,0.0,0.0,32.0,18.0,14.0,0.0,0.0,4.0,185.0,GK
510,Shoja Khalilzadeh,244,IRN,32.0,0.0,1.0,31.0,22.0,10.0,0.0,3.0,17.0,297.0,DF
511,Gabriel Gudmundsson,244,SWE,51.0,10.0,10.0,31.0,10.0,41.0,1.0,11.0,44.0,282.0,DF
512,Kenny Mclean,249,SCO,56.0,2.0,24.0,30.0,42.0,14.0,1.0,4.0,21.0,137.0,MF
513,Ismail Yuksek,249,TUR,48.0,7.0,11.0,30.0,35.0,13.0,2.0,4.0,33.0,249.0,MF
514,Eberechi Eze,214,ENG,71.0,22.0,31.0,18.0,57.0,14.0,2.0,32.0,57.0,222.0,MF
515,Andy Robertson,204,SCO,59.0,17.0,27.0,15.0,8.0,51.0,2.0,24.0,42.0,316.0,DF
516,Amar Dedic,233,BIH,56.0,23.0,19.0,14.0,11.0,45.0,1.0,3.0,40.0,204.0,DF
517,Nathan Patterson,233,SCO,55.0,10.0,19.0,26.0,10.0,45.0,0.0,10.0,21.0,222.0,DF
518,Federico Valverde,233,URU,82.0,24.0,33.0,25.0,37.0,45.0,3.0,32.0,60.0,281.0,MF
519,Mert Muldur,242,TUR,52.0,20.0,24.0,8.0,8.0,44.0,2.0,27.0,26.0,173.0,DF
520,Santiago Arias,148,COL,28.0,17.0,7.0,4.0,5.0,23.0,4.0,9.0,16.0,95.0,DF
521,Brenden Aaronson,148,USA,42.0,17.0,22.0,3.0,27.0,15.0,4.0,18.0,14.0,67.0,FW
522,Brian Rodriguez,206,URU,40.0,16.0,18.0,6.0,2.0,38.0,3.0,19.0,18.0,77.0,FW
523,Jhon Cordoba,206,COL,31.0,22.0,9.0,0.0,25.0,6.0,3.0,13.0,9.0,32.0,FW
524,Angelo Preciado,206,ECU,29.0,11.0,10.0,8.0,4.0,25.0,3.0,16.0,22.0,106.0,DF
525,Timothy Weah,206,USA,26.0,11.0,12.0,3.0,10.0,16.0,3.0,18.0,24.0,80.0,FW
526,Pervis Estupinan,206,ECU,48.0,24.0,13.0,11.0,22.0,26.0,3.0,23.0,19.0,130.0,DF
527,Karim Hafez,206,EGY,49.0,7.0,21.0,21.0,10.0,39.0,3.0,5.0,44.0,232.0,DF
528,Anass Salah Eddine,206,MAR,43.0,11.0,8.0,24.0,11.0,32.0,3.0,10.0,55.0,338.0,DF
529,Marvin Senaya,206,GHA,55.0,17.0,11.0,27.0,12.0,43.0,3.0,10.0,25.0,201.0,DF
530,Abdul Fatawu,206,GHA,45.0,19.0,23.0,3.0,4.0,41.0,3.0,24.0,38.0,90.0,FW
531,Zizo,206,EGY,45.0,14.0,21.0,10.0,19.0,26.0,3.0,13.0,12.0,68.0,FW
532,Bazoumana Toure,206,CIV,32.0,16.0,16.0,0.0,8.0,24.0,3.0,13.0,22.0,69.0,FW
533,Micky Van De Ven,206,NED,18.0,8.0,2.0,8.0,5.0,13.0,3.0,11.0,24.0,242.0,DF
534,Nelson Semedo,206,POR,52.0,18.0,25.0,9.0,26.0,26.0,3.0,7.0,26.0,196.0,DF
535,Rayan Cherki,222,FRA,58.0,10.0,36.0,12.0,45.0,13.0,3.0,29.0,50.0,227.0,MF
536,Alexis Saelemaekers,222,BEL,74.0,23.0,37.0,14.0,40.0,34.0,2.0,29.0,18.0,106.0,MF
537,Willy Semedo,229,CPV,61.0,29.0,28.0,4.0,23.0,38.0,1.0,28.0,33.0,105.0,MF
538,Alexander Bernhardsson,229,SWE,40.0,15.0,15.0,10.0,10.0,30.0,0.0,28.0,36.0,150.0,DF
539,Sasa Kalajdzic,229,AUT,17.0,9.0,8.0,0.0,13.0,4.0,0.0,28.0,17.0,61.0,FW
540,Patrik Schick,241,CZE,44.0,23.0,21.0,0.0,34.0,10.0,0.0,27.0,32.0,75.0,FW
541,Mohammed Abu Alshamat,241,KSA,58.0,15.0,28.0,15.0,28.0,30.0,1.0,27.0,44.0,143.0,DF
542,Nathanael Mbuku,241,COD,45.0,12.0,26.0,7.0,11.0,34.0,0.0,27.0,36.0,134.0,MF
543,Mohamed Kanno,241,KSA,33.0,4.0,15.0,14.0,29.0,4.0,1.0,27.0,56.0,244.0,MF
544,Caleb Yirenkyi,207,GHA,64.0,29.0,18.0,17.0,44.0,20.0,2.0,20.0,61.0,165.0,MF
545,Leandro Bacuna,212,CUW,62.0,5.0,33.0,24.0,41.0,21.0,0.0,24.0,60.0,291.0,MF
546,Julian Ryerson,218,NOR,21.0,3.0,15.0,3.0,7.0,14.0,1.0,26.0,59.0,316.0,FW
547,Kevin Danso,204,AUT,25.0,1.0,2.0,22.0,10.0,15.0,1.0,6.0,28.0,349.0,DF
548,Marcos Llorente,219,ESP,57.0,19.0,16.0,22.0,15.0,42.0,3.0,22.0,35.0,324.0,DF
549,Tarik Muharemovic,219,BIH,11.0,0.0,1.0,10.0,5.0,6.0,0.0,2.0,23.0,324.0,DF
550,Odilon Kossounou,224,CIV,8.0,1.0,0.0,7.0,3.0,5.0,0.0,0.0,22.0,323.0,DF
551,Emmanuel Agbadou,224,CIV,31.0,0.0,6.0,25.0,17.0,14.0,0.0,5.0,31.0,323.0,DF
552,Stjepan Radeljic,228,BIH,7.0,0.0,0.0,7.0,3.0,4.0,0.0,1.0,21.0,318.0,DF
553,Akam Hashim,234,IRQ,20.0,1.0,2.0,17.0,6.0,14.0,1.0,1.0,25.0,313.0,DF
554,Hannes Delcroix,248,HAI,11.0,0.0,2.0,9.0,3.0,8.0,0.0,0.0,16.0,302.0,DF
555,Alan Franco,250,ECU,48.0,11.0,11.0,26.0,14.0,34.0,2.0,7.0,31.0,300.0,MF
556,Nikola Vlasic,251,CRO,67.0,30.0,28.0,9.0,38.0,29.0,1.0,22.0,45.0,105.0,MF
557,Inaki Williams,277,GHA,38.0,26.0,12.0,0.0,17.0,21.0,0.0,23.0,25.0,67.0,FW
558,Brandon Thomas Asante,277,GHA,34.0,26.0,8.0,0.0,23.0,11.0,2.0,8.0,8.0,18.0,FW
559,Bernardo Silva,277,POR,58.0,26.0,12.0,20.0,33.0,25.0,1.0,11.0,17.0,124.0,MF
560,Cedric Itten,277,SUI,28.0,26.0,2.0,0.0,22.0,6.0,1.0,6.0,7.0,19.0,FW
561,Malo Gusto,290,FRA,49.0,24.0,15.0,10.0,10.0,39.0,1.0,18.0,13.0,165.0,DF
562,Yeremy Pino,290,ESP,45.0,24.0,17.0,4.0,22.0,23.0,1.0,26.0,17.0,67.0,FW
563,Hussein Ali,290,IRQ,44.0,24.0,18.0,2.0,3.0,41.0,2.0,10.0,8.0,82.0,DF
564,Anis Hadj Moussa,290,ALG,50.0,24.0,22.0,4.0,15.0,35.0,2.0,20.0,27.0,95.0,FW
565,Gabriel Avalos,290,PAR,25.0,24.0,1.0,0.0,17.0,8.0,1.0,20.0,26.0,52.0,FW
566,Edo Kayembe,262,COD,64.0,7.0,37.0,20.0,42.0,22.0,1.0,18.0,37.0,108.0,MF
567,Alexandr Sojka,269,CZE,66.0,10.0,36.0,20.0,26.0,40.0,0.0,24.0,44.0,155.0,MF
568,Ismael Gharbi,269,TUN,60.0,12.0,36.0,12.0,36.0,24.0,0.0,14.0,21.0,84.0,MF
569,Ngalayel Mukau,279,COD,62.0,11.0,35.0,16.0,39.0,23.0,0.0,19.0,41.0,164.0,MF
570,Steven Moreira,279,CPV,56.0,10.0,35.0,11.0,14.0,42.0,0.0,11.0,39.0,226.0,DF
571,Mauricio,289,PAR,72.0,16.0,34.0,22.0,43.0,29.0,2.0,21.0,48.0,173.0,MF
572,Kamaldeen Sulemana,289,GHA,64.0,19.0,34.0,11.0,21.0,43.0,1.0,12.0,19.0,85.0,FW
573,Karim Boudiaf,289,QAT,58.0,7.0,34.0,17.0,31.0,27.0,0.0,5.0,19.0,143.0,MF
574,Takehiro Tomiyasu,249,JPN,37.0,0.0,7.0,30.0,8.0,29.0,1.0,0.0,10.0,258.0,DF
575,Hicham Boudaoui,249,ALG,71.0,17.0,24.0,30.0,32.0,39.0,1.0,5.0,29.0,186.0,MF
576,Lionel Mpasi,249,COD,30.0,0.0,0.0,30.0,17.0,13.0,0.0,0.0,5.0,248.0,GK
577,Abdullah Alkhaibari,249,KSA,46.0,1.0,15.0,30.0,33.0,13.0,0.0,7.0,30.0,133.0,MF
578,Kou Itakura,261,JPN,29.0,0.0,0.0,29.0,24.0,5.0,0.0,0.0,3.0,222.0,DF
579,Lucas Bergvall,261,SWE,52.0,7.0,16.0,29.0,43.0,9.0,3.0,14.0,40.0,193.0,MF
580,Hernan Galindez,261,ECU,29.0,0.0,0.0,29.0,21.0,8.0,0.0,0.0,2.0,191.0,GK
581,Jean Kevin Duverne,272,HAI,53.0,5.0,20.0,28.0,10.0,43.0,0.0,6.0,21.0,154.0,DF
582,Bart Verbruggen,272,NED,28.0,0.0,0.0,28.0,22.0,6.0,0.0,0.0,0.0,237.0,GK
583,Manuel Neuer,272,GER,28.0,0.0,0.0,28.0,19.0,9.0,0.0,0.0,5.0,256.0,GK
584,Ahmed Fathy,272,QAT,49.0,3.0,18.0,28.0,41.0,8.0,0.0,4.0,14.0,146.0,MF
585,Fernando Muslera,272,URU,28.0,0.0,0.0,28.0,19.0,9.0,0.0,0.0,0.0,144.0,GK
586,Orlando Mosquera,281,PAN,27.0,0.0,0.0,27.0,20.0,7.0,0.0,0.0,2.0,185.0,GK
587,Abdallah Nasib,281,JOR,29.0,0.0,2.0,27.0,1.0,28.0,0.0,1.0,13.0,190.0,DF
588,Michal Sadilek,287,CZE,67.0,15.0,26.0,26.0,35.0,32.0,2.0,16.0,36.0,201.0,MF
589,Michael Boxall,287,NZL,26.0,0.0,0.0,26.0,9.0,17.0,0.0,3.0,18.0,240.0,DF
590,Isak Hien,287,SWE,26.0,0.0,0.0,26.0,19.0,7.0,0.0,1.0,17.0,271.0,DF
591,Amadou Onana,287,BEL,44.0,2.0,16.0,26.0,35.0,9.0,0.0,6.0,29.0,143.0,MF
592,Diogo Costa,287,POR,26.0,0.0,0.0,26.0,15.0,11.0,0.0,0.0,3.0,217.0,GK
593,Montassar Talbi,287,TUN,30.0,2.0,2.0,26.0,11.0,19.0,0.0,2.0,24.0,236.0,DF
594,Pathe Ciss,287,SEN,31.0,0.0,5.0,26.0,24.0,7.0,0.0,2.0,17.0,298.0,MF
595,Ismael Kone,300,CAN,52.0,3.0,24.0,25.0,36.0,16.0,0.0,14.0,38.0,238.0,MF
596,Nicolas De La Cruz,263,URU,69.0,15.0,33.0,21.0,47.0,22.0,1.0,13.0,33.0,130.0,MF
597,Thelo Aasgaard,274,NOR,59.0,9.0,31.0,19.0,44.0,15.0,0.0,14.0,34.0,99.0,MF
598,El Hadji Malick Diouf,255,SEN,53.0,17.0,17.0,19.0,11.0,42.0,1.0,16.0,23.0,194.0,DF
599,Kieran Tierney,285,SCO,47.0,14.0,22.0,11.0,8.0,39.0,1.0,17.0,20.0,113.0,DF
600,Ollie Watkins,206,ENG,28.0,22.0,6.0,0.0,17.0,11.0,3.0,13.0,10.0,31.0,FW
601,Eren Elmali,206,TUR,26.0,12.0,11.0,3.0,11.0,15.0,3.0,8.0,30.0,121.0,DF
602,Farrukh Sayfiev,206,UZB,5.0,2.0,2.0,1.0,1.0,4.0,3.0,4.0,13.0,29.0,DF
603,Jacob Italiano,206,AUS,44.0,19.0,22.0,3.0,17.0,27.0,3.0,25.0,24.0,116.0,DF
604,Pedro Miguel,206,QAT,26.0,8.0,4.0,14.0,13.0,13.0,3.0,3.0,29.0,172.0,DF
605,Castrop Jens,206,KOR,19.0,4.0,15.0,0.0,3.0,16.0,3.0,13.0,12.0,65.0,DF
606,Meschack Elia,206,COD,14.0,6.0,8.0,0.0,3.0,11.0,3.0,12.0,9.0,41.0,FW
607,Eom Jisung,282,KOR,15.0,7.0,6.0,2.0,4.0,11.0,2.0,5.0,3.0,23.0,MF
608,Adil Boulbina,282,ALG,46.0,20.0,19.0,7.0,13.0,33.0,2.0,6.0,20.0,42.0,FW
609,Nadhir Benbouali,282,ALG,12.0,7.0,3.0,2.0,11.0,1.0,2.0,8.0,13.0,28.0,FW
610,Helio Varela,282,CPV,34.0,20.0,12.0,2.0,9.0,25.0,2.0,24.0,17.0,77.0,MF
611,Marko Farji,282,IRQ,40.0,19.0,19.0,2.0,9.0,31.0,2.0,5.0,17.0,36.0,FW
612,Abdulaziz Hatem,282,QAT,31.0,5.0,13.0,13.0,26.0,5.0,2.0,5.0,20.0,65.0,MF
613,Cho Guesung,282,KOR,16.0,11.0,5.0,0.0,10.0,6.0,2.0,8.0,7.0,19.0,FW
614,Abdulelah Alamri,282,KSA,30.0,4.0,2.0,24.0,15.0,15.0,2.0,2.0,15.0,212.0,DF
615,Deveron Fonville,263,CUW,17.0,5.0,8.0,4.0,3.0,14.0,0.0,9.0,53.0,151.0,DF
616,Deroy Duarte,275,CPV,56.0,11.0,29.0,16.0,41.0,15.0,1.0,14.0,51.0,228.0,MF
617,Philipp Lienhart,258,AUT,21.0,0.0,1.0,20.0,10.0,11.0,0.0,1.0,18.0,295.0,DF
618,Ricardo Ade,260,HAI,13.0,1.0,0.0,12.0,10.0,3.0,0.0,2.0,22.0,293.0,DF
619,Nikola Vasilj,277,BIH,18.0,0.0,0.0,18.0,13.0,5.0,0.0,0.0,11.0,279.0,GK
620,Merih Demiral,286,TUR,36.0,17.0,4.0,15.0,19.0,17.0,2.0,10.0,26.0,273.0,DF
621,Nico Schlotterbeck,287,GER,22.0,0.0,1.0,21.0,5.0,17.0,0.0,6.0,33.0,272.0,DF
622,Alisson,295,BRA,19.0,0.0,0.0,19.0,14.0,5.0,0.0,0.0,0.0,266.0,GK
623,Ali Nemati,296,IRN,28.0,3.0,1.0,24.0,12.0,16.0,1.0,4.0,22.0,265.0,DF
624,Maxence Lacroix,299,FRA,23.0,1.0,2.0,20.0,11.0,12.0,0.0,0.0,10.0,262.0,DF
625,Michael Gregoritsch,303,AUT,35.0,23.0,12.0,0.0,25.0,10.0,1.0,21.0,25.0,62.0,FW
626,Jesse Randall,303,NZL,46.0,23.0,21.0,2.0,20.0,26.0,2.0,6.0,16.0,50.0,FW
627,Firas Chaouat,310,TUN,25.0,22.0,3.0,0.0,20.0,5.0,1.0,5.0,5.0,14.0,FW
628,Gessime Yassine,317,MAR,45.0,21.0,15.0,9.0,21.0,24.0,0.0,17.0,31.0,91.0,MF
629,Louicius Deedson,317,HAI,41.0,21.0,16.0,4.0,15.0,26.0,0.0,14.0,14.0,54.0,FW
630,Jovane Cabral,317,CPV,57.0,21.0,32.0,4.0,29.0,28.0,0.0,21.0,24.0,84.0,MF
631,Gilson Benchimol,323,CPV,35.0,20.0,15.0,0.0,24.0,11.0,1.0,7.0,12.0,26.0,FW
632,Guillermo Martinez,323,MEX,35.0,20.0,14.0,1.0,32.0,3.0,0.0,14.0,16.0,35.0,FW
633,Jaouen Hadjam,334,ALG,34.0,19.0,11.0,4.0,16.0,18.0,0.0,10.0,26.0,147.0,DF
634,Memphis Depay,334,NED,35.0,19.0,14.0,2.0,31.0,4.0,0.0,17.0,18.0,39.0,FW
635,Frantzdy Pierrot,334,HAI,28.0,19.0,8.0,1.0,22.0,6.0,1.0,23.0,25.0,48.0,FW
636,Ajdin Hrustic,312,AUS,51.0,14.0,32.0,5.0,27.0,24.0,2.0,15.0,30.0,80.0,FW
637,Elias Saad,312,TUN,45.0,12.0,32.0,1.0,25.0,20.0,2.0,19.0,35.0,76.0,FW
638,Richard Rios,317,COL,64.0,17.0,31.0,16.0,38.0,26.0,2.0,14.0,20.0,130.0,MF
639,Juan Quintero,336,COL,50.0,10.0,28.0,12.0,27.0,23.0,1.0,22.0,35.0,202.0,MF
640,Hwang Heechan,336,KOR,57.0,15.0,28.0,14.0,28.0,29.0,1.0,18.0,29.0,105.0,MF
641,Paul Okon Engstler,300,AUS,52.0,1.0,26.0,25.0,34.0,18.0,0.0,6.0,41.0,204.0,MF
642,Ugurcan Cakir,300,TUR,26.0,0.0,1.0,25.0,13.0,13.0,0.0,0.0,2.0,185.0,GK
643,Shogo Taniguchi,300,JPN,28.0,1.0,2.0,25.0,17.0,11.0,1.0,0.0,20.0,245.0,DF
644,Mohammad Abualnadi,309,JOR,26.0,0.0,2.0,24.0,4.0,22.0,0.0,1.0,10.0,60.0,DF
645,Teun Koopmeiners,317,NED,44.0,8.0,13.0,23.0,29.0,15.0,0.0,4.0,7.0,127.0,MF
646,Niko Sigur,317,CAN,44.0,4.0,17.0,23.0,26.0,18.0,2.0,9.0,36.0,149.0,DF
647,Issa Laye,317,QAT,32.0,1.0,8.0,23.0,15.0,17.0,0.0,5.0,22.0,202.0,DF
648,Nathan Ake,331,NED,28.0,1.0,5.0,22.0,5.0,23.0,0.0,3.0,17.0,253.0,DF
649,Fabinho,331,BRA,34.0,0.0,12.0,22.0,29.0,5.0,0.0,1.0,11.0,93.0,MF
650,Dominique Simon,341,HAI,47.0,2.0,24.0,21.0,34.0,13.0,1.0,2.0,11.0,64.0,MF
651,Warren Zaire Emery,341,FRA,41.0,5.0,15.0,21.0,28.0,13.0,0.0,6.0,15.0,155.0,MF
652,Angus Gunn,341,SCO,21.0,0.0,0.0,21.0,15.0,6.0,0.0,0.0,3.0,224.0,GK
653,Rustam Ashurmatov,341,UZB,21.0,0.0,0.0,21.0,2.0,19.0,0.0,0.0,22.0,243.0,DF
654,Max Crocombe,341,NZL,21.0,0.0,0.0,21.0,13.0,8.0,0.0,0.0,0.0,185.0,GK
655,Besfort Zeneli,340,SWE,53.0,12.0,24.0,17.0,36.0,17.0,1.0,10.0,18.0,86.0,MF
656,Mateo Chavez,315,MEX,50.0,9.0,27.0,14.0,14.0,36.0,0.0,6.0,5.0,49.0,DF
657,Joshua Brenet,315,CUW,44.0,18.0,20.0,6.0,8.0,36.0,1.0,10.0,32.0,121.0,DF
658,Joe Scally,339,USA,43.0,11.0,17.0,15.0,10.0,33.0,2.0,10.0,25.0,122.0,DF
659,Wagner Pina,345,CPV,46.0,18.0,22.0,6.0,14.0,32.0,2.0,10.0,13.0,87.0,DF
660,Fiston Mayele,282,COD,21.0,13.0,8.0,0.0,17.0,4.0,2.0,16.0,18.0,35.0,FW
661,Tsuyoshi Watanabe,282,JPN,13.0,6.0,0.0,7.0,5.0,8.0,2.0,3.0,4.0,74.0,DF
662,Elisha Owusu,282,GHA,36.0,8.0,9.0,19.0,23.0,13.0,2.0,7.0,41.0,134.0,MF
663,Promise David,282,CAN,22.0,15.0,7.0,0.0,18.0,4.0,2.0,18.0,18.0,46.0,FW
664,Ernest Nuamah,282,GHA,22.0,7.0,12.0,3.0,12.0,10.0,2.0,15.0,27.0,74.0,FW
665,Derrick Etienne,282,HAI,10.0,7.0,1.0,2.0,4.0,6.0,2.0,5.0,1.0,19.0,FW
666,Tshepang Moremi,282,RSA,14.0,8.0,4.0,2.0,4.0,10.0,2.0,4.0,5.0,20.0,FW
667,Oumar Diakite,282,CIV,9.0,3.0,5.0,1.0,5.0,4.0,2.0,12.0,14.0,46.0,FW
668,Tyrese Noslin,282,CUW,12.0,4.0,5.0,3.0,2.0,10.0,2.0,4.0,10.0,25.0,FW
669,Jearl Margaritha,282,CUW,17.0,11.0,6.0,0.0,9.0,8.0,2.0,7.0,9.0,19.0,FW
670,Auston Trusty,282,USA,18.0,3.0,5.0,10.0,3.0,15.0,2.0,5.0,11.0,108.0,DF
671,Jaminton Campaz,282,COL,37.0,16.0,21.0,0.0,16.0,21.0,2.0,13.0,14.0,59.0,FW
672,Antonio Sanabria,282,PAR,5.0,3.0,2.0,0.0,4.0,1.0,2.0,12.0,9.0,26.0,FW
673,Alan Minda,282,ECU,32.0,16.0,16.0,0.0,12.0,20.0,2.0,10.0,14.0,43.0,MF
674,Alexis Vega,282,MEX,12.0,5.0,4.0,3.0,7.0,5.0,2.0,3.0,6.0,25.0,FW
675,Igor Matanovic,307,CRO,36.0,15.0,19.0,2.0,33.0,3.0,0.0,22.0,16.0,44.0,FW
676,Saman Ghoddos,329,IRN,41.0,7.0,15.0,19.0,30.0,11.0,1.0,20.0,38.0,162.0,MF
677,Dostonbek Khamdamov,329,UZB,32.0,17.0,13.0,2.0,22.0,10.0,1.0,20.0,22.0,92.0,MF
678,Azizjon Ganiev,341,UZB,35.0,7.0,23.0,5.0,13.0,22.0,2.0,19.0,28.0,138.0,MF
679,Junior Alonso,297,PAR,21.0,2.0,6.0,13.0,2.0,19.0,1.0,8.0,48.0,233.0,DF
680,Wilfried Singo,335,CIV,29.0,4.0,7.0,18.0,6.0,23.0,1.0,5.0,43.0,203.0,DF
681,Sherel Floranus,343,CUW,33.0,10.0,11.0,12.0,14.0,19.0,0.0,8.0,42.0,232.0,DF
682,Redouane Halhal,303,MAR,13.0,0.0,0.0,13.0,1.0,12.0,0.0,0.0,37.0,260.0,DF
683,Jiovany Ramos,306,PAN,24.0,2.0,3.0,19.0,8.0,16.0,0.0,1.0,16.0,258.0,DF
684,Derrick Luckassen,310,GHA,4.0,0.0,0.0,4.0,1.0,3.0,1.0,1.0,12.0,256.0,DF
685,Robin Hranac,320,CZE,11.0,2.0,1.0,8.0,6.0,5.0,0.0,1.0,13.0,249.0,DF
686,Jerome Opoku,326,GHA,16.0,0.0,2.0,14.0,9.0,7.0,0.0,0.0,14.0,246.0,DF
687,Mostafa Shoubir,335,EGY,17.0,0.0,0.0,17.0,11.0,6.0,0.0,0.0,2.0,242.0,GK
688,Joel Ordonez,344,ECU,11.0,0.0,1.0,10.0,6.0,5.0,0.0,1.0,19.0,239.0,DF
689,Orlando Gill,347,PAR,16.0,0.0,0.0,16.0,12.0,4.0,0.0,0.0,7.0,238.0,GK
690,Andrej Kramaric,350,CRO,47.0,18.0,22.0,7.0,32.0,15.0,0.0,10.0,9.0,47.0,FW
691,Garry Rodrigues,350,CPV,29.0,18.0,11.0,0.0,16.0,13.0,0.0,13.0,11.0,40.0,MF
692,Hamza Abdelkarim,360,EGY,21.0,17.0,4.0,0.0,17.0,4.0,1.0,6.0,6.0,30.0,FW
693,Elias Achouri,360,TUN,31.0,17.0,13.0,1.0,16.0,15.0,0.0,3.0,10.0,33.0,FW
694,Ivan Toney,360,ENG,40.0,17.0,19.0,4.0,33.0,7.0,1.0,12.0,17.0,52.0,FW
695,Ben Old,360,NZL,35.0,17.0,13.0,5.0,17.0,18.0,1.0,12.0,24.0,75.0,MF
696,Simon Banza,360,COD,24.0,17.0,7.0,0.0,20.0,4.0,1.0,4.0,7.0,14.0,FW
697,Alireza Jahanbakhsh,377,IRN,35.0,16.0,13.0,6.0,20.0,15.0,1.0,6.0,10.0,30.0,MF
698,Deiver Machado,377,COL,36.0,16.0,17.0,3.0,7.0,29.0,1.0,9.0,7.0,52.0,DF
699,Oston Urunov,377,UZB,25.0,16.0,7.0,2.0,15.0,10.0,0.0,9.0,8.0,27.0,MF
700,Kristian Thorstvedt,377,NOR,46.0,16.0,22.0,8.0,31.0,15.0,1.0,12.0,25.0,62.0,MF
701,Matias Fernandez Pardo,389,BEL,21.0,15.0,5.0,1.0,8.0,13.0,2.0,18.0,9.0,43.0,FW
702,Igor Thiago,389,BRA,16.0,15.0,1.0,0.0,12.0,4.0,0.0,9.0,7.0,21.0,FW
703,Sontje Hansen,389,CUW,21.0,15.0,6.0,0.0,13.0,8.0,1.0,7.0,7.0,20.0,FW
704,Youssef Amyn,389,IRQ,26.0,15.0,10.0,1.0,18.0,8.0,0.0,5.0,8.0,16.0,MF
705,Azizbek Amonov,389,UZB,24.0,15.0,7.0,2.0,17.0,7.0,1.0,4.0,9.0,17.0,FW
706,Carlens Arcus,368,HAI,41.0,11.0,25.0,5.0,10.0,31.0,0.0,11.0,10.0,124.0,DF
707,Kalidou Koulibaly,341,SEN,23.0,1.0,1.0,21.0,13.0,10.0,0.0,0.0,18.0,189.0,DF
708,Zion Suzuki,358,JPN,20.0,0.0,0.0,20.0,14.0,6.0,0.0,0.0,1.0,204.0,GK
709,Giovani Lo Celso,358,ARG,46.0,4.0,22.0,20.0,31.0,15.0,0.0,7.0,27.0,108.0,MF
710,Salih Ozcan,358,TUR,27.0,1.0,6.0,20.0,23.0,4.0,0.0,1.0,30.0,133.0,MF
711,Jurien Gaari,373,CUW,21.0,0.0,2.0,19.0,11.0,10.0,0.0,3.0,24.0,114.0,DF
712,Samir El Mourabet,373,MAR,50.0,10.0,21.0,19.0,34.0,16.0,0.0,13.0,35.0,231.0,MF
713,Florian Grillitsch,373,AUT,31.0,2.0,10.0,19.0,22.0,9.0,0.0,3.0,16.0,133.0,MF
714,Abduvohid Nematov,389,UZB,18.0,0.0,0.0,18.0,13.0,5.0,0.0,0.0,3.0,106.0,GK
715,Mory Diaw,389,SEN,18.0,0.0,0.0,18.0,14.0,4.0,0.0,0.0,1.0,166.0,GK
716,Edouard Mendy,389,SEN,18.0,0.0,0.0,18.0,15.0,3.0,0.0,0.0,2.0,132.0,GK
717,Pape Matar Sarr,389,SEN,36.0,6.0,12.0,18.0,24.0,12.0,1.0,4.0,13.0,106.0,MF
718,Rani Khedira,389,TUN,35.0,11.0,17.0,7.0,31.0,4.0,1.0,5.0,19.0,74.0,MF
719,Jayden Adams,389,RSA,40.0,10.0,19.0,11.0,31.0,9.0,0.0,11.0,20.0,92.0,MF
720,Cucho Hernandez,282,COL,14.0,12.0,2.0,0.0,11.0,3.0,2.0,14.0,16.0,29.0,FW
721,Oguz Aydin,282,TUR,15.0,10.0,4.0,1.0,6.0,9.0,2.0,15.0,27.0,94.0,FW
722,Tete Yengi,282,AUS,11.0,6.0,5.0,0.0,6.0,5.0,2.0,8.0,8.0,17.0,FW
723,Jaroslav Zeleny,282,CZE,21.0,8.0,11.0,2.0,6.0,15.0,2.0,15.0,11.0,105.0,DF
724,Kai Trewin,282,AUS,18.0,3.0,10.0,5.0,2.0,16.0,2.0,7.0,14.0,73.0,DF
725,Zeki Amdouni,282,SUI,15.0,10.0,5.0,0.0,13.0,2.0,2.0,16.0,16.0,46.0,FW
726,Tim Payne,282,NZL,31.0,10.0,12.0,9.0,5.0,26.0,2.0,11.0,41.0,191.0,DF
727,Leon Goretzka,282,GER,27.0,12.0,9.0,6.0,19.0,8.0,2.0,11.0,19.0,80.0,MF
728,Justin Kluivert,282,NED,29.0,13.0,14.0,2.0,15.0,14.0,2.0,3.0,5.0,18.0,MF
729,Jamie Leweling,282,GER,11.0,7.0,4.0,0.0,2.0,9.0,2.0,7.0,8.0,36.0,MF
730,Alexander Prass,393,AUT,21.0,11.0,7.0,3.0,7.0,14.0,1.0,8.0,8.0,54.0,MF
731,Wout Weghorst,393,NED,8.0,5.0,3.0,0.0,7.0,1.0,1.0,8.0,10.0,21.0,FW
732,Luka Sucic,393,CRO,5.0,3.0,1.0,1.0,4.0,1.0,1.0,1.0,3.0,10.0,MF
733,Carney Chukwuemeka,352,AUT,39.0,11.0,17.0,11.0,24.0,15.0,1.0,18.0,27.0,77.0,MF
734,Sherzod Nasrullaev,376,UZB,29.0,9.0,15.0,5.0,5.0,24.0,1.0,16.0,20.0,118.0,DF
735,Abdullah Alhamddan,376,KSA,39.0,13.0,21.0,5.0,24.0,15.0,0.0,16.0,17.0,52.0,FW
736,Ryan Thomas,389,NZL,22.0,6.0,12.0,4.0,15.0,7.0,1.0,15.0,22.0,62.0,MF
737,Ryan Christie,389,SCO,32.0,0.0,21.0,11.0,16.0,16.0,0.0,15.0,24.0,90.0,MF
738,Maxime Crepeau,350,CAN,14.0,0.0,0.0,14.0,9.0,5.0,0.0,0.0,6.0,237.0,GK
739,Boualem Khoukhi,353,QAT,27.0,4.0,5.0,18.0,17.0,10.0,0.0,6.0,13.0,236.0,DF
740,Dominik Livakovic,358,CRO,5.0,0.0,0.0,5.0,2.0,3.0,0.0,0.0,8.0,235.0,GK
741,Leo Ostigard,383,NOR,18.0,2.0,1.0,15.0,12.0,6.0,0.0,3.0,14.0,222.0,DF
742,Jarell Quansah,392,ENG,31.0,9.0,12.0,10.0,7.0,24.0,1.0,3.0,15.0,217.0,DF
743,Omar Alderete,396,PAR,18.0,2.0,2.0,14.0,6.0,12.0,0.0,1.0,17.0,216.0,DF
744,Yahia Fofana,396,CIV,17.0,0.0,0.0,17.0,12.0,5.0,0.0,0.0,3.0,216.0,GK
745,Hazem Mastouri,404,TUN,15.0,14.0,1.0,0.0,11.0,4.0,1.0,14.0,17.0,37.0,FW
746,Cecilio Waterman,404,PAN,19.0,14.0,5.0,0.0,17.0,2.0,1.0,12.0,13.0,26.0,FW
747,Azarias Londono,404,PAN,30.0,14.0,16.0,0.0,13.0,17.0,0.0,14.0,10.0,56.0,FW
748,Kim Moonhwan,404,KOR,27.0,14.0,9.0,4.0,10.0,17.0,0.0,7.0,1.0,49.0,DF
749,Homam Ahmed,414,QAT,20.0,13.0,6.0,1.0,5.0,15.0,1.0,7.0,13.0,75.0,DF
750,Jean Philippe Mateta,414,FRA,18.0,13.0,5.0,0.0,13.0,5.0,1.0,3.0,5.0,11.0,FW
751,Ermin Mahmic,414,BIH,35.0,13.0,16.0,6.0,26.0,9.0,0.0,6.0,5.0,45.0,MF
752,Deniz Gul,414,TUR,14.0,13.0,1.0,0.0,14.0,0.0,1.0,3.0,3.0,7.0,FW
753,Matias Vina,427,URU,21.0,12.0,2.0,7.0,1.0,20.0,1.0,6.0,15.0,69.0,DF
754,Jose Manuel Lopez,427,ARG,12.0,12.0,0.0,0.0,9.0,3.0,0.0,5.0,5.0,8.0,FW
755,Tomas Rodriguez,427,PAN,16.0,12.0,4.0,0.0,13.0,3.0,1.0,8.0,10.0,21.0,FW
756,Koki Ogawa,427,JPN,24.0,12.0,10.0,2.0,22.0,2.0,1.0,5.0,4.0,12.0,FW
757,Diego Moreira,427,BEL,47.0,12.0,21.0,14.0,20.0,27.0,1.0,11.0,5.0,41.0,MF
758,Simon Adingra,443,CIV,25.0,11.0,8.0,6.0,5.0,20.0,0.0,5.0,4.0,23.0,FW
759,Ahmed Alaaeldin,443,QAT,20.0,11.0,8.0,1.0,15.0,5.0,0.0,8.0,11.0,26.0,FW
760,Ali Azaizeh,443,JOR,30.0,11.0,19.0,0.0,18.0,12.0,0.0,12.0,16.0,35.0,FW
761,Neymar Jr,408,BRA,32.0,2.0,21.0,9.0,19.0,13.0,1.0,11.0,8.0,72.0,FW
762,Joao Paulo,421,CPV,32.0,4.0,20.0,8.0,6.0,26.0,1.0,12.0,25.0,144.0,MF
763,Elliot Stroud,434,SWE,37.0,9.0,19.0,9.0,10.0,27.0,0.0,10.0,21.0,115.0,DF
764,Francisco Trincao,450,POR,24.0,6.0,18.0,0.0,19.0,5.0,0.0,8.0,15.0,35.0,FW
765,Hassan Altambakti,389,KSA,19.0,0.0,1.0,18.0,10.0,9.0,0.0,1.0,24.0,184.0,DF
766,Steve Kapuadi,389,COD,22.0,3.0,1.0,18.0,7.0,15.0,0.0,2.0,11.0,114.0,DF
767,Aimar Sher,389,IRQ,27.0,1.0,8.0,18.0,23.0,4.0,0.0,2.0,2.0,49.0,MF
768,Husam Abudahab,409,JOR,22.0,1.0,4.0,17.0,8.0,14.0,0.0,0.0,15.0,112.0,DF
769,Jordan Henderson,409,ENG,22.0,1.0,4.0,17.0,20.0,2.0,1.0,0.0,5.0,27.0,MF
770,Aymen Dahmen,426,TUN,16.0,0.0,0.0,16.0,9.0,7.0,0.0,0.0,1.0,86.0,GK
771,Omar Rekik,426,TUN,25.0,0.0,9.0,16.0,2.0,23.0,0.0,7.0,22.0,205.0,DF
772,Patrick Beach,426,AUS,16.0,0.0,0.0,16.0,8.0,8.0,0.0,0.0,1.0,208.0,GK
773,Miles Robinson,438,USA,15.0,0.0,0.0,15.0,10.0,5.0,0.0,1.0,18.0,129.0,DF
774,Gustavo Velazquez,438,PAR,20.0,2.0,3.0,15.0,6.0,14.0,0.0,5.0,11.0,177.0,DF
775,Matt Freese,438,USA,15.0,0.0,0.0,15.0,10.0,5.0,0.0,0.0,3.0,172.0,GK
776,Aaron Hickey,438,SCO,26.0,2.0,9.0,15.0,1.0,25.0,0.0,2.0,5.0,83.0,DF
777,Riechedly Bazoer,438,CUW,18.0,0.0,3.0,15.0,9.0,9.0,0.0,1.0,4.0,71.0,DF
778,Ardon Jashari,430,SUI,31.0,9.0,16.0,6.0,26.0,5.0,0.0,11.0,17.0,72.0,MF
779,Odiljon Xamrobekov,440,UZB,29.0,2.0,14.0,13.0,25.0,4.0,0.0,10.0,22.0,93.0,MF
780,Miro Muheim,395,SUI,30.0,9.0,13.0,8.0,2.0,28.0,0.0,6.0,9.0,77.0,DF
781,Quinten Timber,393,NED,19.0,7.0,6.0,6.0,8.0,11.0,1.0,5.0,14.0,32.0,MF
782,Fredrik Andre Bjorkan,393,NOR,18.0,7.0,5.0,6.0,3.0,15.0,1.0,2.0,7.0,46.0,DF
783,Diogo Dalot,393,POR,35.0,10.0,12.0,13.0,12.0,23.0,1.0,6.0,25.0,86.0,DF
784,Goncalo Ramos,393,POR,12.0,8.0,4.0,0.0,11.0,1.0,1.0,10.0,11.0,31.0,FW
785,Ehsan Hajisafi,393,IRN,15.0,1.0,8.0,6.0,3.0,12.0,1.0,2.0,7.0,47.0,DF
786,Takefusa Kubo,393,JPN,20.0,7.0,9.0,4.0,15.0,5.0,1.0,4.0,10.0,36.0,MF
787,Joris Kayembe,393,COD,15.0,4.0,7.0,4.0,2.0,13.0,1.0,7.0,7.0,55.0,DF
788,Mehdi Torabi,393,IRN,15.0,5.0,6.0,4.0,6.0,9.0,1.0,6.0,11.0,45.0,MF
789,Yang Hyunjun,393,KOR,9.0,1.0,6.0,2.0,2.0,7.0,1.0,1.0,10.0,28.0,MF
790,Valentin Barco,403,ARG,19.0,4.0,14.0,1.0,9.0,10.0,0.0,14.0,8.0,41.0,MF
791,Jovo Lukic,403,BIH,9.0,2.0,7.0,0.0,7.0,2.0,0.0,14.0,14.0,35.0,FW
792,Alphonso Davies,403,CAN,13.0,6.0,7.0,0.0,3.0,10.0,0.0,14.0,8.0,41.0,DF
793,Lyndon Dykes,422,SCO,27.0,11.0,16.0,0.0,24.0,3.0,0.0,13.0,11.0,27.0,FW
794,Yusuf Abdurisag,438,QAT,18.0,10.0,7.0,1.0,11.0,7.0,1.0,12.0,11.0,33.0,FW
795,Tomas Araujo,398,POR,11.0,1.0,0.0,10.0,5.0,6.0,0.0,0.0,9.0,215.0,DF
796,Armando Obispo,402,CUW,16.0,0.0,4.0,12.0,8.0,8.0,0.0,1.0,21.0,214.0,DF
797,Abdukodir Khusanov,402,UZB,16.0,2.0,1.0,13.0,7.0,9.0,0.0,1.0,31.0,214.0,DF
798,Yazan Alarab,407,JOR,17.0,1.0,5.0,11.0,9.0,8.0,0.0,0.0,24.0,212.0,DF
799,Luca Zidane,435,ALG,8.0,0.0,0.0,8.0,6.0,2.0,0.0,1.0,3.0,199.0,GK
800,Sultan Mandash,443,KSA,22.0,11.0,6.0,5.0,8.0,14.0,1.0,4.0,14.0,29.0,FW
801,Gervane Kastaneer,443,CUW,12.0,11.0,1.0,0.0,8.0,4.0,0.0,7.0,6.0,19.0,FW
802,Tyler Bindon,443,NZL,22.0,11.0,7.0,4.0,6.0,16.0,1.0,6.0,26.0,147.0,DF
803,Guus Til,443,NED,20.0,11.0,8.0,1.0,9.0,11.0,0.0,6.0,5.0,19.0,MF
804,Patrick Wimmer,468,AUT,17.0,10.0,6.0,1.0,4.0,13.0,0.0,11.0,14.0,32.0,FW
805,Jeremy Antonisse,468,CUW,33.0,10.0,18.0,5.0,21.0,12.0,0.0,11.0,14.0,82.0,FW
806,Lyle Foster,468,RSA,20.0,10.0,8.0,2.0,12.0,8.0,0.0,6.0,7.0,15.0,FW
807,Prince Adu,468,GHA,17.0,10.0,7.0,0.0,12.0,5.0,1.0,8.0,9.0,17.0,FW
808,Christopher Operi,468,CIV,15.0,10.0,2.0,3.0,10.0,5.0,0.0,10.0,29.0,157.0,DF
809,Ali Alipour,468,IRN,17.0,10.0,7.0,0.0,13.0,4.0,0.0,5.0,7.0,21.0,FW
810,Hassan Alhaydos,468,QAT,21.0,10.0,10.0,1.0,11.0,10.0,0.0,7.0,16.0,31.0,FW
811,David Doudera,468,CZE,23.0,10.0,10.0,3.0,7.0,16.0,0.0,10.0,20.0,107.0,DF
812,Jorge Gutierrez,468,PAN,16.0,10.0,2.0,4.0,4.0,12.0,0.0,6.0,15.0,50.0,DF
813,Danilo Santos,468,BRA,29.0,10.0,10.0,9.0,20.0,9.0,0.0,3.0,18.0,65.0,MF
814,Gustavo Caballero,498,PAR,13.0,9.0,3.0,1.0,8.0,5.0,1.0,11.0,11.0,27.0,MF
815,Daniel Svensson,450,SWE,31.0,9.0,18.0,4.0,17.0,14.0,0.0,8.0,12.0,88.0,DF
816,Mohamed Amoura,462,ALG,27.0,8.0,17.0,2.0,24.0,3.0,0.0,5.0,5.0,16.0,FW
817,Mario Pasalic,462,CRO,31.0,3.0,17.0,11.0,23.0,8.0,0.0,9.0,22.0,119.0,MF
818,Morten Thorsby,475,NOR,33.0,9.0,16.0,8.0,23.0,10.0,0.0,5.0,18.0,39.0,MF
819,Seko Fofana,475,CIV,24.0,4.0,16.0,4.0,18.0,6.0,1.0,6.0,29.0,106.0,MF
820,Tomas Soucek,475,CZE,27.0,3.0,16.0,8.0,20.0,7.0,0.0,5.0,17.0,99.0,MF
821,Angelo Stiller,438,GER,28.0,0.0,13.0,15.0,25.0,3.0,0.0,3.0,10.0,72.0,MF
822,Ruben Neves,438,POR,33.0,4.0,14.0,15.0,17.0,16.0,0.0,2.0,9.0,63.0,MF
823,Zaid Tahseen,463,IRQ,15.0,0.0,1.0,14.0,4.0,11.0,0.0,2.0,18.0,134.0,DF
824,Nkosinathi Sibisi,463,RSA,16.0,0.0,2.0,14.0,4.0,12.0,0.0,0.0,12.0,108.0,DF
825,Can Uzun,488,TUR,24.0,5.0,6.0,13.0,13.0,11.0,1.0,9.0,20.0,64.0,FW
826,Ayoub Aloui,490,QAT,23.0,4.0,12.0,7.0,2.0,21.0,1.0,2.0,11.0,57.0,DF
827,Mohanad Ali,393,IRQ,4.0,4.0,0.0,0.0,3.0,1.0,1.0,0.0,1.0,4.0,FW
828,Arya Yousefi,393,IRN,19.0,6.0,12.0,1.0,8.0,11.0,1.0,7.0,21.0,42.0,DF
829,Park Jinseob,393,KOR,8.0,2.0,2.0,4.0,4.0,4.0,1.0,1.0,6.0,108.0,DF
830,Ayoube Amaimouni,393,MAR,12.0,8.0,3.0,1.0,6.0,6.0,1.0,11.0,12.0,30.0,FW
831,Kamogelo Sebelebele,393,RSA,5.0,2.0,3.0,0.0,2.0,3.0,1.0,2.0,2.0,13.0,FW
832,Assane Diao,438,SEN,19.0,5.0,10.0,4.0,5.0,14.0,0.0,12.0,8.0,29.0,FW
833,Ismael Diaz,459,PAN,21.0,8.0,13.0,0.0,13.0,8.0,1.0,11.0,11.0,48.0,MF
834,Josko Gvardiol,488,CRO,10.0,2.0,3.0,5.0,2.0,8.0,0.0,8.0,28.0,187.0,DF
835,Luca Jaquez,488,SUI,20.0,9.0,9.0,2.0,2.0,18.0,1.0,7.0,28.0,88.0,DF
836,Exequiel Palacios,455,ARG,18.0,3.0,4.0,11.0,7.0,11.0,1.0,4.0,21.0,190.0,MF
837,Gustavo Gomez,459,PAR,9.0,2.0,1.0,6.0,6.0,3.0,1.0,3.0,7.0,188.0,DF
838,Johny Placide,463,HAI,12.0,0.0,0.0,12.0,9.0,3.0,0.0,0.0,2.0,187.0,GK
839,Matej Kovar,478,CZE,13.0,0.0,0.0,13.0,7.0,6.0,0.0,0.0,10.0,181.0,GK
840,Marcos Senesi,499,ARG,14.0,0.0,2.0,12.0,4.0,10.0,1.0,1.0,7.0,167.0,DF
841,Vladimir Darida,498,CZE,26.0,9.0,13.0,4.0,16.0,10.0,0.0,5.0,17.0,42.0,MF
842,Igor Sergeev,498,UZB,13.0,9.0,4.0,0.0,10.0,3.0,0.0,3.0,2.0,9.0,FW
843,Keisuke Goto,498,JPN,15.0,9.0,6.0,0.0,14.0,1.0,0.0,1.0,1.0,2.0,FW
844,Orbelin Pineda,535,MEX,19.0,7.0,9.0,3.0,14.0,5.0,0.0,6.0,11.0,20.0,MF
845,Ederson Silva,535,BRA,14.0,7.0,2.0,5.0,7.0,7.0,0.0,5.0,3.0,23.0,MF
846,Obed Vargas,504,MEX,24.0,1.0,14.0,9.0,20.0,4.0,0.0,9.0,17.0,53.0,MF
847,Ala Alhajji,530,KSA,17.0,3.0,12.0,2.0,11.0,6.0,0.0,7.0,13.0,37.0,MF
848,Ozan Kabak,504,TUR,16.0,0.0,4.0,12.0,9.0,7.0,0.0,2.0,11.0,73.0,DF
849,Utkir Yusupov,504,UZB,12.0,0.0,0.0,12.0,7.0,5.0,0.0,0.0,0.0,50.0,GK
850,Damian Bobadilla,504,PAR,26.0,4.0,10.0,12.0,18.0,8.0,1.0,4.0,13.0,72.0,MF
851,Mathieu Choiniere,504,CAN,19.0,0.0,7.0,12.0,12.0,7.0,0.0,5.0,10.0,63.0,MF
852,Ahmed Basil,504,IRQ,12.0,0.0,0.0,12.0,8.0,4.0,0.0,0.0,2.0,124.0,GK
853,Abdulla Abdullaev,526,UZB,13.0,1.0,1.0,11.0,6.0,7.0,0.0,0.0,7.0,143.0,DF
854,Assim Madibo,526,QAT,18.0,0.0,7.0,11.0,12.0,6.0,0.0,3.0,21.0,75.0,MF
855,Samir Chergui,547,ALG,13.0,1.0,2.0,10.0,2.0,11.0,0.0,3.0,2.0,47.0,DF
856,Saleh Hardani,547,IRN,17.0,3.0,4.0,10.0,1.0,16.0,0.0,3.0,12.0,70.0,DF
857,Ali Lajami,547,KSA,11.0,0.0,1.0,10.0,6.0,5.0,0.0,1.0,16.0,138.0,DF
858,Taha Ali,525,SWE,19.0,2.0,11.0,6.0,1.0,18.0,1.0,9.0,10.0,40.0,FW
859,Denis Visinsky,393,CZE,18.0,3.0,10.0,5.0,7.0,11.0,1.0,5.0,5.0,40.0,FW
860,Mathew Leckie,393,AUS,7.0,3.0,3.0,1.0,6.0,1.0,1.0,9.0,14.0,33.0,FW
861,Christian Fassnacht,393,SUI,3.0,0.0,3.0,0.0,2.0,1.0,1.0,5.0,6.0,12.0,FW
862,Alexandro Maidana,393,PAR,9.0,4.0,3.0,2.0,2.0,7.0,1.0,4.0,8.0,38.0,DF
863,Yaimar Medina,488,ECU,16.0,5.0,7.0,4.0,5.0,11.0,1.0,10.0,5.0,51.0,DF
864,Noah Okafor,515,SUI,6.0,3.0,3.0,0.0,4.0,2.0,0.0,9.0,9.0,23.0,FW
865,Jordy Caicedo,515,ECU,5.0,4.0,1.0,0.0,3.0,2.0,0.0,9.0,9.0,20.0,FW
866,Alex Arce,539,PAR,11.0,6.0,2.0,3.0,7.0,4.0,0.0,8.0,10.0,22.0,FW
867,Mahmoud Abunada,509,QAT,7.0,0.0,0.0,7.0,4.0,3.0,0.0,0.0,3.0,162.0,GK
868,Eloy Room,514,CUW,9.0,0.0,0.0,9.0,3.0,6.0,0.0,0.0,3.0,160.0,GK
869,Ousmane Diomande,537,CIV,9.0,0.0,0.0,9.0,2.0,7.0,0.0,0.0,1.0,148.0,DF
870,Tomas Holes,542,CZE,12.0,2.0,0.0,10.0,3.0,9.0,0.0,2.0,15.0,146.0,DF
871,Tomas Chory,535,CZE,13.0,7.0,6.0,0.0,8.0,5.0,0.0,6.0,4.0,18.0,FW
872,Awer Mabil,535,AUS,17.0,7.0,9.0,1.0,10.0,7.0,0.0,3.0,4.0,20.0,FW
873,Mortadha Ben Ouanes,561,TUN,17.0,6.0,8.0,3.0,13.0,4.0,0.0,0.0,3.0,8.0,DF
874,Charles Pickel,561,COD,24.0,6.0,10.0,8.0,9.0,15.0,0.0,4.0,11.0,46.0,MF
875,Kento Shiogai,561,JPN,11.0,6.0,5.0,0.0,9.0,2.0,0.0,1.0,0.0,2.0,FW
876,Theo Bongonda,587,COD,8.0,5.0,2.0,1.0,6.0,2.0,0.0,6.0,11.0,40.0,MF
877,Frans Putros,587,IRQ,8.0,5.0,2.0,1.0,1.0,7.0,0.0,6.0,9.0,55.0,DF
878,Yuito Suzuki,587,JPN,12.0,5.0,5.0,2.0,7.0,5.0,0.0,3.0,6.0,11.0,MF
879,Nick Woltemade,587,GER,12.0,5.0,7.0,0.0,11.0,1.0,0.0,3.0,3.0,7.0,FW
880,Zakaria El Ouahdi,587,MAR,8.0,5.0,2.0,1.0,3.0,5.0,0.0,2.0,1.0,22.0,DF
881,Armin Gigovic,555,BIH,24.0,3.0,11.0,10.0,14.0,10.0,0.0,4.0,18.0,53.0,MF
882,Almoez Ali,566,QAT,15.0,3.0,10.0,2.0,10.0,5.0,0.0,2.0,5.0,9.0,FW
883,Bara Sapoko Ndiaye,566,SEN,21.0,3.0,10.0,8.0,15.0,6.0,0.0,3.0,6.0,27.0,MF
884,Amirhossein Hosseinzadeh,587,IRN,15.0,4.0,9.0,2.0,8.0,7.0,0.0,3.0,8.0,33.0,FW
885,Jordy Alcivar,547,ECU,17.0,4.0,3.0,10.0,10.0,7.0,0.0,1.0,19.0,77.0,MF
886,Luis Chavez,547,MEX,16.0,0.0,6.0,10.0,2.0,14.0,0.0,4.0,4.0,61.0,MF
887,Jose Canale,547,PAR,14.0,2.0,2.0,10.0,4.0,10.0,0.0,1.0,12.0,62.0,DF
888,Ibrahima Konate,574,FRA,9.0,0.0,0.0,9.0,7.0,2.0,0.0,0.0,2.0,71.0,DF
889,Dean Henderson,574,ENG,9.0,0.0,0.0,9.0,9.0,0.0,0.0,0.0,5.0,77.0,GK
890,Yazeed Abulaila,574,JOR,9.0,0.0,0.0,9.0,7.0,2.0,0.0,0.0,0.0,122.0,GK
891,Jacob Widell Zetterstrom,574,SWE,9.0,0.0,0.0,9.0,6.0,3.0,0.0,0.0,1.0,131.0,GK
892,Benjamin Asare,574,GHA,10.0,1.0,0.0,9.0,7.0,3.0,0.0,0.0,0.0,87.0,GK
893,Ronald Araujo,565,URU,0.0,0.0,0.0,0.0,0.0,0.0,0.0,0.0,0.0,0.0,DF
894,Juan Portilla,565,COL,0.0,0.0,0.0,0.0,0.0,0.0,0.0,0.0,0.0,0.0,MF
895,Weverton,565,BRA,0.0,0.0,0.0,0.0,0.0,0.0,0.0,0.0,0.0,0.0,GK
896,Haji Wright,565,USA,2.0,2.0,0.0,0.0,1.0,1.0,0.0,1.0,0.0,2.0,FW
897,Leo Pereira,565,BRA,0.0,0.0,0.0,0.0,0.0,0.0,0.0,0.0,0.0,0.0,DF
898,Ederson,565,BRA,0.0,0.0,0.0,0.0,0.0,0.0,0.0,0.0,0.0,0.0,GK
899,Cesar Huerta,565,MEX,3.0,3.0,0.0,0.0,0.0,3.0,0.0,1.0,3.0,5.0,FW
900,Willer Ditta,565,COL,0.0,0.0,0.0,0.0,0.0,0.0,0.0,0.0,0.0,0.0,DF
901,Rodrigo Aguirre,565,URU,2.0,1.0,1.0,0.0,1.0,1.0,0.0,1.0,1.0,2.0,FW
902,Cesar Samudio,565,PAN,0.0,0.0,0.0,0.0,0.0,0.0,0.0,0.0,0.0,0.0,GK
903,Denil Castillo,565,ECU,0.0,0.0,0.0,0.0,0.0,0.0,0.0,0.0,0.0,0.0,MF
904,Roderick Miller,565,PAN,0.0,0.0,0.0,0.0,0.0,0.0,0.0,0.0,0.0,0.0,DF
905,Yassin Fortune,565,HAI,4.0,0.0,4.0,0.0,0.0,4.0,0.0,1.0,3.0,9.0,FW
906,Jeremy Arevalo,565,ECU,0.0,0.0,0.0,0.0,0.0,0.0,0.0,0.0,0.0,0.0,FW
907,Giorgian De Arrascaeta,565,URU,0.0,0.0,0.0,0.0,0.0,0.0,0.0,0.0,0.0,0.0,MF
908,Chris Brady,565,USA,0.0,0.0,0.0,0.0,0.0,0.0,0.0,0.0,0.0,0.0,GK
909,Jose Maria Gimenez,565,URU,0.0,0.0,0.0,0.0,0.0,0.0,0.0,0.0,0.0,0.0,DF
910,Eric Davis,565,PAN,5.0,1.0,4.0,0.0,2.0,3.0,0.0,2.0,4.0,18.0,DF
911,Cesar Yanis,565,PAN,0.0,0.0,0.0,0.0,0.0,0.0,0.0,0.0,0.0,0.0,MF
912,Alberto Quintero,565,PAN,5.0,2.0,2.0,1.0,3.0,2.0,0.0,2.0,1.0,8.0,MF
913,Evann Guessand,539,CIV,3.0,2.0,1.0,0.0,3.0,0.0,0.0,8.0,7.0,14.0,FW
914,Samed Bazdar,539,BIH,3.0,1.0,2.0,0.0,2.0,1.0,0.0,8.0,8.0,17.0,FW
915,Maximilian Beier,572,GER,12.0,4.0,8.0,0.0,1.0,11.0,0.0,7.0,7.0,26.0,FW
916,Cameron Burgess,582,AUS,9.0,0.0,1.0,8.0,3.0,6.0,0.0,0.0,20.0,113.0,DF
917,Fidel Escobar,582,PAN,8.0,2.0,3.0,3.0,1.0,7.0,0.0,1.0,20.0,52.0,DF
918,Mohammed Alowais,555,KSA,6.0,0.0,0.0,6.0,5.0,1.0,0.0,0.0,2.0,138.0,GK
919,Kim Jingyu,591,KOR,14.0,1.0,6.0,7.0,11.0,3.0,0.0,5.0,19.0,122.0,MF
920,Isidro Pitta,587,PAR,5.0,5.0,0.0,0.0,3.0,2.0,0.0,5.0,8.0,15.0,FW
921,Nishan Velupillay,587,AUS,12.0,5.0,6.0,1.0,8.0,4.0,0.0,6.0,10.0,35.0,FW
922,Findlay Curtis,587,SCO,8.0,5.0,3.0,0.0,2.0,6.0,0.0,2.0,3.0,9.0,FW
923,Haris Tabakovic,616,BIH,4.0,4.0,0.0,0.0,3.0,1.0,0.0,2.0,1.0,3.0,FW
924,Junnosuke Suzuki,616,JPN,10.0,4.0,5.0,1.0,3.0,7.0,0.0,2.0,4.0,19.0,DF
925,Lucas Mendes,616,QAT,4.0,4.0,0.0,0.0,2.0,2.0,0.0,0.0,0.0,0.0,DF
926,Waldemar Anton,616,GER,15.0,4.0,3.0,8.0,2.0,13.0,0.0,2.0,7.0,70.0,DF
927,Pascal Gross,616,GER,9.0,4.0,4.0,1.0,4.0,5.0,0.0,6.0,9.0,34.0,MF
928,Francis De Vries,616,NZL,13.0,4.0,4.0,5.0,4.0,9.0,0.0,3.0,4.0,33.0,DF
929,Dzenis Burnic,616,BIH,7.0,4.0,2.0,1.0,0.0,7.0,0.0,2.0,7.0,21.0,MF
930,Irfan Can Kahveci,616,TUR,7.0,4.0,3.0,0.0,3.0,4.0,0.0,1.0,0.0,4.0,FW
931,Armando Gonzalez,616,MEX,7.0,4.0,3.0,0.0,5.0,2.0,0.0,4.0,4.0,5.0,FW
932,Mohamed Hadj Mahmoud,587,TUN,18.0,2.0,9.0,7.0,11.0,7.0,0.0,1.0,7.0,24.0,MF
933,Yannick Semedo,604,CPV,14.0,0.0,8.0,6.0,10.0,4.0,0.0,2.0,13.0,79.0,MF
934,Mohamed Manai,604,QAT,16.0,2.0,8.0,6.0,9.0,7.0,0.0,5.0,8.0,34.0,FW
935,Nadiem Amiri,604,GER,17.0,2.0,8.0,7.0,9.0,8.0,0.0,4.0,5.0,48.0,MF
936,Kevin Castano,597,COL,11.0,1.0,2.0,8.0,7.0,4.0,0.0,2.0,3.0,32.0,MF
937,Jakhongir Urozov,597,UZB,10.0,0.0,2.0,8.0,4.0,6.0,0.0,2.0,7.0,87.0,DF
938,Kristoffer Nordfeldt,597,SWE,8.0,0.0,0.0,8.0,5.0,3.0,0.0,0.0,1.0,115.0,GK
939,Zineddine Belaid,622,ALG,7.0,0.0,0.0,7.0,5.0,2.0,0.0,1.0,2.0,89.0,DF
940,Rebin Sulaka,622,IRQ,7.0,0.0,0.0,7.0,2.0,5.0,0.0,1.0,4.0,65.0,DF
941,Abdoulaye Seck,622,SEN,7.0,0.0,0.0,7.0,3.0,4.0,0.0,2.0,7.0,66.0,DF
942,Dylan Bronn,622,TUN,7.0,0.0,0.0,7.0,2.0,5.0,0.0,0.0,1.0,40.0,DF
943,Luka Vuskovic,622,CRO,8.0,0.0,1.0,7.0,5.0,3.0,0.0,0.0,2.0,94.0,DF
944,David Ospina,565,COL,0.0,0.0,0.0,0.0,0.0,0.0,0.0,0.0,0.0,0.0,GK
945,Gatito Fernandez,565,PAR,0.0,0.0,0.0,0.0,0.0,0.0,0.0,0.0,0.0,0.0,GK
946,Emiliano Martinez,565,URU,0.0,0.0,0.0,0.0,0.0,0.0,0.0,0.0,0.0,0.0,MF
947,Edgardo Farina,565,PAN,0.0,0.0,0.0,0.0,0.0,0.0,0.0,0.0,0.0,0.0,DF
948,Anibal Godoy,565,PAN,4.0,1.0,2.0,1.0,1.0,3.0,0.0,1.0,3.0,18.0,MF
949,Anthony Valencia,565,ECU,0.0,0.0,0.0,0.0,0.0,0.0,0.0,0.0,0.0,0.0,MF
950,Geronimo Rulli,565,ARG,0.0,0.0,0.0,0.0,0.0,0.0,0.0,0.0,0.0,0.0,GK
951,Gonzalo Valle,565,ECU,0.0,0.0,0.0,0.0,0.0,0.0,0.0,0.0,0.0,0.0,GK
952,Sergio Rochet,565,URU,5.0,0.0,0.0,5.0,3.0,2.0,0.0,0.0,0.0,38.0,GK
953,Yerry Mina,565,COL,1.0,0.0,0.0,1.0,1.0,0.0,0.0,0.0,1.0,7.0,DF
954,Luis Mejia,565,PAN,0.0,0.0,0.0,0.0,0.0,0.0,0.0,0.0,0.0,0.0,GK
955,Guillermo Ochoa,565,MEX,2.0,0.0,0.0,2.0,1.0,1.0,0.0,0.0,0.0,14.0,GK
956,Matt Turner,565,USA,2.0,0.0,0.0,2.0,1.0,1.0,0.0,0.0,1.0,57.0,GK
957,Ramon Sosa,565,PAR,5.0,1.0,3.0,1.0,4.0,1.0,0.0,0.0,0.0,9.0,MF
958,Facundo Pellistri,565,URU,0.0,0.0,0.0,0.0,0.0,0.0,0.0,0.0,0.0,0.0,FW
959,Mark Mckenzie,565,USA,2.0,0.0,0.0,2.0,1.0,1.0,0.0,0.0,8.0,104.0,DF
960,Luiz Henrique,565,BRA,3.0,0.0,3.0,0.0,0.0,3.0,0.0,3.0,6.0,27.0,FW
961,Jorge Carrascal,565,COL,0.0,0.0,0.0,0.0,0.0,0.0,0.0,0.0,0.0,0.0,MF
962,Cristian Roldan,565,USA,0.0,0.0,0.0,0.0,0.0,0.0,0.0,0.0,0.0,0.0,MF
963,Kendry Paez,565,ECU,8.0,1.0,1.0,6.0,1.0,7.0,0.0,1.0,4.0,22.0,MF
964,Alvaro Montero,565,COL,0.0,0.0,0.0,0.0,0.0,0.0,0.0,0.0,0.0,0.0,GK
965,Max Arfsten,565,USA,2.0,1.0,1.0,0.0,0.0,2.0,0.0,0.0,0.0,0.0,DF
966,Adalberto Carrasquilla,565,PAN,0.0,0.0,0.0,0.0,0.0,0.0,0.0,0.0,0.0,0.0,MF
967,Joaquin Piquerez,565,URU,0.0,0.0,0.0,0.0,0.0,0.0,0.0,0.0,0.0,0.0,MF
968,Bremer,565,BRA,0.0,0.0,0.0,0.0,0.0,0.0,0.0,0.0,0.0,0.0,DF
969,Alejandro Romero Gamarra,565,PAR,6.0,0.0,1.0,5.0,5.0,1.0,0.0,0.0,9.0,24.0,FW
970,Juan Musso,565,ARG,0.0,0.0,0.0,0.0,0.0,0.0,0.0,0.0,0.0,0.0,GK
971,Jackson Porozo,565,ECU,0.0,0.0,0.0,0.0,0.0,0.0,0.0,1.0,1.0,24.0,DF
972,Brandley Kuwas,605,CUW,5.0,3.0,2.0,0.0,2.0,3.0,0.0,6.0,2.0,11.0,FW
973,Noa Lang,640,NED,8.0,1.0,5.0,2.0,1.0,7.0,0.0,5.0,2.0,26.0,FW
974,Jamshid Iskanderov,640,UZB,12.0,1.0,6.0,5.0,4.0,8.0,0.0,5.0,6.0,35.0,MF
975,Ayumu Seko,628,JPN,7.0,1.0,0.0,6.0,4.0,3.0,0.0,2.0,9.0,107.0,DF
976,Scott Mckenna,638,SCO,0.0,0.0,0.0,0.0,0.0,0.0,0.0,1.0,4.0,105.0,DF
977,Roger Ibanez,616,BRA,6.0,4.0,2.0,0.0,3.0,3.0,0.0,2.0,3.0,42.0,DF
978,Alex Zendejas,660,USA,11.0,3.0,6.0,2.0,7.0,4.0,0.0,2.0,4.0,19.0,FW
979,Mohammad Aldaoud,660,JOR,7.0,3.0,2.0,2.0,0.0,7.0,0.0,1.0,4.0,9.0,MF
980,Ali Yousif,660,IRQ,5.0,3.0,2.0,0.0,4.0,1.0,0.0,2.0,3.0,8.0,FW
981,Bamba Dieng,660,SEN,5.0,3.0,2.0,0.0,5.0,0.0,0.0,1.0,1.0,5.0,FW
982,Telmo Arcanjo,660,CPV,12.0,3.0,4.0,5.0,7.0,5.0,0.0,5.0,12.0,31.0,MF
983,Ibrahim Adel,660,EGY,10.0,3.0,6.0,1.0,2.0,8.0,0.0,4.0,1.0,12.0,FW
984,Dan Burn,660,ENG,5.0,3.0,1.0,1.0,2.0,3.0,0.0,1.0,3.0,9.0,DF
985,Marcus Thuram,660,FRA,3.0,3.0,0.0,0.0,3.0,0.0,0.0,0.0,0.0,0.0,FW
986,Jean Michael Seri,654,CIV,11.0,0.0,6.0,5.0,8.0,3.0,0.0,2.0,8.0,42.0,MF
987,Shuto Machino,682,JPN,7.0,2.0,5.0,0.0,2.0,5.0,0.0,3.0,2.0,10.0,FW
988,Mattias Svanberg,682,SWE,8.0,0.0,5.0,3.0,8.0,0.0,0.0,3.0,5.0,23.0,MF
989,Themba Zwane,682,RSA,6.0,0.0,5.0,1.0,5.0,1.0,0.0,0.0,5.0,14.0,MF
990,Maghnes Akliouche,682,FRA,11.0,3.0,5.0,3.0,7.0,4.0,0.0,2.0,4.0,20.0,MF
991,Egil Selvik,652,NOR,6.0,0.0,0.0,6.0,6.0,0.0,0.0,0.0,1.0,49.0,GK
992,Martin Zubimendi,652,ESP,7.0,0.0,1.0,6.0,5.0,2.0,0.0,2.0,4.0,49.0,MF
993,Mohammad Ghorbani,652,IRN,9.0,1.0,2.0,6.0,7.0,2.0,0.0,4.0,14.0,53.0,MF
994,Hossam Abdelmaguid,682,EGY,5.0,0.0,0.0,5.0,4.0,1.0,0.0,0.0,7.0,71.0,DF
995,Mohamed Abdelmoneim,682,EGY,6.0,0.0,1.0,5.0,1.0,5.0,0.0,0.0,3.0,32.0,DF
996,Dennis Hadzikadunic,682,BIH,5.0,0.0,0.0,5.0,1.0,4.0,0.0,2.0,3.0,23.0,DF
997,Keeto Thermoncy,565,HAI,0.0,0.0,0.0,0.0,0.0,0.0,0.0,0.0,0.0,0.0,DF
998,Rodrigo Zalazar,565,URU,0.0,0.0,0.0,0.0,0.0,0.0,0.0,0.0,0.0,0.0,MF
999,Moises Ramirez,565,ECU,0.0,0.0,0.0,0.0,0.0,0.0,0.0,0.0,0.0,0.0,GK
1000,Fabian Balbuena,565,PAR,0.0,0.0,0.0,0.0,0.0,0.0,0.0,0.0,0.0,0.0,DF
1001,Gaston Olveira,565,PAR,0.0,0.0,0.0,0.0,0.0,0.0,0.0,0.0,0.0,0.0,GK
1002,Santiago Mele,565,URU,0.0,0.0,0.0,0.0,0.0,0.0,0.0,0.0,0.0,0.0,GK
1003,Carlos Acevedo,565,MEX,0.0,0.0,0.0,0.0,0.0,0.0,0.0,0.0,0.0,0.0,GK
1004,Braian Ojeda,565,PAR,4.0,1.0,2.0,1.0,0.0,4.0,0.0,1.0,2.0,16.0,MF
1005,Felix Torres,565,ECU,0.0,0.0,0.0,0.0,0.0,0.0,0.0,0.0,0.0,0.0,DF
1006,Santiago Bueno,565,URU,0.0,0.0,0.0,0.0,0.0,0.0,0.0,0.0,0.0,0.0,DF
1007,Andres Gomez,565,COL,1.0,1.0,0.0,0.0,0.0,1.0,0.0,0.0,0.0,0.0,FW
1008,Alex Sandro,565,BRA,6.0,2.0,2.0,2.0,1.0,5.0,0.0,2.0,2.0,25.0,DF
1009,Yassine Titraoui,565,ALG,0.0,0.0,0.0,0.0,0.0,0.0,0.0,0.0,0.0,0.0,MF
1010,Meshaal Barsham,565,QAT,0.0,0.0,0.0,0.0,0.0,0.0,0.0,0.0,0.0,0.0,GK
1011,Saleem Obaid,565,JOR,2.0,0.0,0.0,2.0,0.0,2.0,0.0,0.0,5.0,36.0,DF
1012,Matthieu Epolo,565,COD,0.0,0.0,0.0,0.0,0.0,0.0,0.0,0.0,0.0,0.0,GK
1013,Gedeon Kalulu,682,COD,3.0,1.0,2.0,0.0,1.0,2.0,0.0,4.0,0.0,11.0,DF
1014,Kevin Yakob,682,IRQ,6.0,2.0,3.0,1.0,6.0,0.0,0.0,4.0,5.0,28.0,MF
1015,Alidu Seidu,666,GHA,4.0,2.0,2.0,0.0,0.0,4.0,0.0,2.0,15.0,65.0,DF
1016,Lawrence Ati Zigi,672,GHA,2.0,0.0,0.0,2.0,1.0,1.0,0.0,0.0,0.0,87.0,GK
1017,Nawaf Bu Washl,679,KSA,9.0,2.0,3.0,4.0,3.0,6.0,0.0,1.0,3.0,85.0,DF
1018,Malick Thiaw,689,GER,1.0,0.0,0.0,1.0,0.0,1.0,0.0,2.0,12.0,80.0,DF
1019,Jalal Hassan,694,IRQ,5.0,0.0,0.0,5.0,4.0,1.0,0.0,0.0,0.0,79.0,GK
1020,Jorrel Hato,707,NED,3.0,2.0,1.0,0.0,2.0,1.0,0.0,0.0,5.0,11.0,DF
1021,Ahmed Alganehi,707,QAT,7.0,2.0,4.0,1.0,3.0,4.0,0.0,2.0,8.0,27.0,MF
1022,Amer Jamous,731,JOR,4.0,1.0,3.0,0.0,4.0,0.0,0.0,2.0,2.0,8.0,MF
1023,Anthony Ralston,731,SCO,5.0,1.0,3.0,1.0,0.0,5.0,0.0,3.0,3.0,16.0,DF
1024,Hossein Kanani,711,IRN,4.0,0.0,0.0,4.0,1.0,3.0,0.0,2.0,8.0,75.0,DF
1025,Sondre Langas,711,NOR,4.0,0.0,0.0,4.0,1.0,3.0,0.0,0.0,1.0,20.0,DF
1026,Stepan Chaloupek,711,CZE,4.0,0.0,0.0,4.0,0.0,4.0,0.0,1.0,9.0,54.0,DF
1027,Caglar Soyuncu,711,TUR,4.0,0.0,0.0,4.0,3.0,1.0,0.0,0.0,1.0,8.0,DF
1028,Fares Ghedjemis,565,ALG,0.0,0.0,0.0,0.0,0.0,0.0,0.0,0.0,0.0,0.0,FW
1029,Dylan Batubinsika,565,COD,0.0,0.0,0.0,0.0,0.0,0.0,0.0,0.0,0.0,0.0,DF
1030,Marcio Rosa,565,CPV,0.0,0.0,0.0,0.0,0.0,0.0,0.0,0.0,0.0,0.0,GK
1031,Amirmohammad Razaghinia,565,IRN,0.0,0.0,0.0,0.0,0.0,0.0,0.0,0.0,0.0,0.0,MF
1032,Stopira,565,CPV,0.0,0.0,0.0,0.0,0.0,0.0,0.0,0.0,0.0,0.0,DF
1033,Tahsin Mohammed,565,QAT,0.0,0.0,0.0,0.0,0.0,0.0,0.0,0.0,0.0,0.0,FW
1034,Hassan Kadish,565,KSA,0.0,0.0,0.0,0.0,0.0,0.0,0.0,0.0,0.0,0.0,DF
1035,Payam Niazmand,565,IRN,0.0,0.0,0.0,0.0,0.0,0.0,0.0,0.0,0.0,0.0,GK
1036,Nawaf Alaqidi,565,KSA,0.0,0.0,0.0,0.0,0.0,0.0,0.0,0.0,0.0,0.0,GK
1037,Rajaei Ayed,565,JOR,0.0,0.0,0.0,0.0,0.0,0.0,0.0,0.0,0.0,0.0,MF
1038,Tomoki Hayakawa,565,JPN,0.0,0.0,0.0,0.0,0.0,0.0,0.0,0.0,0.0,0.0,GK
1039,Mohammad Abuhasheesh,565,JOR,0.0,0.0,0.0,0.0,0.0,0.0,0.0,0.0,1.0,6.0,DF
1040,Gael Kakuta,565,COD,0.0,0.0,0.0,0.0,0.0,0.0,0.0,0.0,0.0,0.0,FW
1041,Timothy Fayulu,565,COD,0.0,0.0,0.0,0.0,0.0,0.0,0.0,0.0,0.0,0.0,GK
1042,Achref Abada,565,ALG,0.0,0.0,0.0,0.0,0.0,0.0,0.0,0.0,0.0,0.0,DF
1043,Alhashmi Alhussein,565,QAT,1.0,0.0,1.0,0.0,0.0,1.0,0.0,1.0,1.0,1.0,DF
1044,Ali Majrashi,565,KSA,0.0,0.0,0.0,0.0,0.0,0.0,0.0,0.0,0.0,0.0,DF
1045,Ziyad Aljohani,565,KSA,0.0,0.0,0.0,0.0,0.0,0.0,0.0,0.0,0.0,0.0,MF
1046,Mustafa Saadoon,565,IRQ,3.0,1.0,2.0,0.0,0.0,3.0,0.0,0.0,0.0,2.0,DF
1047,Mohamed Amine Tougai,565,ALG,0.0,0.0,0.0,0.0,0.0,0.0,0.0,0.0,0.0,0.0,DF
1048,Jehad Thikri,565,KSA,0.0,0.0,0.0,0.0,0.0,0.0,0.0,0.0,0.0,0.0,DF
1049,Jo Hyeonwoo,565,KOR,0.0,0.0,0.0,0.0,0.0,0.0,0.0,0.0,0.0,0.0,GK
1050,Song Bumkeun,565,KOR,0.0,0.0,0.0,0.0,0.0,0.0,0.0,0.0,0.0,0.0,GK
1051,Saleh Alshehri,565,KSA,0.0,0.0,0.0,0.0,0.0,0.0,0.0,0.0,0.0,0.0,FW
1052,Anas Badawi,565,JOR,0.0,0.0,0.0,0.0,0.0,0.0,0.0,0.0,0.0,0.0,DF
1053,Kenji Gorre,727,CUW,2.0,0.0,2.0,0.0,1.0,1.0,0.0,3.0,1.0,5.0,FW
1054,Marco Friedl,745,AUT,1.0,0.0,0.0,1.0,0.0,1.0,0.0,1.0,0.0,64.0,DF
1055,Ken Sema,707,SWE,5.0,2.0,2.0,1.0,2.0,3.0,0.0,1.0,4.0,10.0,MF
1056,Mojmir Chytil,707,CZE,2.0,2.0,0.0,0.0,1.0,1.0,0.0,2.0,2.0,4.0,FW
1057,Jonathan Osorio,784,CAN,4.0,1.0,1.0,2.0,2.0,2.0,0.0,1.0,7.0,22.0,MF
1058,Gustaf Nilsson,765,SWE,3.0,1.0,2.0,0.0,2.0,1.0,0.0,2.0,3.0,6.0,FW
1059,Samu Costa,765,POR,3.0,0.0,2.0,1.0,3.0,0.0,0.0,1.0,1.0,23.0,DF
1060,Jens Petter Hauge,765,NOR,3.0,0.0,2.0,1.0,2.0,1.0,0.0,0.0,0.0,7.0,MF
1061,Jayden Nelson,765,CAN,4.0,0.0,2.0,2.0,1.0,3.0,0.0,2.0,7.0,20.0,FW
1062,Kojo Peprah Oppong,755,GHA,3.0,0.0,0.0,3.0,2.0,1.0,0.0,0.0,0.0,44.0,DF
1063,Saed Alrosan,755,JOR,4.0,0.0,1.0,3.0,1.0,3.0,0.0,0.0,2.0,28.0,DF
1064,Axel Witsel,755,BEL,5.0,1.0,1.0,3.0,4.0,1.0,0.0,0.0,2.0,21.0,MF
1065,Jason Geria,788,AUS,3.0,1.0,0.0,2.0,1.0,2.0,0.0,2.0,5.0,46.0,DF
1066,Kaan Ayhan,788,TUR,3.0,1.0,0.0,2.0,2.0,1.0,0.0,2.0,1.0,9.0,MF
1067,Munaf Younus,565,IRQ,2.0,0.0,0.0,2.0,1.0,1.0,0.0,0.0,8.0,40.0,DF
1068,Mohammed Muntari,565,QAT,0.0,0.0,0.0,0.0,0.0,0.0,0.0,0.0,0.0,0.0,FW
1069,Nour Baniateyah,565,JOR,0.0,0.0,0.0,0.0,0.0,0.0,0.0,0.0,0.0,0.0,GK
1070,Aiman Yahya,565,KSA,0.0,0.0,0.0,0.0,0.0,0.0,0.0,0.0,0.0,0.0,FW
1071,Abdallah Alfakhori,565,JOR,0.0,0.0,0.0,0.0,0.0,0.0,0.0,0.0,0.0,0.0,GK
1072,Kim Taehyeon,565,KOR,0.0,0.0,0.0,0.0,0.0,0.0,0.0,0.0,0.0,0.0,DF
1073,Aaron Tshibola,565,COD,0.0,0.0,0.0,0.0,0.0,0.0,0.0,0.0,0.0,0.0,MF
1074,Keisuke Osako,565,JPN,0.0,0.0,0.0,0.0,0.0,0.0,0.0,0.0,0.0,0.0,GK
1075,Mohammad Abughoush,565,JOR,0.0,0.0,0.0,0.0,0.0,0.0,0.0,0.0,0.0,0.0,MF
1076,Mohammad Abuzraiq,565,JOR,2.0,1.0,1.0,0.0,0.0,2.0,0.0,0.0,2.0,10.0,FW
1077,Bae Junho,565,KOR,0.0,0.0,0.0,0.0,0.0,0.0,0.0,0.0,0.0,0.0,MF
1078,Oussama Benbot,565,ALG,1.0,0.0,0.0,1.0,1.0,0.0,0.0,0.0,0.0,40.0,GK
1079,Khalid Alghannam,565,KSA,0.0,0.0,0.0,0.0,0.0,0.0,0.0,0.0,0.0,0.0,FW
1080,Ahmed Maknazi,766,IRQ,1.0,0.0,1.0,0.0,1.0,0.0,0.0,1.0,9.0,16.0,DF
1081,Henrik Falchener,787,NOR,0.0,0.0,0.0,0.0,0.0,0.0,0.0,0.0,8.0,52.0,DF
1082,Joaquin Seys,784,BEL,2.0,1.0,1.0,0.0,1.0,1.0,0.0,0.0,0.0,12.0,DF
1083,Ross Stewart,784,SCO,2.0,1.0,1.0,0.0,1.0,1.0,0.0,0.0,0.0,0.0,FW
1084,Eray Coemert,784,SUI,2.0,1.0,0.0,1.0,1.0,1.0,0.0,0.0,2.0,13.0,DF
1085,Shurandy Sambo,830,CUW,2.0,0.0,1.0,1.0,1.0,1.0,0.0,0.0,0.0,7.0,DF
1086,Amir Hadziahmetovic,830,BIH,1.0,0.0,1.0,0.0,1.0,0.0,0.0,0.0,0.0,9.0,MF
1087,David Zima,830,CZE,2.0,0.0,1.0,1.0,1.0,1.0,0.0,0.0,1.0,16.0,DF
1088,Callan Elliot,830,NZL,1.0,0.0,1.0,0.0,0.0,1.0,0.0,0.0,3.0,11.0,DF
1089,Senne Lammens,840,BEL,1.0,0.0,0.0,1.0,1.0,0.0,0.0,0.0,0.0,23.0,GK
1090,Roozbeh Cheshmi,565,IRN,0.0,0.0,0.0,0.0,0.0,0.0,0.0,0.0,0.0,0.0,MF
1091,Danial Iri,565,IRN,0.0,0.0,0.0,0.0,0.0,0.0,0.0,0.0,0.0,0.0,DF
1092,Hossein Hosseini,565,IRN,0.0,0.0,0.0,0.0,0.0,0.0,0.0,0.0,0.0,0.0,GK
1093,Salah Zakaria,565,QAT,0.0,0.0,0.0,0.0,0.0,0.0,0.0,0.0,0.0,0.0,GK
1094,Cho Wije,565,KOR,0.0,0.0,0.0,0.0,0.0,0.0,0.0,0.0,0.0,0.0,DF
1095,Fahad Talib,565,IRQ,0.0,0.0,0.0,0.0,0.0,0.0,0.0,0.0,0.0,0.0,GK
1096,Ibrahim Sadeh,565,JOR,0.0,0.0,0.0,0.0,0.0,0.0,0.0,0.0,0.0,0.0,MF
1097,Logan Costa,565,CPV,0.0,0.0,0.0,0.0,0.0,0.0,0.0,0.0,0.0,0.0,DF
1098,Melvin Mastil,565,ALG,0.0,0.0,0.0,0.0,0.0,0.0,0.0,0.0,0.0,0.0,GK
1099,Lee Donggyeong,565,KOR,0.0,0.0,0.0,0.0,0.0,0.0,0.0,0.0,0.0,0.0,MF
1100,Cj Dos Santos,565,CPV,0.0,0.0,0.0,0.0,0.0,0.0,0.0,0.0,0.0,0.0,GK
1101,Ahmed Alkassar,565,KSA,0.0,0.0,0.0,0.0,0.0,0.0,0.0,0.0,0.0,0.0,GK
1102,Dennis Dargahi,565,IRN,0.0,0.0,0.0,0.0,0.0,0.0,0.0,0.0,0.0,0.0,FW
1103,Oliver Baumann,565,GER,0.0,0.0,0.0,0.0,0.0,0.0,0.0,0.0,0.0,0.0,GK
1104,Ivor Pandur,565,CRO,0.0,0.0,0.0,0.0,0.0,0.0,0.0,0.0,0.0,0.0,GK
1105,Duckens Nazon,779,HAI,0.0,0.0,0.0,0.0,0.0,0.0,0.0,2.0,4.0,8.0,FW
1106,Borja Iglesias,842,ESP,0.0,0.0,0.0,0.0,0.0,0.0,0.0,1.0,0.0,1.0,FW
1107,Matheus Nunes,830,POR,1.0,0.0,1.0,0.0,1.0,0.0,0.0,0.0,0.0,2.0,MF
1108,Marten De Roon,840,NED,1.0,0.0,0.0,1.0,1.0,0.0,0.0,0.0,0.0,2.0,MF
1109,Eric Garcia,840,ESP,1.0,0.0,0.0,1.0,1.0,0.0,0.0,0.0,0.0,22.0,DF
1110,Mouhib Chamakh,840,TUN,1.0,0.0,0.0,1.0,1.0,0.0,0.0,0.0,0.0,34.0,GK
1111,Brice Samba,565,FRA,0.0,0.0,0.0,0.0,0.0,0.0,0.0,0.0,0.0,0.0,GK
1112,Craig Gordon,565,SCO,0.0,0.0,0.0,0.0,0.0,0.0,0.0,0.0,0.0,0.0,GK
1113,Robin Risser,565,FRA,0.0,0.0,0.0,0.0,0.0,0.0,0.0,0.0,0.0,0.0,GK
1114,Mike Penders,565,BEL,0.0,0.0,0.0,0.0,0.0,0.0,0.0,0.0,0.0,0.0,GK
1115,Kristijan Jakic,565,CRO,0.0,0.0,0.0,0.0,0.0,0.0,0.0,0.0,0.0,0.0,DF
1116,Zeno Debast,565,BEL,0.0,0.0,0.0,0.0,0.0,0.0,0.0,0.0,0.0,0.0,DF
1117,Alexander Nuebel,565,GER,0.0,0.0,0.0,0.0,0.0,0.0,0.0,0.0,0.0,0.0,GK
1118,Koni De Winter,565,BEL,0.0,0.0,0.0,0.0,0.0,0.0,0.0,0.0,0.0,0.0,DF
1119,Sander Tangvik,565,NOR,0.0,0.0,0.0,0.0,0.0,0.0,0.0,0.0,0.0,0.0,GK
1120,Dejan Ljubicic,565,AUT,0.0,0.0,0.0,0.0,0.0,0.0,0.0,0.0,0.0,0.0,MF
1121,Lucas Hernandez,565,FRA,0.0,0.0,0.0,0.0,0.0,0.0,0.0,0.0,0.0,0.0,DF
1122,Michael Svoboda,565,AUT,0.0,0.0,0.0,0.0,0.0,0.0,0.0,0.0,0.0,0.0,DF
1123,Jose Sa,565,POR,0.0,0.0,0.0,0.0,0.0,0.0,0.0,0.0,0.0,0.0,GK
1124,Assan Ouedraogo,565,GER,0.0,0.0,0.0,0.0,0.0,0.0,0.0,0.0,0.0,0.0,MF
1125,Goncalo Guedes,565,POR,0.0,0.0,0.0,0.0,0.0,0.0,0.0,0.0,0.0,0.0,FW
1126,Florian Wiegele,565,AUT,0.0,0.0,0.0,0.0,0.0,0.0,0.0,0.0,0.0,0.0,GK
1127,Patrick Pentz,565,AUT,0.0,0.0,0.0,0.0,0.0,0.0,0.0,0.0,0.0,0.0,GK
1128,Toni Fruk,565,CRO,0.0,0.0,0.0,0.0,0.0,0.0,0.0,0.0,0.0,0.0,MF
1129,Ngolo Kante,565,FRA,0.0,0.0,0.0,0.0,0.0,0.0,0.0,0.0,0.0,0.0,MF
1130,David Affengruber,565,AUT,0.0,0.0,0.0,0.0,0.0,0.0,0.0,0.0,0.0,0.0,DF
1131,Carl Starfelt,887,SWE,0.0,0.0,0.0,0.0,0.0,0.0,0.0,0.0,1.0,27.0,DF
1132,Alessandro Schoepf,850,AUT,0.0,0.0,0.0,0.0,0.0,0.0,0.0,0.0,0.0,0.0,MF
1133,Nikola Moro,850,CRO,0.0,0.0,0.0,0.0,0.0,0.0,0.0,0.0,0.0,0.0,MF
1134,Goncalo Inacio,850,POR,0.0,0.0,0.0,0.0,0.0,0.0,0.0,0.0,0.0,0.0,DF
1135,Duje Caleta Car,850,CRO,0.0,0.0,0.0,0.0,0.0,0.0,0.0,0.0,0.0,0.0,DF
1136,Dominik Kotarski,850,CRO,0.0,0.0,0.0,0.0,0.0,0.0,0.0,0.0,0.0,0.0,GK
1137,Mahdy Soliman,908,EGY,0.0,0.0,0.0,0.0,0.0,0.0,0.0,0.0,0.0,0.0,GK
1138,Thabang Matuludi,908,RSA,0.0,0.0,0.0,0.0,0.0,0.0,0.0,0.0,0.0,0.0,DF
1139,Cherif Ndiaye,908,SEN,0.0,0.0,0.0,0.0,0.0,0.0,0.0,0.0,0.0,0.0,FW
1140,Garven Metusala,908,HAI,0.0,0.0,0.0,0.0,0.0,0.0,0.0,0.0,0.0,0.0,DF
1141,Parfait Guiagon,908,CIV,0.0,0.0,0.0,0.0,0.0,0.0,0.0,0.0,0.0,0.0,MF
1142,Abdul Mumin,908,GHA,0.0,0.0,0.0,0.0,0.0,0.0,0.0,0.0,0.0,0.0,DF
1143,Owen Goodman,908,CAN,0.0,0.0,0.0,0.0,0.0,0.0,0.0,0.0,0.0,0.0,GK
1144,Josue Duverger,908,HAI,0.0,0.0,0.0,0.0,0.0,0.0,0.0,0.0,0.0,0.0,GK
1145,Sipho Chaine,908,RSA,0.0,0.0,0.0,0.0,0.0,0.0,0.0,0.0,0.0,0.0,GK
1146,Markhus Lacroix,908,HAI,0.0,0.0,0.0,0.0,0.0,0.0,0.0,0.0,0.0,0.0,DF
1147,Kelvin Pires,908,CPV,0.0,0.0,0.0,0.0,0.0,0.0,0.0,0.0,0.0,0.0,DF
1148,Mohamed Elshenawy,908,EGY,0.0,0.0,0.0,0.0,0.0,0.0,0.0,0.0,0.0,0.0,GK
1149,Moutaz Neffati,908,TUN,0.0,0.0,0.0,0.0,0.0,0.0,0.0,0.0,0.0,0.0,DF
1150,Evan Ndicka,908,CIV,0.0,0.0,0.0,0.0,0.0,0.0,0.0,0.0,0.0,0.0,DF
1151,Augustine Boakye,908,GHA,0.0,0.0,0.0,0.0,0.0,0.0,0.0,0.0,0.0,0.0,MF
1152,Rayan Elloumi,908,TUN,0.0,0.0,0.0,0.0,0.0,0.0,0.0,0.0,0.0,0.0,FW
1153,Baba Rahman,908,GHA,0.0,0.0,0.0,0.0,0.0,0.0,0.0,0.0,0.0,0.0,DF
1154,Sabri Ben Hessen,908,TUN,0.0,0.0,0.0,0.0,0.0,0.0,0.0,0.0,0.0,0.0,GK
1155,Antoine Mendy,908,SEN,0.0,0.0,0.0,0.0,0.0,0.0,0.0,0.0,0.0,0.0,DF
1156,Dayne St Clair,908,CAN,0.0,0.0,0.0,0.0,0.0,0.0,0.0,0.0,0.0,0.0,GK
1157,Mohamed Alaa,908,EGY,0.0,0.0,0.0,0.0,0.0,0.0,0.0,0.0,0.0,0.0,GK
1158,Bradley Cross,908,RSA,0.0,0.0,0.0,0.0,0.0,0.0,0.0,0.0,0.0,0.0,DF
1159,Yehvann Diouf,908,SEN,0.0,0.0,0.0,0.0,0.0,0.0,0.0,0.0,0.0,0.0,GK
1160,Raed Chikhaoui,908,TUN,0.0,0.0,0.0,0.0,0.0,0.0,0.0,0.0,0.0,0.0,DF
1161,Youssef Belammari,908,MAR,0.0,0.0,0.0,0.0,0.0,0.0,0.0,0.0,0.0,0.0,DF
1162,Tarek Alaa,908,EGY,0.0,0.0,0.0,0.0,0.0,0.0,0.0,0.0,0.0,0.0,DF
1163,Alexandre Pierre,908,HAI,0.0,0.0,0.0,0.0,0.0,0.0,0.0,0.0,0.0,0.0,GK
1164,Ahmed Reda Tagnaouti,908,MAR,0.0,0.0,0.0,0.0,0.0,0.0,0.0,0.0,0.0,0.0,GK
1165,Olwethu Makhanya,908,RSA,0.0,0.0,0.0,0.0,0.0,0.0,0.0,0.0,0.0,0.0,DF
1166,Mohamed Kone,908,CIV,0.0,0.0,0.0,0.0,0.0,0.0,0.0,0.0,0.0,0.0,GK
1167,Khalil Ayari,908,TUN,0.0,0.0,0.0,0.0,0.0,0.0,0.0,0.0,0.0,0.0,MF
1168,Robin Roefs,565,NED,0.0,0.0,0.0,0.0,0.0,0.0,0.0,0.0,0.0,0.0,GK
1169,James Trafford,565,ENG,0.0,0.0,0.0,0.0,0.0,0.0,0.0,0.0,0.0,0.0,GK
1170,Lutsharel Geertruida,565,NED,0.0,0.0,0.0,0.0,0.0,0.0,0.0,0.0,0.0,0.0,DF
1171,Kobbie Mainoo,565,ENG,0.0,0.0,0.0,0.0,0.0,0.0,0.0,0.0,0.0,0.0,MF
1172,Martin Erlic,565,CRO,0.0,0.0,0.0,0.0,0.0,0.0,0.0,0.0,0.0,0.0,DF
1173,Mats Wieffer,565,NED,0.0,0.0,0.0,0.0,0.0,0.0,0.0,0.0,0.0,0.0,DF
1174,Mark Flekken,565,NED,0.0,0.0,0.0,0.0,0.0,0.0,0.0,0.0,0.0,0.0,GK
1175,Trevoh Chalobah,565,ENG,0.0,0.0,0.0,0.0,0.0,0.0,0.0,0.0,0.0,0.0,DF
1176,Rui Silva,565,POR,0.0,0.0,0.0,0.0,0.0,0.0,0.0,0.0,0.0,0.0,GK
1177,Roshon Van Eijma,907,CUW,0.0,0.0,0.0,0.0,0.0,0.0,0.0,0.0,0.0,2.0,DF
1178,Kevin Felida,907,CUW,0.0,0.0,0.0,0.0,0.0,0.0,0.0,0.0,0.0,0.0,MF
1179,Mladen Jurkas,907,BIH,0.0,0.0,0.0,0.0,0.0,0.0,0.0,0.0,0.0,0.0,GK
1180,Trevor Doornbusch,907,CUW,0.0,0.0,0.0,0.0,0.0,0.0,0.0,0.0,0.0,0.0,GK
1181,Martin Zlomislic,907,BIH,0.0,0.0,0.0,0.0,0.0,0.0,0.0,0.0,0.0,0.0,GK
1182,Arjany Martha,907,CUW,0.0,0.0,0.0,0.0,0.0,0.0,0.0,0.0,0.0,0.0,MF
1183,Tyrick Bodak,907,CUW,0.0,0.0,0.0,0.0,0.0,0.0,0.0,0.0,0.0,0.0,GK
1184,Godfried Roemeratoe,907,CUW,0.0,0.0,0.0,0.0,0.0,0.0,0.0,0.0,1.0,7.0,MF
1185,Wilguens Paugain,850,HAI,0.0,0.0,0.0,0.0,0.0,0.0,0.0,0.0,0.0,0.0,DF
1186,Munir El Kajoui,850,MAR,0.0,0.0,0.0,0.0,0.0,0.0,0.0,0.0,0.0,0.0,GK
1187,Botirali Ergashev,899,UZB,0.0,0.0,0.0,0.0,0.0,0.0,0.0,0.0,0.0,0.0,GK
1188,John Souttar,899,SCO,0.0,0.0,0.0,0.0,0.0,0.0,0.0,0.0,0.0,0.0,DF
1189,Jindrich Stanek,899,CZE,0.0,0.0,0.0,0.0,0.0,0.0,0.0,0.0,0.0,0.0,GK
1190,Nando Pijnaker,899,NZL,0.0,0.0,0.0,0.0,0.0,0.0,0.0,0.0,0.0,0.0,DF
1191,Alex Paulsen,899,NZL,0.0,0.0,0.0,0.0,0.0,0.0,0.0,0.0,0.0,0.0,GK
1192,Avazbek Ulmasaliyev,899,UZB,0.0,0.0,0.0,0.0,0.0,0.0,0.0,0.0,0.0,0.0,DF
1193,Kosta Barbarouses,899,NZL,0.0,0.0,0.0,0.0,0.0,0.0,0.0,0.0,0.0,0.0,FW
1194,Viktor Johansson,899,SWE,0.0,0.0,0.0,0.0,0.0,0.0,0.0,0.0,0.0,0.0,GK
1195,Hugo Sochurek,899,CZE,0.0,0.0,0.0,0.0,0.0,0.0,0.0,0.0,0.0,0.0,MF
1196,Jan Kuchta,899,CZE,0.0,0.0,0.0,0.0,0.0,0.0,0.0,0.0,0.0,0.0,FW
1197,George Hirst,899,SCO,0.0,0.0,0.0,0.0,0.0,0.0,0.0,0.0,0.0,0.0,FW
1198,Hjalmar Ekdal,899,SWE,0.0,0.0,0.0,0.0,0.0,0.0,0.0,0.0,0.0,0.0,DF
1199,David Jurasek,899,CZE,0.0,0.0,0.0,0.0,0.0,0.0,0.0,0.0,0.0,0.0,DF
1200,Herman Johansson,899,SWE,0.0,0.0,0.0,0.0,0.0,0.0,0.0,0.0,0.0,0.0,DF
1201,Tyler Fletcher,899,SCO,0.0,0.0,0.0,0.0,0.0,0.0,0.0,0.0,0.0,0.0,MF
1202,Yvon Mvogo,899,SUI,0.0,0.0,0.0,0.0,0.0,0.0,0.0,0.0,0.0,0.0,GK
1203,Eric Smith,899,SWE,0.0,0.0,0.0,0.0,0.0,0.0,0.0,0.0,0.0,0.0,DF
1204,Joan Garcia,899,ESP,0.0,0.0,0.0,0.0,0.0,0.0,0.0,0.0,0.0,0.0,GK
1205,Sherzod Esanov,899,UZB,0.0,0.0,0.0,0.0,0.0,0.0,0.0,0.0,0.0,2.0,MF
1206,Samet Akaydin,899,TUR,0.0,0.0,0.0,0.0,0.0,0.0,0.0,0.0,0.0,0.0,DF
1207,Paul Izzo,899,AUS,0.0,0.0,0.0,0.0,0.0,0.0,0.0,0.0,0.0,0.0,GK
1208,Alex Grimaldo,899,ESP,0.0,0.0,0.0,0.0,0.0,0.0,0.0,0.0,0.0,0.0,DF
1209,Marvin Keller,899,SUI,0.0,0.0,0.0,0.0,0.0,0.0,0.0,0.0,0.0,0.0,GK
1210,Joel Waterman,908,CAN,0.0,0.0,0.0,0.0,0.0,0.0,0.0,0.0,0.0,0.0,DF
1211,Ricardo Goss,908,RSA,0.0,0.0,0.0,0.0,0.0,0.0,0.0,0.0,0.0,0.0,GK
1212,Khulumani Ndamane,908,RSA,0.0,0.0,0.0,0.0,0.0,0.0,0.0,0.0,0.0,0.0,DF
1213,Mamadou Sarr,908,SEN,0.0,0.0,0.0,0.0,0.0,0.0,0.0,0.0,0.0,0.0,DF
1214,Alban Lafont,908,CIV,0.0,0.0,0.0,0.0,0.0,0.0,0.0,0.0,0.0,0.0,GK
1215,Alfie Jones,908,CAN,0.0,0.0,0.0,0.0,0.0,0.0,0.0,0.0,0.0,0.0,DF
1216,Adam Arous,908,TUN,0.0,0.0,0.0,0.0,0.0,0.0,0.0,0.0,0.0,0.0,DF
1217,Nabil Donga,908,EGY,0.0,0.0,0.0,0.0,0.0,0.0,0.0,0.0,0.0,0.0,MF
1218,Joseph Anang,908,GHA,0.0,0.0,0.0,0.0,0.0,0.0,0.0,0.0,0.0,0.0,GK
1219,Carl Sainte,908,HAI,0.0,0.0,0.0,0.0,0.0,0.0,0.0,0.0,0.0,0.0,MF
1220,Samukele Kabini,908,RSA,0.0,0.0,0.0,0.0,0.0,0.0,0.0,0.0,0.0,0.0,DF
1221,Woodensky Pierre,908,HAI,0.0,0.0,0.0,0.0,0.0,0.0,0.0,0.0,0.0,0.0,MF
1222,Christopher Bonsu Baah,908,GHA,0.0,0.0,0.0,0.0,0.0,0.0,0.0,0.0,0.0,0.0,FW
1223,Liam Kelly,1002,SCO,0.0,0.0,0.0,0.0,0.0,0.0,0.0,0.0,0.0,0.0,GK
1224,Mert Gunok,565,TUR,0.0,0.0,0.0,0.0,0.0,0.0,0.0,0.0,0.0,0.0,GK
1225,Milos Degenek,565,AUS,0.0,0.0,0.0,0.0,0.0,0.0,0.0,0.0,0.0,0.0,DF
1226,Lachlan Bayliss,565,NZL,0.0,0.0,0.0,0.0,0.0,0.0,0.0,0.0,0.0,0.0,MF
1227,David Raya,565,ESP,0.0,0.0,0.0,0.0,0.0,0.0,0.0,0.0,0.0,0.0,GK
1228,Ben Waine,907,NZL,0.0,0.0,0.0,0.0,0.0,0.0,0.0,0.0,0.0,0.0,FW
1229,Altay Bayindir,907,TUR,0.0,0.0,0.0,0.0,0.0,0.0,0.0,0.0,0.0,0.0,GK
1230,Logan Rogerson,993,NZL,0.0,0.0,0.0,0.0,0.0,0.0,0.0,0.0,0.0,0.0,FW
1231,Aurele Amenda,993,SUI,0.0,0.0,0.0,0.0,0.0,0.0,0.0,0.0,0.0,0.0,DF
1232,Dominic Hyam,899,SCO,0.0,0.0,0.0,0.0,0.0,0.0,0.0,0.0,0.0,0.0,DF
1233,Michael Woud,899,NZL,0.0,0.0,0.0,0.0,0.0,0.0,0.0,0.0,0.0,0.0,GK
1234,Umar Eshmurodov,899,UZB,0.0,0.0,0.0,0.0,0.0,0.0,0.0,0.0,0.0,0.0,DF
1235,Marc Pubill,899,ESP,0.0,0.0,0.0,0.0,0.0,0.0,0.0,0.0,0.0,4.0,DF
1236,Nihad Mujakic,899,BIH,0.0,0.0,0.0,0.0,0.0,0.0,0.0,0.0,0.0,0.0,DF
1237,Mathew Ryan,899,AUS,0.0,0.0,0.0,0.0,0.0,0.0,0.0,0.0,0.0,0.0,GK
1238,Lukas Hornicek,899,CZE,0.0,0.0,0.0,0.0,0.0,0.0,0.0,0.0,0.0,0.0,GK
1239,Cameron Devlin,899,AUS,0.0,0.0,0.0,0.0,0.0,0.0,0.0,0.0,0.0,0.0,MF
1240,Victor Munoz,899,ESP,0.0,0.0,0.0,0.0,0.0,0.0,0.0,0.0,0.0,0.0,FW
1241,Alex Rufer,899,NZL,0.0,0.0,0.0,0.0,0.0,0.0,0.0,0.0,0.0,0.0,MF
1242,Kevin Stoeger,1251,,,,,,,,,,,,
1243,Kevin Viveros,1252,,,,,,,,,,,,
1244,Khaled Binsabaa,1254,,,,,,,,,,,,
1245,Khaled Mohammed,1255,,,,,,,,,,,,
1246,Khaled Sobhy,1256,,,,,,,,,,,,
1247,Khaled Zakaria,1257,,,,,,,,,,,,
1248,Khephren Thuram,1260,,,,,,,,,,,,
1249,Khusain Norchaev,1264,,,,,,,,,,,,
1250,Kiernan Dewsbury Hall,1266,,,,,,,,,,,,
1251,Kieron Bowie,1267,,,,,,,,,,,,
1252,Kilian Belazzoug,1268,,,,,,,,,,,,
1253,Killian Sardella,1269,,,,,,,,,,,,
1254,Kim Bongsoo,1270,,,,,,,,,,,,
1255,Kim Jisoo,1272,,,,,,,,,,,,
1256,Kim Jusung,1273,,,,,,,,,,,,
1257,Kim Taehyun,1278,,,,,,,,,,,,
1258,Kingsley Coman,1279,,,,,,,,,,,,
1259,Kjell Scherpen,1280,,,,,,,,,,,,
1260,Kodai Sano,1282,,,,,,,,,,,,
1261,Koji Miyoshi,1283,,,,,,,,,,,,
1262,Koki Machida,1285,,,,,,,,,,,,
1263,Kosei Tani,1289,,,,,,,,,,,,
1264,Kosi Thompson,1290,,,,,,,,,,,,
1265,Kota Takai,1292,,,,,,,,,,,,
1266,Kristian Arnstad,1295,,,,,,,,,,,,
1267,Kristopher Da Graca,1300,,,,,,,,,,,,
1268,Krystof Danek,1301,,,,,,,,,,,,
1269,Kumel Saadi,1302,,,,,,,,,,,,
1270,Kuryu Matsuki,1303,,,,,,,,,,,,
1271,Kuvondik Ruziev,1304,,,,,,,,,,,,
1272,Kwadwo Baah,1305,,,,,,,,,,,,
1273,Kwadwo Duah,1306,,,,,,,,,,,,
1274,Kwasi Poku,1307,,,,,,,,,,,,
1275,Kwon Hyeokkyu,1309,,,,,,,,,,,,
1276,Kwon Kyungwon,1310,,,,,,,,,,,,
1277,Kye Rowles,1311,,,,,,,,,,,,
1278,Kyle Adams,1312,,,,,,,,,,,,
1279,Lautaro Di Lollo,1319,,,,,,,,,,,,
1280,Leandro Merencia,1324,,,,,,,,,,,,
1281,Lebohang Maboe,1327,RSA,,,,,,,,,,,
1282,Lee Changgeun,1328,,,,,,,,,,,,
1283,Lee Dongjun,1330,,,,,,,,,,,,
1284,Lee Hojae,1333,,,,,,,,,,,,
1285,Lee Hyunju,1334,,,,,,,,,,,,
1286,Lee Myungjae,1337,,,,,,,,,,,,
1287,Lee Seungwoo,1338,,,,,,,,,,,,
1288,Lee Youhyeon,1340,,,,,,,,,,,,
1289,Lennart Karl,1341,,,,,,,,,,,,
1290,Lennon Miller,1342,,,,,,,,,,,,
1291,Leo Ortiz,1344,,,,,,,,,,,,
1292,Leo Roman,1347,,,,,,,,,,,,
1293,Leobrian Kokubo,1348,,,,,,,,,,,,
1294,Leonardo Balerdi,1350,,,,,,,,,,,,df
1295,Leonardo Campana,1351,,,,,,,,,,,,
1296,Leonardo Realpe,1352,,,,,,,,,,,,
1297,Leonidas Stergiou,1353,,,,,,,,,,,,
1298,Leopold Querfeld,1354,,,,,,,,,,,,
1299,Leopold Wahlstedt,1355,,,,,,,,,,,,
1300,Leverton Pierre,1357,,,,,,,,,,,,mf
1301,Levi Colwill,1358,,,,,,,,,,,,
1302,Lewis Hall,1360,,,,,,,,,,,,
1303,Lewis Morgan,1361,,,,,,,,,,,,
1304,Liam Gillion,1362,,,,,,,,,,,,
1305,Liam Mcfarlane,1364,,,,,,,,,,,,
1306,Liam Morrison,1366,,,,,,,,,,,,
1307,Linus Wahlqvist,1368,,,,,,,,,,,,
1308,Loic Bade,1375,,,,,,,,,,,,
1309,Lois Openda,1376,,,,,,,,,,,,
1310,Lorenzo Melgarejo,1377,,,,,,,,,,,,
1311,Louey Ben Farhat,1378,,,,,,,,,,,,
1312,Lovro Majer,1380,,,,,,,,,,,,
1313,Luca Petrasso,1383,,,,,,,,,,,,
1314,Lucas Chevalier,1386,,,,,,,,,,,,
1315,Lucas Martinez Quarta,1390,,,,,,,,,,,,
1316,Lucas Romero,1393,,,,,,,,,,,,
1317,Lucas Stassin,1394,,,,,,,,,,,,
1318,Luciano Juba,1395,,,,,,,,,,,,
1319,Luciano Rodriguez,1396,,,,,,,,,,,,
1320,Luciano Valente,1397,,,,,,,,,,,,
1321,Luck Zogbe,1398,,,,,,,,,,,,
1322,Ludwig Augustinsson,1399,,,,,,,,,,,,
1323,Luis Fragozo,1402,,,,,,,,,,,,
1324,Luis Maximiano,1403,,,,,,,,,,,,
1325,Luis Rey,1405,MEX,,,,,,,,,,,
1326,Luka Gavran,1409,,,,,,,,,,,,
1327,Luka Kulenovic,1410,,,,,,,,,,,,
1328,Luka Menalo,1411,,,,,,,,,,,,
1329,Luka Stojkovic,1413,,,,,,,,,,,,
1330,Lukas Ambros,1416,,,,,,,,,,,,
1331,Lukas Kelly Heald,1419,,,,,,,,,,,,
1332,Lukas Sadilek,1421,,,,,,,,,,,,
1333,Luke Brooke Smith,1422,,,,,,,,,,,,
1334,Luke Graham,1423,,,,,,,,,,,,
1335,Luke Le Roux,1424,RSA,,,,,,,,,,,
1336,Luke Shaw,1425,,,,,,,,,,,,
1337,Maarten Vandevoordt,1429,,,,,,,,,,,,
1338,Mahdi Mohebi,1431,,,,,,,,,,,,
1339,Mahmoud Ghorbel,1435,,,,,,,,,,,,
1340,Majeed Ashimeru,1437,,,,,,,,,,,,
1341,Makhmudjon Makhamadjonov,1438,,,,,,,,,,,,
1342,Malang Sarr,1439,,,,,,,,,,,,
1343,Malcom Dacosta,1440,,,,,,,,,,,,
1344,Malek Shalabiya,1441,,,,,,,,,,,,
1345,Malick Fofana,1442,,,,,,,,,,,,
1346,Malik Henry,1444,,,,,,,,,,,,
1347,Mamadou Camara,1447,,,,,,,,,,,,
1348,Mamadou Diakhon,1448,,,,,,,,,,,,
1349,Mamadou Mbow,1449,,,,,,,,,,,,
1350,Mandela Keita,1451,,,,,,,,,,,,
1351,Manu Duah,1452,,,,,,,,,,,,
1352,Mao Hosoya,1457,,,,,,,,,,,,
1353,Marc Bernal,1459,,,,,,,,,,,,
1354,Marc Bola,1460,,,,,,,,,,,,
1355,Marcel Ruiz,1464,MEX,,,,,,,,,,,
1356,Marcelo Flores,1466,,,,,,,,,,,,mf
1357,Marcelo Saracchi,1467,,,,,,,,,,,,
1358,Marco Gruell,1470,,,,,,,,,,,,
1359,Marco Pellegrino,1472,,,,,,,,,,,,
1360,Marcos Acuna,1473,,,,,,,,,,,,
1361,Marcus Younis,1479,,,,,,,,,,,,
1362,Mario Stroeykens,1482,,,,,,,,,,,,
1363,Marouane Louadni,1489,,,,,,,,,,,,
1364,Marouane Sahraoui,1490,,,,,,,,,,,,
1365,Martial Godo,1493,,,,,,,,,,,,
1366,Martin Boyle,1495,,,,,,,,,,,,
1367,Martin Jedlicka,1498,,,,,,,,,,,,
1368,Martin Krug,1499,,,,,,,,,,,,
1369,Martin Vitik,1501,,,,,,,,,,,,
1370,Marwan Alsahafi,1506,,,,,,,,,,,,
1371,Marwan Badreldin,1507,,,,,,,,,,,,
1372,Masindi Nemtajela,1508,RSA,,,,,,,,,,,
1373,Masoud Mohebbi,1509,,,,,,,,,,,,
1374,Matej Hadas,1510,,,,,,,,,,,,
1375,Matej Rynes,1512,,,,,,,,,,,,
1376,Matej Vydra,1513,,,,,,,,,,,,
1377,Mateo Gamarra,1515,,,,,,,,,,,,
1378,Mateus Fernandes,1517,,,,,,,,,,,,
1379,Matheus Pereira,1520,,,,,,,,,,,,
1380,Mathias Dyngeland,1523,,,,,,,,,,,,
1381,Mathias Honsak,1524,,,,,,,,,,,,
1382,Mathias Villasanti,1526,,,,,,,,,,,,
1383,Matias Abaldo,1528,,,,,,,,,,,,
1384,Matias Soule,1531,,,,,,,,,,,,
1385,Matte Smets,1536,,,,,,,,,,,,
1386,Matteo Guendouzi,1537,,,,,,,,,,,,
1387,Matthew Dibley Dias,1538,,,,,,,,,,,,
1388,Matthew Garbett,1539,,,,,,,,,,,,mf
1389,Matthew Sheridan,1540,,,,,,,,,,,,
1390,Matthias Ginter,1541,,,,,,,,,,,,
1391,Matthias Seidl,1542,,,,,,,,,,,,
1392,Matthieu Udol,1544,,,,,,,,,,,,
1393,Matthijs De Ligt,1545,,,,,,,,,,,,
1394,Matz Sels,1547,,,,,,,,,,,,
1395,Mauro Arambarri,1549,,,,,,,,,,,,
1396,Max Balard,1551,,,,,,,,,,,,
1397,Max Johnston,1553,,,,,,,,,,,,
1398,Max Mata,1554,,,,,,,,,,,,
1399,Maximilian Mittelstaedt,1560,,,,,,,,,,,,
1400,Maximilian Woeber,1561,,,,,,,,,,,,
1401,Maximo Perrone,1562,,,,,,,,,,,,
1402,Maytham Jabbar,1563,,,,,,,,,,,,
1403,Mehdi Dorval,1565,,,,,,,,,,,,
1404,Mehdi Hashemnejad,1567,,,,,,,,,,,,
1405,Melker Ellborg,1570,,,,,,,,,,,,
1406,Mersad Seifi,1575,,,,,,,,,,,,
1407,Michael Heule,1582,,,,,,,,,,,,
1408,Michal Beran,1586,,,,,,,,,,,,
1409,Michy Batshuayi,1589,,,,,,,,,,,,
1410,Miguel Joseph,1592,,,,,,,,,,,,
1411,Miguel Merentiel,1593,,,,,,,,,,,,
1412,Mihlali Mayambela,1594,RSA,,,,,,,,,,,
1413,Mika Godts,1595,,,,,,,,,,,,
1414,Mikael Cantave,1596,,,,,,,,,,,,
1415,Mikael Ishak,1597,,,,,,,,,,,,
1416,Milton Delgado,1605,,,,,,,,,,,,
1417,Mio Backhaus,1606,,,,,,,,,,,,
1418,Mislav Orsic,1608,,,,,,,,,,,,
1419,Mitchell Duke,1609,,,,,,,,,,,,
1420,Mohamed Abukhalil,1612,,,,,,,,,,,,
1421,Mohamed Ali Ben Romdhane,1614,,,,,,,,,,,,
1422,Mohamed Altaay,1615,,,,,,,,,,,,
1423,Mohamed Azzi,1619,,,,,,,,,,,,
1424,Mohamed Belloumi,1620,,,,,,,,,,,,
1425,Mohamed Chibi,1621,,,,,,,,,,,,
1426,Mohamed Diomande,1622,,,,,,,,,,,,
1427,Mohamed Drager,1623,,,,,,,,,,,,
1428,Mohamed Farsi,1625,,,,,,,,,,,,
1429,Mohamed Khacef,1629,,,,,,,,,,,,
1430,Mohamed Khaled,1630,,,,,,,,,,,,
1431,Mohamed Rabia,1633,,,,,,,,,,,,
1432,Mohamed Rabie Hrimat,1634,,,,,,,,,,,,
1433,Mohamed Shehata,1636,,,,,,,,,,,,
1434,Mohammad Alkloub,1643,,,,,,,,,,,,
1435,Mohammad Khodabandelo,1645,,,,,,,,,,,,
1436,Mohammadjavad Hosseinnezhad,1647,,,,,,,,,,,,
1437,Mohammed Jawad,1650,,,,,,,,,,,,
1438,Mohammed Khubrani,1651,,,,,,,,,,,,
1439,Mohammed Qasim,1653,,,,,,,,,,,,
1440,Mohammed Salih,1654,,,,,,,,,,,,
1441,Mohammed Waad,1655,,,,,,,,,,,,
1442,Mohanad Jeahze,1657,,,,,,,,,,,,
1443,Mohannad Alsouliman,1660,,,,,,,,,,,,
1444,Mohannad Semreen,1661,,,,,,,,,,,,
1445,Mohau Nkota,1662,RSA,,,,,,,,,,,
1446,Momen Alsaket,1667,,,,,,,,,,,,
1447,Mondy Prunier,1668,,,,,,,,,,,,
1448,Monsef Bakrar,1669,,,,,,,,,,,,
1449,Montader Madjed,1670,,,,,,,,,,,,
1450,Moon Seonmin,1672,,,,,,,,,,,,
1451,Morgan Gibbs White,1673,,,,,,,,,,,,
1452,Moritz Nicolas,1675,,,,,,,,,,,,
1453,Morteza Pouraliganji,1678,,,,,,,,,,,,
1454,Moses Dyer,1680,,,,,,,,,,,,
1455,Mostafa Mohamed,1681,,,,,,,,,,,,
1456,Moussa Diaby,1687,,,,,,,,,,,,
1457,Moustafa Tarek,1689,,,,,,,,,,,,
1458,Mrwan Hassan,1691,,,,,,,,,,,,
1459,Mthetheleli Mthiyane,1692,RSA,,,,,,,,,,,
1460,Mubarak Shanan,1693,,,,,,,,,,,,
1461,Muhammadrasul Abdumajidov,1694,,,,,,,,,,,,
1462,Muhammed Cham,1695,,,,,,,,,,,,
1463,Mukhammadkodir Khamraliev,1696,,,,,,,,,,,,
1464,Mukhtar Ali,1697,,,,,,,,,,,,
1465,Murad Alhawsawi,1700,,,,,,,,,,,,
1466,Musaab Khidir,1701,,,,,,,,,,,,
1467,Mustafa Eskihellac,1703,,,,,,,,,,,,
1468,Myles Lewis Skelly,1705,,,,,,,,,,,,
1469,Na Sangho,1706,,,,,,,,,,,,
1470,Nabil Irfan,1709,,,,,,,,,,,,
1471,Nacim Dendani,1710,,,,,,,,,,,,
1472,Nader Ghandri,1711,,,,,,,,,,,,
1473,Nahitan Nandez,1714,,,,,,,,,,,,
1474,Nail Omerovic,1716,,,,,,,,,,,,
1475,Nampalys Mendy,1717,,,,,,,,,,,,
1476,Naomichi Ueda,1719,,,,,,,,,,,,
1477,Nasser Mansy,1721,,,,,,,,,,,,
1478,Natan,1722,,,,,,,,,,,,
1479,Nathan De Cat,1724,,,,,,,,,,,,
1480,Nathan Harriel,1725,,,,,,,,,,,,
1481,Nathangelo Markelo,1730,,,,,,,,,,,,
1482,Nathaniel Adjei,1731,,,,,,,,,,,,
1483,Nayef Aguerd,1735,,,,,,,,,,,,df
1484,Ndamulelo Maphandule,1736,RSA,,,,,,,,,,,
1485,Neiser Villarreal,1738,,,,,,,,,,,,
1486,Nelson Deossa,1739,,,,,,,,,,,,
1487,Niall Mason,1745,,,,,,,,,,,,
1488,Nicholas Dagostino,1746,,,,,,,,,,,,
1489,Nick Pope,1747,,,,,,,,,,,,
1490,Nicky Souren,1749,,,,,,,,,,,,
1491,Niclas Fuellkrug,1750,,,,,,,,,,,,
1492,Nicolas Capaldo,1757,,,,,,,,,,,,
1493,Nicolas Dominguez,1759,,,,,,,,,,,,
1494,Nicolas Fonseca,1760,,,,,,,,,,,,
1495,Nicolas Kristof,1762,,,,,,,,,,,,
1496,Nicolas Marichal,1763,,,,,,,,,,,,
1497,Nicolo Tresoldi,1769,,,,,,,,,,,,
1498,Nikita Haikin,1771,,,,,,,,,,,,
1499,Niko Kirwan,1772,,,,,,,,,,,,
1500,Nikola Markovic,1775,,,,,,,,,,,,
1501,Nikola Tzanev,1777,,,,,,,,,,,,
1502,Nikolas Polster,1780,,,,,,,,,,,,
1503,Nikolas Veratschnig,1781,,,,,,,,,,,,
1504,Nikolaus Wurmbrand,1782,,,,,,,,,,,,
1505,Nino Fancito,1784,,,,,,,,,,,,
1506,Nkosikhona Radebe,1787,RSA,,,,,,,,,,,
1507,Noah Abatneh,1790,,,,,,,,,,,,
1508,Noah Atubolu,1791,,,,,,,,,,,,
1509,Noah Eile,1792,,,,,,,,,,,,
1510,Nobel Mendy,1795,,,,,,,,,,,,
1511,Nodirbek Abdurazzokov,1796,,,,,,,,,,,,
1512,Noel Tornqvist,1797,,,,,,,,,,,,
1513,Noureddine Farhati,1801,,,,,,,,,,,,
1514,Nuno Tavares,1805,,,,,,,,,,,,
1515,Odin Bjortuft,1810,,,,,,,,,,,,
1516,Oh Sehun,1813,,,,,,,,,,,,
1517,Okan Kocuk,1814,,,,,,,,,,,,
1518,Oli Mcburnie,1815,,,,,,,,,,,,
1519,Oliver Burke,1817,,,,,,,,,,,,
1520,Olivier Deman,1818,,,,,,,,,,,,
1521,Omar Ben Ali,1822,,,,,,,,,,,,
1522,Omar Browne,1823,,,,,,,,,,,,
1523,Omar El Hilali,1824,,,,,,,,,,,,
1524,Omar Valencia,1827,,,,,,,,,,,,
1525,Ondrej Kricfalusi,1828,,,,,,,,,,,,
1526,Ondrej Mihalik,1829,,,,,,,,,,,,
1527,Osama Faisal,1835,,,,,,,,,,,,
1528,Osamah Rashid,1836,,,,,,,,,,,,
1529,Oscar Mingueza,1838,,,,,,,,,,,,
1530,Oscar Naasei,1839,,,,,,,,,,,,
1531,Oscar Romero,1840,,,,,,,,,,,,
1532,Oscar Zambrano,1841,,,,,,,,,,,,
1533,Osman Hadzikic,1842,,,,,,,,,,,,
1534,Othmane Maamma,1846,,,,,,,,,,,,
1535,Otto Rosengren,1847,,,,,,,,,,,,
1536,Oussama Targhalline,1852,,,,,,,,,,,,
1537,Ousseynou Niang,1853,,,,,,,,,,,,
1538,Owen Parker Price,1855,,,,,,,,,,,,
1539,Oybek Bozorov,1856,,,,,,,,,,,,
1540,Pablo Barrios,1858,,,,,,,,,,,,
1541,Pablo Fornals,1859,,,,,,,,,,,,
1542,Pape Sy,1863,,,,,,,,,,,,
1543,Park Seungwook,1866,,,,,,,,,,,,
1544,Pascal Loretz,1868,,,,,,,,,,,,
1545,Patrick Andrade,1870,,,,,,,,,,,,
1546,Patrick Maswanganyi,1873,RSA,,,,,,,,,,,
1547,Patrick Schulte,1875,,,,,,,,,,,,
1548,Patrick Yazbek,1877,,,,,,,,,,,,
1549,Patrik Carlgren,1878,,,,,,,,,,,,
1550,Patrik Hellebrand,1879,,,,,,,,,,,,
1551,Pau Torres,1882,,,,,,,,,,,,
1552,Paul Reverson,1885,,,,,,,,,,,,
1553,Paulinho,1887,,,,,,,,,,,,
1554,Paulo Cardoso,1888,,,,,,,,,,,,
1555,Paulo Henrique,1889,,,,,,,,,,,,
1556,Pavel Bucha,1890,,,,,,,,,,,,
1557,Paxten Aaronson,1892,,,,,,,,,,,,
1558,Pedro,1895,,,,,,,,,,,,
1559,Pedro Goncalves,1896,,,,,,,,,,,,
1560,Peter Gwargis,1904,,,,,,,,,,,,
1561,Phil Foden,1905,,,,,,,,,,,,
1562,Philipp Koehn,1906,,,,,,,,,,,,
1563,Philipp Treu,1908,,,,,,,,,,,,
1564,Pierre Kalulu,1912,,,,,,,,,,,,
1565,Pouria Latififar,1913,,,,,,,,,,,,
1566,Pourya Shahrabadi,1914,,,,,,,,,,,,
1567,Prince Amoako,1916,,,,,,,,,,,,
1568,Quilindschy Hartman,1918,,,,,,,,,,,,
1569,Rafael Mosquera,1922,,,,,,,,,,,,
1570,Rafael Santos Borre,1923,,,,,,,,,,,,
1571,Raheem Edwards,1925,,,,,,,,,,,,
1572,Ralph Priso,1927,,,,,,,,,,,,
1573,Ramon Juarez,1930,MEX,,,,,,,,,,,
1574,Randal Kolo Muani,1934,,,,,,,,,,,,
1575,Rangelo Janga,1935,,,,,,,,,,,,
1576,Ransford Yeboah Koenigsdoerffer,1937,,,,,,,,,,,,
1577,Raphael Borges Rodrigues,1938,,,,,,,,,,,,
1578,Rassoul Ndiaye,1940,,,,,,,,,,,,
1579,Raul Florucz,1941,,,,,,,,,,,,
1580,Rayan Hamed,1948,,,,,,,,,,,,
1581,Rayan Kolli,1949,,,,,,,,,,,,
1582,Rayane Bounida,1950,,,,,,,,,,,,
1583,Rayyan Ahmed,1951,,,,,,,,,,,,
1584,Razak Simpson,1952,,,,,,,,,,,,
1585,Redouane Berkane,1954,,,,,,,,,,,,
1586,Renaldo Leaner,1959,RSA,,,,,,,,,,,
1587,Reo Hatate,1961,,,,,,,,,,,,
1588,Reza Ghandipour,1962,,,,,,,,,,,,
1589,Reziq Banihani,1963,,,,,,,,,,,,
1590,Ricardo Horta,1966,,,,,,,,,,,,
1591,Ricardo Phillips,1968,,,,,,,,,,,,
1592,Ricardo Velho,1970,,,,,,,,,,,,
1593,Richard Ledezma,1971,MEX,,,,,,,,,,,
1594,Richarlison,1973,,,,,,,,,,,,
1595,Ridle Baku,1975,,,,,,,,,,,,
1596,Ridvan Yilmaz,1976,,,,,,,,,,,,
1597,Rihito Yamamoto,1978,,,,,,,,,,,,
1598,Riley Mcgree,1979,,,,,,,,,,,,
1599,Ritchy Valme,1980,,,,,,,,,,,,
1600,Robbie Ure,1983,,,,,,,,,,,,
1601,Robby Mccrorie,1984,,,,,,,,,,,,
1602,Robert Andrich,1985,,,,,,,,,,,,
1603,Robert Morales,1986,,,,,,,,,,,,
1604,Robert Piris Da Motta,1987,,,,,,,,,,,,
1605,Robert Sanchez,1988,,,,,,,,,,,,
1606,Robin Gosens,1990,,,,,,,,,,,,
1607,Robin Koch,1992,,,,,,,,,,,,
1608,Robin Le Normand,1993,,,,,,,,,,,,
1609,Rocky Bushiri,1996,,,,,,,,,,,,
1610,Rodney Redes,1998,,,,,,,,,,,,
1611,Rodrigo Mora,2003,,,,,,,,,,,,
1612,Roger Fernandes,2005,,,,,,,,,,,,
1613,Romain Perraud,2007,,,,,,,,,,,,
1614,Roman Celentano,2008,,,,,,,,,,,,
1615,Romeo Lavia,2011,,,,,,,,,,,,
1616,Romeo Vermant,2012,,,,,,,,,,,,
1617,Ronald Donkor,2014,,,,,,,,,,,,
1618,Ronaldo Damus,2015,,,,,,,,,,,,
1619,Ronaldo De Jesus,2016,,,,,,,,,,,,
1620,Ronaldo Martinez,2017,,,,,,,,,,,,
1621,Roony Bardghji,2019,,,,,,,,,,,,
1622,Ross Mccrorie,2022,,,,,,,,,,,,
1623,Ruairidh Adams,2024,,,,,,,,,,,,
1624,Ruben Lezcano,2026,,,,,,,,,,,,
1625,Ruben Loftus Cheek,2027,,,,,,,,,,,,
1626,Rustam Turdimurodov,2033,,,,,,,,,,,,
1627,Ryan Gauld,2035,,,,,,,,,,,,
1628,Ryan One,2038,,,,,,,,,,,,
1629,Ryan Porteous,2039,,,,,,,,,,,,
1630,Ryoya Morishita,2041,,,,,,,,,,,,
1631,Ryunosuke Sato,2042,,,,,,,,,,,,
1632,Sacha Boey,2044,,,,,,,,,,,,
1633,Said Benrahma,2048,,,,,,,,,,,,
1634,Said El Mala,2049,,,,,,,,,,,,
1635,Sajjad Jasim,2050,,,,,,,,,,,,
1636,Salah Mohsen,2051,,,,,,,,,,,,
1637,Saleh Abu Alshamat,2054,,,,,,,,,,,,
1638,Salim Adams,2059,,,,,,,,,,,,
1639,Salis Abdul Samed,2060,,,,,,,,,,,,
1640,Sam Adekugbe,2061,,,,,,,,,,,,
1641,Sam Sutton,2062,,,,,,,,,,,,
1642,Saman Fallah,2063,,,,,,,,,,,,
1643,Samson Baidoo,2069,,,,,,,,,,,,
1644,Samuel Dahl,2071,,,,,,,,,,,,
1645,Samuel Essende,2072,,,,,,,,,,,,
1646,Samuel Lino,2073,,,,,,,,,,,,
1647,Samuel Mbangula,2074,,,,,,,,,,,,
1648,Samuel Piette,2076,,,,,,,,,,,,
1649,Samuel Silvera,2077,,,,,,,,,,,,
1650,Santiago Beltran,2082,,,,,,,,,,,,
1651,Santiago Castro,2084,,,,,,,,,,,,
1652,Santiago Homenchenko,2086,,,,,,,,,,,,
1653,Santiago Rojas,2088,,,,,,,,,,,,
1654,Sardor Bakhromov,2089,,,,,,,,,,,,
1655,Sascha Britschgi,2092,,,,,,,,,,,,
1656,Sascha Horvath,2093,,,,,,,,,,,,
1657,Saul Salcedo,2095,,,,,,,,,,,,
1658,Savinho,2096,,,,,,,,,,,,
1659,Sayfallah Ltaief,2097,,,,,,,,,,,,
1660,Scott Bain,2098,,,,,,,,,,,,
1661,Sean Zawadzki,2102,,,,,,,,,,,,
1662,Sebastiaan Bornauw,2103,,,,,,,,,,,,
1663,Sebastian Gomez,2106,,,,,,,,,,,,
1664,Sebastian Nanasi,2107,,,,,,,,,,,,
1665,Sebastian Sebulonsen,2108,,,,,,,,,,,,
1666,Sebastian Soria,2109,,,,,,,,,,,,
1667,Sebastian Villa,2111,,,,,,,,,,,,
1668,Sebastien Haller,2112,,,,,,,,,,,,
1669,Seifeddine Jaziri,2113,,,,,,,,,,,,
1670,Semih Kilicsoy,2115,,,,,,,,,,,,
1671,Seo Minwoo,2117,,,,,,,,,,,,
1672,Sergio Gomez,2120,,,,,,,,,,,,
1673,Shahab Zahedi,2122,,,,,,,,,,,,
1674,Shehab Mamdouh,2124,,,,,,,,,,,,
1675,Shelton Guillaume,2125,,,,,,,,,,,,
1676,Sherko Kareem,2127,,,,,,,,,,,,
1677,Shin Minha,2130,,,,,,,,,,,,
1678,Shunsuke Mito,2133,,,,,,,,,,,,
1679,Simon Eriksson,2140,,,,,,,,,,,,
1680,Simon Olsson,2141,,,,,,,,,,,,
1681,Simon Sohm,2142,,,,,,,,,,,,
1682,Sinaly Diomande,2143,,,,,,,,,,,,
1683,Sindre Walle Egeli,2144,,,,,,,,,,,,
1684,Siphesihle Mkhize,2145,RSA,,,,,,,,,,,
1685,Slim Bouaskar,2147,,,,,,,,,,,,
1686,Sofiane Boufal,2148,,,,,,,,,,,,
1687,Sofiane Diop,2149,,,,,,,,,,,,
1688,Sohaib Nair,2151,,,,,,,,,,,,
1689,Solomon Agbasi,2152,,,,,,,,,,,,
1690,Sondre Brunstad Fet,2154,,,,,,,,,,,,
1691,Sondre Orjasaeter,2156,,,,,,,,,,,,
1692,Sota Kawasaki,2159,,,,,,,,,,,,
1693,Sota Kitano,2160,,,,,,,,,,,,
1694,Souffian El Karouani,2161,,,,,,,,,,,,
1695,Soufiane Benjdida,2162,,,,,,,,,,,,
1696,Soufiane Bouftini,2163,,,,,,,,,,,,
1697,Soufiane El Faouzi,2164,,,,,,,,,,,,
1698,Sphesihle Maduna,2167,RSA,,,,,,,,,,,
1699,Stefan De Vrij,2168,,,,,,,,,,,,
1700,Stephane Cueni,2171,,,,,,,,,,,,
1701,Stephane Lambese,2172,,,,,,,,,,,,
1702,Stephen Welsh,2174,,,,,,,,,,,,
1703,Stevenson Jeudi,2177,,,,,,,,,,,,
1704,Stian Gregersen,2178,,,,,,,,,,,,
1705,Stiven Mendoza,2179,,,,,,,,,,,,
1706,Storm Roux,2182,,,,,,,,,,,,
1707,Stuart Findlay,2183,,,,,,,,,,,,
1708,Suad Natiq,2184,,,,,,,,,,,,
1709,Sven Botman,2187,,,,,,,,,,,,
1710,Taher Mohamed,2189,,,,,,,,,,,,
1711,Taishi Brandon Nozawa,2192,,,,,,,,,,,,
1712,Takuma Asano,2196,,,,,,,,,,,,
1713,Tanner Tessmann,2198,,,,,,,,,,,,
1714,Tarek Salman,2200,,,,,,,,,,,,
1715,Tarik Karic,2201,,,,,,,,,,,,
1716,Tatsuhiro Sakamoto,2203,,,,,,,,,,,,
1717,Tawfik Bentayeb,2204,,,,,,,,,,,,
1718,Teo Michel,2207,,,,,,,,,,,,
1719,Terry Yegbe,2208,,,,,,,,,,,,
1720,Thabo Moloisane,2212,RSA,,,,,,,,,,,
1721,Thapelo Morena,2215,RSA,,,,,,,,,,,
1722,Theo Bair,2218,,,,,,,,,,,,
1723,Thiago Silva,2222,,,,,,,,,,,,
1724,Thierno Ballo,2224,,,,,,,,,,,,
1725,Thorgan Hazard,2227,,,,,,,,,,,,
1726,Tiago Gabriel,2228,,,,,,,,,,,,
1727,Tiago Palacios,2229,,,,,,,,,,,,
1728,Tim Kleindienst,2231,,,,,,,,,,,,
1729,Timothy Tillman,2236,,,,,,,,,,,,
1730,Tino Livramento,2238,,,,,,,,,,,,df
1731,Tobias Guddal,2239,,,,,,,,,,,,
1732,Tobias Lawal,2240,,,,,,,,,,,,
1733,Tom Bischof,2241,,,,,,,,,,,,
1734,Tom Glover,2242,,,,,,,,,,,,
1735,Toma Basic,2243,,,,,,,,,,,,
1736,Tomas Aranda,2244,,,,,,,,,,,,
1737,Tomas Ladra,2248,,,,,,,,,,,,
1738,Tomas Vlcek,2251,,,,,,,,,,,,
1739,Tommy Conway,2252,,,,,,,,,,,,
1740,Tommy St Jago,2253,,,,,,,,,,,,
1741,Tomoya Ando,2255,,,,,,,,,,,,
1742,Toni Martinez,2257,,,,,,,,,,,,
1743,Toni Silic,2258,,,,,,,,,,,,
1744,Trent Alexander Arnold,2260,,,,,,,,,,,,
1745,Tristan Blackmon,2264,,,,,,,,,,,,
1746,Tylon Smith,2270,RSA,,,,,,,,,,,
1747,Tyrique Mercera,2273,,,,,,,,,,,,
1748,Ulisses Garcia,2275,,,,,,,,,,,,
1749,Umut Nayir,2277,,,,,,,,,,,,
1750,Uran Bislimi,2279,,,,,,,,,,,,
1751,Vaclav Jemelka,2281,,,,,,,,,,,,
1752,Vaclav Sejk,2282,,,,,,,,,,,,
1753,Vakoun Issouf Bayo,2283,,,,,,,,,,,,
1754,Vasil Kusej,2285,,,,,,,,,,,,
1755,Victor Eriksson,2286,,,,,,,,,,,,
1756,Victor Griffith,2287,,,,,,,,,,,,
1757,Victor Guzman,2288,MEX,,,,,,,,,,,
1758,Victor Joseph,2289,,,,,,,,,,,,
1759,Viljar Myhra,2294,,,,,,,,,,,,
1760,Vincent Sierro,2295,,,,,,,,,,,,
1761,Vitinho,2299,,,,,,,,,,,,
1762,Vitor Reis,2300,,,,,,,,,,,,
1763,Vladimir Nazarov,2303,,,,,,,,,,,,
1764,Vojtech Patrak,2304,,,,,,,,,,,,
1765,Vuyo Letlapa,2306,RSA,,,,,,,,,,,
1766,Wajdi Kechrida,2308,,,,,,,,,,,,
1767,Walker Zimmerman,2310,,,,,,,,,,,,
1768,Walter Benitez,2311,,,,,,,,,,,,
1769,Warren Kamanzi,2312,,,,,,,,,,,,
1770,Wataru Endo,2314,,,,,,,,,,,,mf
1771,Wesley,2315,,,,,,,,,,,,
1772,Wesley Delgado,2316,,,,,,,,,,,,
1773,Wesley Fofana,2317,,,,,,,,,,,,
1774,Williot Swedberg,2325,,,,,,,,,,,,
1775,Wilmar Barrios,2327,,,,,,,,,,,,
1776,Woobens Pacius,2329,,,,,,,,,,,,
1777,Wout Faes,2331,,,,,,,,,,,,
1778,Xander Severina,2333,,,,,,,,,,,,
1779,Xavier Arreaga,2335,,,,,,,,,,,,
1780,Yanela Mbuthuma,2340,RSA,,,,,,,,,,,
1781,Yanis Begraoui,2342,,,,,,,,,,,,
1782,Yann Bisseck,2343,,,,,,,,,,,,
1783,Yann Gboho,2344,,,,,,,,,,,,
1784,Yannick Carrasco,2345,,,,,,,,,,,,
1785,Yaser Asprilla,2347,,,,,,,,,,,,
1786,Yassine Benzia,2351,,,,,,,,,,,,
1787,Yassir Zabiri,2354,,,,,,,,,,,,
1788,Yazan Alnaimat,2356,,,,,,,,,,,,
1789,Yerson Mosquera,2361,,,,,,,,,,,,
1790,Yousef Abualjazar,2364,,,,,,,,,,,,
1791,Yousef Abujalboush,2365,,,,,,,,,,,,
1792,Yousef Qashi,2366,,,,,,,,,,,,
1793,Youssef Ayman,2368,,,,,,,,,,,,
1794,Youssef En Nesyri,2370,,,,,,,,,,,,
1795,Youssef Enriquez Lekhedim,2371,,,,,,,,,,,,
1796,Youssouf Fofana,2372,,,,,,,,,,,,
1797,Yu Hirakawa,2373,,,,,,,,,,,,
1798,Yuki Ohashi,2375,,,,,,,,,,,,
1799,Yuki Soma,2376,,,,,,,,,,,,
1800,Yunus Musah,2379,,,,,,,,,,,,
1801,Yuran Fernandes,2380,,,,,,,,,,,,
1802,Yusuf Akcicek,2382,,,,,,,,,,,,
1803,Yusuf Sari,2383,,,,,,,,,,,,
1804,Yuto Tsunashima,2384,,,,,,,,,,,,
1805,Zac Sapsford,2386,,,,,,,,,,,,
1806,Zach Brault Guillard,2387,,,,,,,,,,,,
1807,Zachary Athekame,2388,,,,,,,,,,,,
1808,Zack Steffen,2389,,,,,,,,,,,,
1809,Zaid Romero,2391,,,,,,,,,,,,
1810,Zakaria Hawsawi,2394,,,,,,,,,,,,
1811,Zavier Gozo,2395,,,,,,,,,,,,
1812,Zorhan Bassong,2404,,,,,,,,,,,,
