name,shirt,team,passes,passes_completed,passing_accuracy_rate,crosses,crossing_accuracy_rate,take_ons_completed,linebreaks_attempted_defensive_line,linebreak_attempted_defensive_line_rate,attempted_switches_of_play,switches_of_play_rate,position
Rodri,1,ESP,799.0,747.0,93.0,3.0,0.0,2.0,21.0,90.0,11.0,91.0,MF
Pau Cubarsi,2,ESP,690.0,668.0,97.0,1.0,0.0,0.0,7.0,71.0,2.0,100.0,DF
Aymeric Laporte,3,ESP,660.0,618.0,94.0,0.0,0.0,0.0,12.0,58.0,8.0,100.0,DF
Leandro Paredes,4,ARG,565.0,532.0,94.0,2.0,50.0,3.0,8.0,38.0,7.0,100.0,MF
Marc Guehi,5,ENG,532.0,514.0,97.0,0.0,0.0,2.0,10.0,70.0,4.0,75.0,DF
Enzo Fernandez,6,ARG,519.0,480.0,92.0,5.0,40.0,5.0,21.0,71.0,8.0,88.0,MF
Ezri Konsa,7,ENG,488.0,469.0,96.0,3.0,0.0,1.0,3.0,100.0,3.0,67.0,DF
Manuel Akanji,8,SUI,479.0,444.0,93.0,0.0,0.0,0.0,8.0,88.0,8.0,100.0,DF
Marc Cucurella,9,ESP,474.0,433.0,91.0,15.0,20.0,1.0,13.0,54.0,2.0,100.0,DF
Granit Xhaka,10,SUI,470.0,427.0,91.0,4.0,0.0,2.0,15.0,47.0,8.0,100.0,MF
Pedri,11,ESP,469.0,420.0,90.0,14.0,36.0,2.0,16.0,75.0,2.0,100.0,MF
Lisandro Martinez,12,ARG,450.0,422.0,94.0,3.0,0.0,2.0,9.0,67.0,1.0,100.0,DF
Achraf Hakimi,13,MAR,449.0,402.0,90.0,38.0,32.0,11.0,7.0,86.0,6.0,83.0,DF
Elliot Anderson,14,ENG,445.0,396.0,89.0,6.0,50.0,1.0,17.0,71.0,10.0,90.0,MF
Dayot Upamecano,15,FRA,443.0,409.0,92.0,0.0,0.0,2.0,6.0,67.0,4.0,100.0,DF
Nico Elvedi,16,SUI,438.0,406.0,93.0,0.0,0.0,3.0,2.0,50.0,5.0,100.0,DF
Neil El Aynaoui,17,MAR,433.0,405.0,94.0,0.0,0.0,1.0,3.0,0.0,3.0,67.0,MF
Gabriel Magalhaes,18,BRA,431.0,413.0,96.0,0.0,0.0,0.0,2.0,50.0,2.0,100.0,DF
Alexis Mac Allister,19,ARG,430.0,393.0,91.0,1.0,0.0,1.0,3.0,33.0,3.0,100.0,MF
Cristian Romero,19,ARG,430.0,415.0,97.0,0.0,0.0,3.0,1.0,0.0,0.0,0.0,DF
Sander Berge,21,NOR,425.0,412.0,97.0,2.0,0.0,1.0,4.0,75.0,2.0,100.0,MF
Pedro Porro,22,ESP,420.0,379.0,90.0,19.0,26.0,3.0,17.0,35.0,9.0,100.0,DF
Michael Olise,23,FRA,417.0,362.0,87.0,20.0,25.0,17.0,28.0,75.0,3.0,100.0,FW
Vitinha,24,POR,403.0,379.0,94.0,0.0,0.0,2.0,7.0,71.0,11.0,100.0,MF
Brandon Mechele,25,BEL,399.0,369.0,92.0,0.0,0.0,1.0,4.0,50.0,2.0,100.0,DF
Ramy Bensebaini,26,ALG,385.0,359.0,93.0,0.0,0.0,1.0,8.0,38.0,1.0,100.0,DF
Aissa Mandi,27,ALG,382.0,357.0,93.0,0.0,0.0,0.0,5.0,20.0,10.0,90.0,DF
Marquinhos,28,BRA,380.0,367.0,97.0,1.0,100.0,0.0,4.0,75.0,6.0,100.0,DF
Jonathan Tah,29,GER,375.0,364.0,97.0,1.0,0.0,1.0,3.0,100.0,1.0,100.0,DF
Joshua Kimmich,30,GER,368.0,336.0,91.0,25.0,20.0,1.0,9.0,56.0,2.0,100.0,DF
Martin Odegaard,31,NOR,367.0,322.0,88.0,16.0,19.0,3.0,18.0,56.0,0.0,0.0,MF
Lionel Messi,31,ARG,367.0,288.0,78.0,46.0,39.0,25.0,36.0,58.0,5.0,80.0,FW
Davinson Sanchez,33,COL,361.0,324.0,90.0,0.0,0.0,1.0,10.0,20.0,6.0,100.0,DF
Jan Paul Van Hecke,34,NED,360.0,335.0,93.0,1.0,0.0,1.0,5.0,60.0,4.0,75.0,DF
Marawan Attia,35,EGY,357.0,313.0,88.0,8.0,38.0,0.0,15.0,47.0,8.0,100.0,MF
Jules Kounde,36,FRA,353.0,314.0,89.0,15.0,13.0,0.0,7.0,43.0,0.0,0.0,DF
Adrien Rabiot,37,FRA,351.0,323.0,92.0,2.0,0.0,2.0,13.0,77.0,1.0,100.0,MF
Virgil Van Dijk,38,NED,347.0,330.0,95.0,0.0,0.0,1.0,1.0,100.0,1.0,100.0,DF
Declan Rice,39,ENG,340.0,312.0,92.0,40.0,38.0,2.0,12.0,50.0,4.0,75.0,MF
Renato Veiga,40,POR,336.0,320.0,95.0,0.0,0.0,1.0,4.0,50.0,1.0,100.0,DF
Rodrigo De Paul,41,ARG,327.0,300.0,92.0,13.0,38.0,2.0,9.0,67.0,1.0,100.0,MF
Issa Diop,42,MAR,326.0,299.0,92.0,0.0,0.0,0.0,3.0,0.0,1.0,100.0,DF
Remo Freuler,43,SUI,324.0,299.0,92.0,5.0,20.0,0.0,7.0,71.0,2.0,0.0,MF
Azzedine Ounahi,44,MAR,315.0,281.0,89.0,6.0,33.0,8.0,17.0,65.0,3.0,100.0,MF
William Saliba,44,FRA,315.0,307.0,97.0,0.0,0.0,1.0,1.0,0.0,2.0,100.0,DF
Unai Simon,46,ESP,314.0,253.0,81.0,0.0,0.0,0.0,5.0,20.0,2.0,100.0,GK
Torbjorn Heggem,47,NOR,301.0,282.0,94.0,0.0,0.0,1.0,4.0,25.0,0.0,0.0,DF
Tim Ream,48,USA,298.0,281.0,94.0,0.0,0.0,2.0,6.0,33.0,5.0,100.0,DF
Pedro Vite,49,ECU,297.0,269.0,91.0,7.0,43.0,1.0,9.0,56.0,2.0,100.0,MF
Ousmane Dembele,49,FRA,297.0,236.0,79.0,36.0,17.0,9.0,29.0,62.0,6.0,83.0,FW
Chris Richards,48,USA,291.0,277.0,95.0,0.0,0.0,0.0,2.0,0.0,2.0,100.0,DF
Moussa Niakhate,49,SEN,290.0,271.0,93.0,2.0,50.0,0.0,1.0,100.0,4.0,75.0,DF
Mohammad Abuhasheesh,1,JOR,3.0,3.0,100.0,0.0,0.0,0.0,0.0,0.0,0.0,0.0,DF
Mohamed Abdelmoneim,1,EGY,14.0,14.0,100.0,0.0,0.0,0.0,0.0,0.0,1.0,100.0,DF
Mustafa Saadoon,1,IRQ,1.0,1.0,100.0,0.0,0.0,0.0,0.0,0.0,0.0,0.0,DF
Jordy Caicedo,1,ECU,6.0,6.0,100.0,0.0,0.0,0.0,0.0,0.0,0.0,0.0,FW
Kevin Castano,1,COL,14.0,14.0,100.0,0.0,0.0,0.0,0.0,0.0,0.0,0.0,MF
Firas Chaouat,1,TUN,7.0,7.0,100.0,0.0,0.0,0.0,0.0,0.0,0.0,0.0,FW
Luis Chavez,1,MEX,28.0,28.0,100.0,1.0,0.0,0.0,1.0,100.0,0.0,0.0,MF
Mojmir Chytil,1,CZE,2.0,2.0,100.0,0.0,0.0,0.0,1.0,100.0,0.0,0.0,FW
Eray Coemert,1,SUI,5.0,5.0,100.0,0.0,0.0,0.0,0.0,0.0,0.0,0.0,DF
Findlay Curtis,1,SCO,2.0,2.0,100.0,2.0,0.0,1.0,1.0,100.0,0.0,0.0,FW
Samu Costa,1,POR,11.0,11.0,100.0,0.0,0.0,0.0,0.0,0.0,0.0,0.0,DF
Marten De Roon,1,NED,1.0,1.0,100.0,0.0,0.0,0.0,0.0,0.0,0.0,0.0,MF
Assane Diao,1,SEN,12.0,12.0,100.0,0.0,0.0,2.0,3.0,33.0,0.0,0.0,FW
Bamba Dieng,1,SEN,3.0,3.0,100.0,0.0,0.0,0.0,0.0,0.0,0.0,0.0,FW
Ederson Silva,1,BRA,5.0,5.0,100.0,3.0,33.0,0.0,0.0,0.0,0.0,0.0,MF
Zakaria El Ouahdi,1,MAR,14.0,14.0,100.0,0.0,0.0,0.0,1.0,0.0,0.0,0.0,DF
Eom Jisung,1,KOR,9.0,9.0,100.0,3.0,67.0,2.0,2.0,100.0,0.0,0.0,MF
Sherzod Esanov,1,UZB,1.0,1.0,100.0,0.0,0.0,0.0,0.0,0.0,0.0,0.0,MF
Christian Fassnacht,1,SUI,5.0,5.0,100.0,0.0,0.0,0.0,0.0,0.0,0.0,0.0,FW
Yassin Fortune,1,HAI,5.0,5.0,100.0,0.0,0.0,0.0,0.0,0.0,0.0,0.0,FW
Anibal Godoy,1,PAN,8.0,8.0,100.0,1.0,0.0,0.0,1.0,100.0,1.0,0.0,MF
Armando Gonzalez,1,MEX,1.0,1.0,100.0,0.0,0.0,0.0,0.0,0.0,0.0,0.0,FW
Keisuke Goto,1,JPN,1.0,1.0,100.0,0.0,0.0,0.0,1.0,100.0,0.0,0.0,FW
Pascal Gross,1,GER,14.0,14.0,100.0,1.0,0.0,0.0,1.0,100.0,0.0,0.0,MF
Amir Hadziahmetovic,1,BIH,3.0,3.0,100.0,1.0,0.0,0.0,0.0,0.0,0.0,0.0,MF
Cesar Huerta,1,MEX,2.0,2.0,100.0,0.0,0.0,0.0,0.0,0.0,0.0,0.0,FW
Roger Ibanez,1,BRA,22.0,22.0,100.0,0.0,0.0,2.0,1.0,100.0,0.0,0.0,DF
Amer Jamous,1,JOR,4.0,4.0,100.0,0.0,0.0,0.0,0.0,0.0,0.0,0.0,MF
Irfan Can Kahveci,1,TUR,2.0,2.0,100.0,0.0,0.0,0.0,0.0,0.0,0.0,0.0,FW
Justin Kluivert,1,NED,7.0,7.0,100.0,1.0,0.0,0.0,0.0,0.0,0.0,0.0,MF
Alex Sandro,1,BRA,13.0,13.0,100.0,0.0,0.0,0.0,0.0,0.0,0.0,0.0,DF
Jose Manuel Lopez,1,ARG,2.0,2.0,100.0,0.0,0.0,0.0,1.0,0.0,0.0,0.0,FW
Jearl Margaritha,1,CUW,8.0,8.0,100.0,0.0,0.0,0.0,0.0,0.0,0.0,0.0,FW
Jean Philippe Mateta,1,FRA,2.0,2.0,100.0,0.0,0.0,1.0,0.0,0.0,0.0,0.0,FW
Yerry Mina,1,COL,3.0,3.0,100.0,0.0,0.0,0.0,0.0,0.0,0.0,0.0,DF
Ali Yousif,1,IRQ,4.0,4.0,100.0,0.0,0.0,0.0,0.0,0.0,0.0,0.0,FW
Matheus Nunes,1,POR,1.0,1.0,100.0,0.0,0.0,0.0,0.0,0.0,0.0,0.0,MF
Koki Ogawa,1,JPN,3.0,3.0,100.0,0.0,0.0,0.0,0.0,0.0,0.0,0.0,FW
Orbelin Pineda,1,MEX,5.0,5.0,100.0,0.0,0.0,1.0,1.0,0.0,0.0,0.0,MF
Jackson Porozo,1,ECU,12.0,12.0,100.0,0.0,0.0,0.0,0.0,0.0,0.0,0.0,DF
Marc Pubill,1,ESP,2.0,2.0,100.0,0.0,0.0,0.0,0.0,0.0,0.0,0.0,DF
Alberto Quintero,1,PAN,3.0,3.0,100.0,1.0,0.0,0.0,0.0,0.0,0.0,0.0,MF
Anthony Ralston,1,SCO,5.0,5.0,100.0,1.0,100.0,1.0,1.0,100.0,1.0,100.0,DF
Luiz Henrique,1,BRA,12.0,12.0,100.0,0.0,0.0,0.0,3.0,100.0,0.0,0.0,FW
Shurandy Sambo,1,CUW,3.0,3.0,100.0,0.0,0.0,0.0,0.0,0.0,0.0,0.0,DF
Ken Sema,1,SWE,3.0,3.0,100.0,0.0,0.0,1.0,0.0,0.0,0.0,0.0,MF
Igor Sergeev,1,UZB,4.0,4.0,100.0,0.0,0.0,0.0,0.0,0.0,0.0,0.0,FW
Joaquin Seys,1,BEL,7.0,7.0,100.0,0.0,0.0,0.0,0.0,0.0,0.0,0.0,DF
Kento Shiogai,1,JPN,1.0,1.0,100.0,0.0,0.0,0.0,0.0,0.0,0.0,0.0,FW
Ramon Sosa,1,PAR,3.0,3.0,100.0,0.0,0.0,0.0,0.0,0.0,0.0,0.0,MF
Alex Baena,2,ESP,218.0,178.0,82.0,44.0,18.0,5.0,18.0,67.0,2.0,100.0,MF
Stephen Eustaquio,3,CAN,281.0,244.0,87.0,42.0,38.0,2.0,15.0,60.0,3.0,100.0,MF
Lamine Yamal,4,ESP,265.0,225.0,85.0,40.0,20.0,35.0,36.0,72.0,3.0,100.0,FW
Roberto Alvarado,8,MEX,201.0,163.0,81.0,34.0,32.0,7.0,17.0,47.0,1.0,100.0,FW
Marcel Sabitzer,9,AUT,126.0,94.0,75.0,30.0,33.0,3.0,16.0,69.0,1.0,100.0,MF
Alistair Johnston,11,CAN,240.0,184.0,77.0,24.0,25.0,3.0,17.0,53.0,2.0,100.0,DF
Ruben Vargas,11,SUI,88.0,65.0,74.0,24.0,25.0,7.0,16.0,44.0,0.0,0.0,FW
Bukayo Saka,13,ENG,101.0,81.0,80.0,23.0,22.0,12.0,11.0,73.0,2.0,100.0,FW
Noni Madueke,14,ENG,94.0,82.0,87.0,22.0,41.0,10.0,14.0,79.0,0.0,0.0,FW
Bruno Fernandes,14,POR,278.0,239.0,86.0,22.0,23.0,3.0,20.0,65.0,10.0,90.0,MF
Sadio Mane,14,SEN,129.0,106.0,82.0,22.0,27.0,10.0,14.0,71.0,2.0,100.0,FW
Yan Diomande,17,CIV,142.0,127.0,89.0,21.0,24.0,15.0,15.0,53.0,1.0,100.0,FW
Kevin De Bruyne,17,BEL,185.0,153.0,83.0,21.0,24.0,5.0,21.0,48.0,2.0,100.0,MF
Nuno Mendes,17,POR,282.0,239.0,85.0,21.0,29.0,8.0,17.0,53.0,4.0,100.0,DF
Timothy Castagne,20,BEL,263.0,230.0,87.0,20.0,35.0,1.0,8.0,75.0,2.0,50.0,DF
Vladimir Coufal,20,CZE,110.0,79.0,72.0,20.0,30.0,1.0,10.0,60.0,1.0,0.0,DF
Lee Kangin,20,KOR,159.0,140.0,88.0,20.0,25.0,9.0,12.0,75.0,7.0,86.0,MF
Jesus Gallardo,24,MEX,167.0,140.0,84.0,19.0,21.0,3.0,11.0,18.0,2.0,100.0,DF
Marcus Rashford,24,ENG,104.0,92.0,88.0,19.0,11.0,7.0,19.0,79.0,1.0,100.0,FW
Ivan Perisic,24,CRO,150.0,132.0,88.0,19.0,16.0,2.0,9.0,56.0,1.0,100.0,FW
Nathaniel Brown,24,GER,131.0,115.0,88.0,19.0,32.0,2.0,6.0,67.0,0.0,0.0,DF
Ismail Jakobs,24,SEN,117.0,106.0,91.0,19.0,21.0,1.0,9.0,78.0,0.0,0.0,DF
Jacob Shaffelburg,24,CAN,41.0,37.0,90.0,19.0,16.0,0.0,6.0,50.0,0.0,0.0,MF
Antonee Robinson,31,USA,221.0,181.0,82.0,18.0,22.0,10.0,13.0,46.0,2.0,50.0,DF
Maxi Araujo,31,URU,57.0,50.0,88.0,18.0,44.0,7.0,7.0,86.0,0.0,0.0,MF
James Rodriguez,33,COL,237.0,199.0,84.0,17.0,29.0,2.0,14.0,50.0,9.0,67.0,MF
Mohamed Hany,33,EGY,282.0,245.0,87.0,17.0,24.0,4.0,9.0,56.0,1.0,100.0,DF
Tajon Buchanan,33,CAN,95.0,76.0,80.0,17.0,18.0,6.0,9.0,56.0,1.0,100.0,FW
Junya Ito,33,JPN,85.0,65.0,76.0,17.0,35.0,3.0,10.0,60.0,1.0,100.0,MF
Ramin Rezaeian,33,IRN,98.0,68.0,69.0,17.0,29.0,1.0,12.0,50.0,0.0,0.0,DF
Yasin Ayari,33,SWE,107.0,84.0,79.0,17.0,29.0,2.0,2.0,0.0,3.0,67.0,MF
Ricardo Rodriguez,33,SUI,295.0,243.0,82.0,17.0,18.0,1.0,24.0,33.0,4.0,50.0,DF
Lucas Digne,33,FRA,283.0,252.0,89.0,17.0,6.0,0.0,8.0,50.0,1.0,100.0,DF
Denzel Dumfries,33,NED,179.0,147.0,82.0,17.0,29.0,1.0,13.0,54.0,0.0,0.0,DF
Maxim De Cuyper,42,BEL,246.0,203.0,83.0,16.0,25.0,3.0,9.0,44.0,2.0,100.0,DF
Moises Caicedo,42,ECU,295.0,264.0,89.0,16.0,44.0,0.0,13.0,54.0,3.0,100.0,MF
Jose Luis Rodriguez,42,PAN,48.0,35.0,73.0,16.0,13.0,2.0,3.0,33.0,2.0,50.0,MF
Mohamed Salah,42,EGY,136.0,112.0,82.0,16.0,19.0,4.0,9.0,44.0,0.0,0.0,FW
Fabian Rieder,42,SUI,87.0,71.0,82.0,16.0,0.0,2.0,10.0,40.0,2.0,100.0,MF
Kerim Alajbegovic,42,BIH,90.0,69.0,77.0,16.0,6.0,12.0,13.0,77.0,1.0,0.0,FW
Vinicius Junior,49,BRA,142.0,116.0,82.0,15.0,40.0,23.0,21.0,76.0,4.0,100.0,FW
Malik Tillman,49,USA,163.0,129.0,79.0,15.0,27.0,7.0,18.0,50.0,2.0,100.0,MF
Mahmoud Saber,1,EGY,34.0,30.0,88.0,1.0,100.0,1.0,1.0,0.0,0.0,0.0,MF
Simon Adingra,1,CIV,10.0,9.0,90.0,1.0,100.0,0.0,0.0,0.0,0.0,0.0,FW
Kristoffer Ajer,1,NOR,273.0,256.0,94.0,2.0,100.0,3.0,1.0,100.0,0.0,0.0,DF
Abdulelah Alamri,1,KSA,99.0,81.0,82.0,1.0,100.0,0.0,3.0,67.0,0.0,0.0,DF
Ahmed Alganehi,1,QAT,12.0,11.0,92.0,2.0,100.0,1.0,0.0,0.0,0.0,0.0,MF
Houssem Aouar,1,ALG,84.0,79.0,94.0,1.0,100.0,1.0,3.0,100.0,0.0,0.0,MF
Damian Bobadilla,1,PAR,32.0,24.0,75.0,1.0,100.0,0.0,1.0,0.0,1.0,100.0,MF
Michael Boxall,1,NZL,115.0,104.0,90.0,1.0,100.0,0.0,0.0,0.0,0.0,0.0,DF
Ryan Christie,1,SCO,35.0,29.0,83.0,1.0,100.0,0.0,1.0,100.0,0.0,0.0,MF
Livano Comenencia,1,CUW,62.0,50.0,81.0,1.0,100.0,2.0,4.0,50.0,0.0,0.0,MF
Deroy Duarte,1,CPV,101.0,87.0,86.0,1.0,100.0,0.0,2.0,50.0,1.0,100.0,MF
Laros Duarte,1,CPV,41.0,33.0,80.0,2.0,100.0,6.0,2.0,50.0,0.0,0.0,MF
Memphis Depay,1,NED,17.0,15.0,88.0,1.0,100.0,0.0,2.0,100.0,1.0,100.0,FW
Fidel Escobar,1,PAN,27.0,20.0,74.0,1.0,100.0,0.0,1.0,100.0,1.0,0.0,DF
Saman Ghoddos,1,IRN,64.0,45.0,70.0,1.0,100.0,3.0,6.0,50.0,2.0,100.0,MF
Telmo Arcanjo,1,CPV,14.0,12.0,86.0,1.0,100.0,2.0,0.0,0.0,1.0,100.0,MF
Viktor Gyokeres,1,SWE,70.0,48.0,69.0,1.0,100.0,1.0,8.0,50.0,1.0,100.0,FW
Jorrel Hato,1,NED,4.0,2.0,50.0,1.0,100.0,0.0,0.0,0.0,0.0,0.0,DF
Cucho Hernandez,1,COL,8.0,5.0,63.0,1.0,100.0,0.0,0.0,0.0,0.0,0.0,FW
Adam Hlozek,1,CZE,26.0,18.0,69.0,1.0,100.0,3.0,1.0,100.0,0.0,0.0,FW
Zidane Iqbal,1,IRQ,128.0,118.0,92.0,1.0,100.0,5.0,2.0,50.0,5.0,100.0,MF
Erik Lira,1,MEX,199.0,182.0,91.0,2.0,100.0,2.0,2.0,0.0,5.0,100.0,MF
Giovani Lo Celso,1,ARG,51.0,47.0,92.0,1.0,100.0,0.0,0.0,0.0,0.0,0.0,MF
Hazem Mastouri,1,TUN,10.0,7.0,70.0,1.0,100.0,1.0,0.0,0.0,0.0,0.0,FW
Samuel Moutoussamy,1,COD,147.0,122.0,83.0,1.0,100.0,0.0,6.0,17.0,4.0,100.0,MF
Bara Sapoko Ndiaye,1,SEN,10.0,9.0,90.0,1.0,100.0,0.0,0.0,0.0,0.0,0.0,MF
Paul Okon Engstler,1,AUS,89.0,77.0,87.0,1.0,100.0,1.0,6.0,83.0,2.0,100.0,MF
Noah Sadiki,1,COD,116.0,103.0,89.0,1.0,100.0,3.0,3.0,33.0,0.0,0.0,MF
Kaishu Sano,1,JPN,131.0,124.0,95.0,1.0,100.0,2.0,1.0,100.0,1.0,100.0,MF
Dominique Simon,1,HAI,30.0,22.0,73.0,1.0,100.0,0.0,2.0,0.0,0.0,0.0,MF
Pavel Sulc,1,CZE,51.0,39.0,76.0,1.0,100.0,2.0,3.0,0.0,0.0,0.0,FW
Mousa Altamari,1,JOR,36.0,28.0,78.0,1.0,100.0,3.0,4.0,75.0,0.0,0.0,FW
Santiago Arias,35,COL,43.0,37.0,86.0,5.0,80.0,0.0,1.0,100.0,0.0,0.0,DF
Sebastian Berhalter,36,USA,136.0,114.0,84.0,9.0,78.0,1.0,10.0,80.0,3.0,67.0,MF
Steven Moreira,37,CPV,109.0,88.0,81.0,4.0,75.0,3.0,3.0,0.0,0.0,0.0,DF
Kamaldeen Sulemana,37,GHA,31.0,27.0,87.0,4.0,75.0,4.0,4.0,75.0,3.0,100.0,FW
Kai Havertz,39,GER,117.0,101.0,86.0,3.0,67.0,1.0,2.0,0.0,0.0,0.0,FW
Hwang Inbeom,39,KOR,218.0,193.0,89.0,3.0,67.0,1.0,5.0,80.0,2.0,100.0,MF
Joris Kayembe,39,COD,24.0,19.0,79.0,3.0,67.0,0.0,4.0,25.0,0.0,0.0,DF
Merchas Doski,39,IRQ,141.0,115.0,82.0,3.0,67.0,0.0,13.0,23.0,1.0,100.0,DF
Nikola Vlasic,39,CRO,40.0,33.0,83.0,3.0,67.0,2.0,3.0,67.0,0.0,0.0,MF
Dostonbek Khamdamov,45,UZB,34.0,29.0,85.0,5.0,60.0,1.0,1.0,0.0,0.0,0.0,MF
Ivan Basic,46,BIH,104.0,96.0,92.0,12.0,58.0,2.0,2.0,50.0,3.0,100.0,MF
John Mcginn,47,SCO,55.0,47.0,85.0,9.0,56.0,1.0,7.0,57.0,1.0,0.0,MF
Mostafa Zico,48,EGY,83.0,57.0,69.0,2.0,50.0,0.0,7.0,43.0,1.0,100.0,MF
Mohannad Abutaha,48,JOR,87.0,59.0,68.0,6.0,50.0,6.0,6.0,50.0,2.0,0.0,MF
Yunus Akgun,48,TUR,52.0,41.0,79.0,2.0,50.0,1.0,2.0,0.0,0.0,0.0,FW
Kylian Mbappe,2,FRA,232.0,201.0,87.0,10.0,10.0,28.0,31.0,81.0,12.0,92.0,FW
Jeremy Doku,5,BEL,90.0,74.0,82.0,11.0,36.0,21.0,16.0,81.0,0.0,0.0,FW
Nilson Angulo,7,ECU,78.0,63.0,81.0,8.0,38.0,16.0,14.0,50.0,0.0,0.0,FW
Brahim Diaz,8,MAR,165.0,142.0,86.0,8.0,38.0,15.0,13.0,46.0,0.0,0.0,FW
Dani Olmo,8,ESP,229.0,207.0,90.0,2.0,0.0,15.0,17.0,76.0,3.0,100.0,FW
Jude Bellingham,11,ENG,231.0,191.0,83.0,9.0,11.0,14.0,21.0,48.0,6.0,100.0,MF
Florian Wirtz,11,GER,271.0,223.0,82.0,12.0,42.0,14.0,15.0,67.0,2.0,100.0,MF
Alex Freeman,13,USA,283.0,256.0,90.0,4.0,0.0,13.0,9.0,67.0,4.0,75.0,DF
Rafael Leao,14,POR,82.0,71.0,87.0,8.0,50.0,12.0,8.0,63.0,2.0,50.0,FW
Rayan Ait Nouri,14,ALG,211.0,190.0,90.0,9.0,0.0,12.0,7.0,57.0,0.0,0.0,DF
Ibrahim Maza,14,ALG,141.0,111.0,79.0,1.0,0.0,12.0,13.0,46.0,1.0,100.0,MF
Bradley Barcola,19,FRA,117.0,106.0,91.0,7.0,14.0,11.0,11.0,73.0,0.0,0.0,FW
Cristian Volpato,19,AUS,66.0,52.0,79.0,13.0,23.0,11.0,9.0,56.0,0.0,0.0,FW
Julio Enciso,19,PAR,68.0,55.0,81.0,7.0,43.0,11.0,3.0,33.0,2.0,50.0,FW
Haissem Hassan,19,EGY,41.0,35.0,85.0,9.0,22.0,11.0,13.0,92.0,4.0,100.0,FW
Desire Doue,24,FRA,196.0,167.0,85.0,5.0,40.0,10.0,15.0,47.0,3.0,100.0,FW
Dodi Lukebakio,24,BEL,55.0,44.0,80.0,7.0,14.0,10.0,6.0,83.0,1.0,100.0,FW
Anthony Gordon,24,ENG,113.0,96.0,85.0,10.0,20.0,10.0,18.0,72.0,0.0,0.0,FW
Antonio Nusa,24,NOR,83.0,62.0,75.0,7.0,14.0,10.0,6.0,33.0,1.0,100.0,FW
Leandro Trossard,24,BEL,199.0,171.0,86.0,11.0,45.0,10.0,11.0,55.0,4.0,75.0,FW
Jamal Musiala,24,GER,104.0,86.0,83.0,8.0,0.0,10.0,9.0,67.0,0.0,0.0,MF
Sergino Dest,33,USA,102.0,89.0,87.0,7.0,29.0,9.0,14.0,64.0,0.0,0.0,DF
John Yeboah,33,ECU,104.0,85.0,82.0,9.0,44.0,9.0,9.0,67.0,1.0,0.0,FW
Ghislain Konan,33,CIV,149.0,124.0,83.0,9.0,22.0,9.0,9.0,44.0,2.0,100.0,DF
Tahith Chong,33,CUW,61.0,51.0,84.0,0.0,0.0,9.0,11.0,64.0,0.0,0.0,MF
Thapelo Maseko,39,RSA,49.0,37.0,76.0,2.0,0.0,8.0,5.0,40.0,0.0,0.0,FW
Gonzalo Plata,39,ECU,147.0,118.0,80.0,9.0,11.0,8.0,8.0,38.0,1.0,100.0,FW
Christian Pulisic,39,USA,81.0,71.0,88.0,6.0,17.0,8.0,7.0,71.0,0.0,0.0,FW
Dan Ndoye,39,SUI,92.0,73.0,79.0,13.0,15.0,8.0,10.0,50.0,0.0,0.0,FW
Amar Dedic,39,BIH,99.0,80.0,81.0,0.0,0.0,8.0,1.0,0.0,3.0,100.0,DF
Kenan Yildiz,39,TUR,121.0,108.0,89.0,8.0,13.0,8.0,10.0,70.0,1.0,0.0,FW
Jordan Bos,39,AUS,107.0,94.0,88.0,8.0,38.0,8.0,8.0,38.0,1.0,100.0,DF
Martin Baturina,39,CRO,93.0,80.0,86.0,10.0,20.0,8.0,8.0,50.0,1.0,100.0,MF
Marco Pasalic,39,CRO,37.0,23.0,62.0,12.0,8.0,8.0,9.0,89.0,2.0,50.0,FW
Anis Hadj Moussa,39,ALG,36.0,25.0,69.0,4.0,50.0,8.0,5.0,60.0,1.0,100.0,FW
Weston Mckennie,6,USA,220.0,173.0,79.0,11.0,27.0,6.0,27.0,74.0,4.0,75.0,MF
Bilal El Khannouss,8,MAR,238.0,186.0,78.0,14.0,14.0,6.0,23.0,65.0,2.0,100.0,MF
Cody Gakpo,16,NED,100.0,79.0,79.0,10.0,10.0,7.0,18.0,67.0,1.0,0.0,FW
Djed Spence,21,ENG,201.0,177.0,88.0,9.0,0.0,5.0,17.0,65.0,0.0,0.0,DF
Bruno Guimaraes,33,BRA,200.0,161.0,81.0,12.0,17.0,0.0,15.0,33.0,4.0,75.0,MF
Richie Laryea,33,CAN,202.0,167.0,83.0,4.0,25.0,2.0,15.0,60.0,1.0,100.0,DF
Luis Diaz,41,COL,166.0,145.0,87.0,6.0,17.0,7.0,14.0,50.0,10.0,100.0,FW
Charles De Ketelaere,47,BEL,91.0,72.0,79.0,5.0,0.0,3.0,13.0,46.0,1.0,0.0,FW
Morgan Rogers,47,ENG,121.0,102.0,84.0,6.0,17.0,5.0,13.0,77.0,3.0,100.0,MF
Thelo Aasgaard,1,NOR,43.0,38.0,88.0,0.0,0.0,0.0,1.0,100.0,1.0,100.0,MF
Almoez Ali,1,QAT,3.0,2.0,67.0,0.0,0.0,0.0,1.0,100.0,0.0,0.0,FW
Abdulla Abdullaev,1,UZB,72.0,65.0,90.0,0.0,0.0,1.0,1.0,100.0,0.0,0.0,DF
Jassem Gaber,1,QAT,32.0,25.0,78.0,0.0,0.0,0.0,1.0,100.0,1.0,100.0,DF
Husam Abudahab,1,JOR,58.0,43.0,74.0,0.0,0.0,0.0,1.0,100.0,0.0,0.0,DF
Ahmed Qasem,1,IRQ,16.0,13.0,81.0,1.0,0.0,0.0,1.0,100.0,0.0,0.0,FW
Jordy Alcivar,1,ECU,33.0,31.0,94.0,1.0,0.0,0.0,1.0,100.0,0.0,0.0,MF
Hussein Ali,1,IRQ,40.0,32.0,80.0,2.0,0.0,0.0,2.0,100.0,0.0,0.0,DF
Taha Ali,1,SWE,16.0,15.0,94.0,1.0,0.0,4.0,2.0,100.0,0.0,0.0,FW
Ali Alipour,1,IRN,8.0,4.0,50.0,0.0,0.0,0.0,1.0,100.0,0.0,0.0,FW
Valentin Barco,1,ARG,20.0,17.0,85.0,0.0,0.0,0.0,1.0,100.0,0.0,0.0,MF
Zineddine Belaid,1,ALG,44.0,43.0,98.0,0.0,0.0,0.0,1.0,100.0,0.0,0.0,DF
Lucas Bergvall,1,SWE,88.0,80.0,91.0,2.0,0.0,2.0,2.0,100.0,0.0,0.0,MF
Cesar Blackman,1,PAN,79.0,69.0,87.0,0.0,0.0,4.0,2.0,100.0,0.0,0.0,DF
Ayyoub Bouaddi,1,MAR,264.0,237.0,90.0,0.0,0.0,6.0,1.0,100.0,1.0,100.0,MF
Adil Boulbina,1,ALG,19.0,16.0,84.0,0.0,0.0,1.0,1.0,100.0,1.0,100.0,FW
Castrop Jens,1,KOR,30.0,27.0,90.0,4.0,25.0,1.0,2.0,100.0,1.0,100.0,DF
Zeki Celik,1,TUR,79.0,70.0,89.0,1.0,0.0,0.0,1.0,100.0,1.0,100.0,DF
Jose Cordoba,1,PAN,183.0,169.0,92.0,1.0,0.0,1.0,1.0,100.0,2.0,100.0,DF
Aymen Dahmen,1,TUN,48.0,24.0,50.0,0.0,0.0,0.0,1.0,100.0,1.0,0.0,GK
Amad Diallo,1,CIV,73.0,69.0,95.0,7.0,29.0,7.0,4.0,100.0,1.0,100.0,FW
Ben Gannon Doak,1,SCO,52.0,47.0,90.0,7.0,29.0,3.0,1.0,100.0,0.0,0.0,FW
Danilo Santos,1,BRA,30.0,23.0,77.0,0.0,0.0,0.0,2.0,100.0,0.0,0.0,MF
Jean Kevin Duverne,1,HAI,69.0,59.0,86.0,2.0,50.0,2.0,1.0,100.0,0.0,0.0,DF
Eren Elmali,1,TUR,59.0,52.0,88.0,4.0,25.0,2.0,1.0,100.0,1.0,100.0,DF
Eberechi Eze,1,ENG,97.0,89.0,92.0,3.0,33.0,5.0,7.0,100.0,1.0,100.0,MF
Jose Fajardo,1,PAN,18.0,11.0,61.0,0.0,0.0,0.0,1.0,100.0,0.0,0.0,FW
Yahia Fofana,1,CIV,114.0,74.0,65.0,0.0,0.0,0.0,1.0,100.0,0.0,0.0,GK
Mehdi Ghayedi,1,IRN,9.0,6.0,67.0,3.0,33.0,0.0,1.0,100.0,0.0,0.0,FW
Leon Goretzka,1,GER,30.0,23.0,77.0,1.0,0.0,0.0,1.0,100.0,1.0,0.0,MF
Frans Putros,1,IRQ,28.0,26.0,93.0,1.0,0.0,0.0,2.0,100.0,1.0,100.0,DF
Ibrahim Adel,1,EGY,6.0,4.0,67.0,0.0,0.0,0.0,2.0,100.0,0.0,0.0,FW
Aaron Hickey,1,SCO,42.0,38.0,90.0,1.0,0.0,0.0,1.0,100.0,0.0,0.0,DF
Marko Farji,1,IRQ,11.0,7.0,64.0,2.0,50.0,1.0,1.0,100.0,0.0,0.0,FW
Hwang Heechan,1,KOR,47.0,40.0,85.0,1.0,0.0,2.0,3.0,100.0,1.0,100.0,MF
Jhon Lucumi,1,COL,285.0,262.0,92.0,0.0,0.0,1.0,6.0,17.0,12.0,100.0,DF
Diney Borges,9,CPV,195.0,158.0,81.0,0.0,0.0,0.0,8.0,13.0,9.0,44.0,DF
Juan Quintero,12,COL,89.0,74.0,83.0,12.0,33.0,1.0,11.0,64.0,8.0,88.0,MF
Ramy Rabia,12,EGY,244.0,224.0,92.0,0.0,0.0,0.0,2.0,50.0,8.0,50.0,DF
Pathe Ciss,12,SEN,139.0,128.0,92.0,0.0,0.0,0.0,0.0,0.0,8.0,75.0,MF
Hakan Calhanoglu,20,TUR,190.0,171.0,90.0,10.0,10.0,0.0,5.0,60.0,7.0,86.0,MF
Hannibal Mejbri,20,TUN,123.0,94.0,76.0,9.0,33.0,2.0,11.0,55.0,7.0,71.0,MF
Jerome Opoku,20,GHA,115.0,95.0,83.0,0.0,0.0,1.0,7.0,43.0,7.0,57.0,DF
Josip Sutalo,20,CRO,267.0,241.0,90.0,0.0,0.0,3.0,4.0,0.0,7.0,71.0,DF
Israel Reyes,26,MEX,102.0,93.0,91.0,2.0,50.0,0.0,2.0,0.0,6.0,67.0,DF
Carlos Harvey,26,PAN,107.0,85.0,79.0,1.0,0.0,4.0,3.0,33.0,6.0,67.0,DF
Mohanad Lashin,26,EGY,191.0,169.0,88.0,2.0,0.0,2.0,7.0,29.0,6.0,100.0,MF
Riyad Mahrez,26,ALG,147.0,127.0,86.0,9.0,33.0,0.0,9.0,67.0,6.0,100.0,FW
Ramiz Zerrouki,35,ALG,105.0,97.0,92.0,0.0,0.0,0.0,2.0,100.0,5.0,100.0,MF
Noor Alrawabdeh,35,JOR,111.0,84.0,76.0,0.0,0.0,4.0,10.0,40.0,5.0,80.0,MF
Ali Lajami,35,KSA,68.0,56.0,82.0,0.0,0.0,0.0,4.0,75.0,5.0,80.0,DF
Pico Lopes,35,CPV,182.0,153.0,84.0,0.0,0.0,0.0,7.0,14.0,5.0,60.0,DF
Arthur Masuaku,35,COD,169.0,141.0,83.0,14.0,21.0,2.0,6.0,67.0,5.0,80.0,DF
Youri Tielemans,35,BEL,255.0,221.0,87.0,14.0,21.0,3.0,10.0,50.0,5.0,60.0,MF
Arda Guler,35,TUR,198.0,170.0,86.0,14.0,29.0,6.0,9.0,67.0,5.0,80.0,FW
Abdulkerim Bardakci,35,TUR,242.0,222.0,92.0,6.0,33.0,1.0,3.0,33.0,5.0,60.0,DF
Sphephelo Sithole,35,RSA,129.0,109.0,84.0,0.0,0.0,0.0,1.0,0.0,5.0,80.0,MF
Pape Gueye,35,SEN,161.0,138.0,86.0,3.0,33.0,1.0,13.0,54.0,5.0,100.0,MF
Idrissa Gana Gueye,35,SEN,270.0,243.0,90.0,1.0,0.0,0.0,8.0,63.0,5.0,100.0,MF
Federico Valverde,35,URU,120.0,98.0,82.0,8.0,0.0,2.0,12.0,67.0,5.0,100.0,MF
Hamdy Fathy,1,EGY,130.0,119.0,92.0,1.0,0.0,0.0,3.0,0.0,3.0,100.0,MF
Emam Ashour,1,EGY,207.0,176.0,85.0,3.0,0.0,3.0,7.0,57.0,3.0,100.0,MF
Ahmed Fathy,1,QAT,65.0,59.0,91.0,0.0,0.0,0.0,2.0,0.0,1.0,100.0,MF
Jayden Adams,1,RSA,44.0,40.0,91.0,0.0,0.0,0.0,2.0,50.0,2.0,100.0,MF
Tyler Adams,1,USA,231.0,211.0,91.0,0.0,0.0,0.0,6.0,67.0,1.0,100.0,MF
Ricardo Ade,1,HAI,136.0,121.0,89.0,0.0,0.0,0.0,5.0,40.0,1.0,100.0,DF
Ali Ahmed,1,CAN,65.0,51.0,78.0,15.0,20.0,3.0,5.0,40.0,1.0,100.0,FW
Sultan Albrake,1,QAT,42.0,33.0,79.0,3.0,33.0,0.0,3.0,0.0,1.0,100.0,DF
Nizar Alrashdan,1,JOR,80.0,62.0,78.0,0.0,0.0,5.0,7.0,43.0,2.0,100.0,MF
Ali Jasim,1,IRQ,36.0,29.0,81.0,5.0,0.0,1.0,4.0,75.0,1.0,100.0,FW
Salem Aldawsari,1,KSA,81.0,58.0,72.0,2.0,0.0,7.0,4.0,75.0,1.0,100.0,FW
Thiago Almada,1,ARG,170.0,154.0,91.0,1.0,0.0,3.0,2.0,50.0,2.0,100.0,FW
Junior Alonso,1,PAR,116.0,69.0,59.0,1.0,0.0,0.0,7.0,29.0,2.0,100.0,DF
Julian Alvarez,1,ARG,215.0,183.0,85.0,1.0,0.0,3.0,4.0,50.0,4.0,100.0,FW
Nadiem Amiri,1,GER,20.0,17.0,85.0,2.0,50.0,0.0,2.0,50.0,1.0,100.0,MF
Azizbek Amonov,1,UZB,6.0,5.0,83.0,1.0,0.0,2.0,0.0,0.0,1.0,100.0,FW
Sofyan Amrabat,1,MAR,106.0,98.0,92.0,0.0,0.0,0.0,3.0,67.0,2.0,100.0,MF
Jeremy Antonisse,1,CUW,35.0,25.0,71.0,6.0,50.0,1.0,2.0,0.0,1.0,100.0,FW
Ernest Nuamah,1,GHA,29.0,20.0,69.0,0.0,0.0,2.0,2.0,50.0,1.0,100.0,FW
Oswin Appollis,1,RSA,99.0,82.0,83.0,7.0,14.0,5.0,3.0,33.0,1.0,100.0,FW
Jhon Arias,1,COL,240.0,227.0,95.0,6.0,17.0,6.0,7.0,71.0,3.0,100.0,MF
Rustam Ashurmatov,1,UZB,123.0,101.0,82.0,0.0,0.0,0.0,4.0,0.0,1.0,100.0,DF
Fredrik Aursnes,1,NOR,178.0,158.0,89.0,4.0,25.0,1.0,5.0,20.0,1.0,100.0,MF
Juninho Bacuna,1,CUW,75.0,60.0,80.0,5.0,20.0,7.0,4.0,25.0,1.0,100.0,MF
Leandro Bacuna,1,CUW,125.0,108.0,86.0,4.0,0.0,4.0,4.0,25.0,1.0,100.0,MF
Edgar Yoel Barcenas,1,PAN,109.0,96.0,88.0,5.0,40.0,2.0,3.0,67.0,4.0,100.0,MF
Riechedly Bazoer,1,CUW,36.0,31.0,86.0,0.0,0.0,0.0,0.0,0.0,1.0,100.0,DF
Alisson,1,BRA,132.0,107.0,81.0,0.0,0.0,1.0,3.0,0.0,1.0,100.0,GK
Aziz Behich,1,AUS,82.0,60.0,73.0,6.0,17.0,1.0,1.0,0.0,1.0,100.0,DF
Mohamed Hadj Mahmoud,1,TUN,13.0,12.0,92.0,0.0,0.0,0.0,0.0,0.0,1.0,100.0,MF
Joe Bell,1,NZL,143.0,120.0,84.0,0.0,0.0,2.0,0.0,0.0,1.0,100.0,MF
Jean Ricner Bellegarde,1,HAI,130.0,112.0,86.0,12.0,25.0,1.0,5.0,60.0,4.0,100.0,MF
Anis Slimane,1,TUN,75.0,59.0,79.0,4.0,50.0,0.0,2.0,50.0,2.0,100.0,MF
Patrick Berg,1,NOR,174.0,161.0,93.0,13.0,38.0,5.0,1.0,0.0,2.0,100.0,MF
Alexander Bernhardsson,1,SWE,67.0,51.0,76.0,3.0,0.0,4.0,3.0,67.0,1.0,100.0,DF
Fabian Ruiz,49,ESP,297.0,266.0,90.0,7.0,29.0,0.0,12.0,58.0,3.0,100.0,MF
Danilo,54,BRA,294.0,262.0,89.0,7.0,29.0,1.0,6.0,50.0,1.0,100.0,DF
Gustavo Puerta,56,COL,290.0,264.0,91.0,2.0,0.0,4.0,4.0,50.0,3.0,67.0,DF
Krepin Diatta,59,SEN,283.0,255.0,90.0,10.0,40.0,6.0,4.0,75.0,1.0,100.0,DF
Ime Okon,65,RSA,280.0,257.0,92.0,0.0,0.0,0.0,2.0,50.0,2.0,50.0,DF
Nabil Bentaleb,65,ALG,280.0,255.0,91.0,1.0,0.0,0.0,3.0,67.0,1.0,0.0,MF
Nahuel Molina,68,ARG,276.0,234.0,85.0,6.0,0.0,1.0,6.0,33.0,2.0,100.0,DF
Douglas Santos,69,BRA,275.0,256.0,93.0,6.0,17.0,0.0,5.0,60.0,0.0,0.0,DF
Noussair Mazraoui,69,MAR,275.0,251.0,91.0,4.0,0.0,5.0,5.0,40.0,0.0,0.0,DF
Jefferson Lerma,71,COL,274.0,242.0,88.0,2.0,50.0,1.0,2.0,0.0,1.0,100.0,MF
Emiliano Martinez,75,ARG,268.0,195.0,73.0,0.0,0.0,0.0,10.0,20.0,1.0,100.0,GK
Jordan Pickford,77,ENG,265.0,190.0,72.0,0.0,0.0,0.0,12.0,42.0,3.0,33.0,GK
Manu Kone,80,FRA,263.0,242.0,92.0,1.0,0.0,2.0,3.0,100.0,2.0,50.0,MF
Joao Neves,82,POR,261.0,247.0,95.0,2.0,50.0,3.0,9.0,56.0,3.0,67.0,MF
Aleksandar Pavlovic,83,GER,260.0,240.0,92.0,1.0,0.0,1.0,1.0,0.0,1.0,100.0,MF
Yasser Ibrahim,83,EGY,260.0,239.0,92.0,0.0,0.0,2.0,1.0,0.0,1.0,100.0,DF
Gregor Kobel,85,SUI,255.0,190.0,75.0,0.0,0.0,0.0,6.0,0.0,2.0,50.0,GK
Aurelien Tchouameni,87,FRA,254.0,239.0,94.0,2.0,0.0,0.0,1.0,100.0,2.0,100.0,MF
Ruben Dias,88,POR,249.0,233.0,94.0,0.0,0.0,1.0,6.0,33.0,1.0,100.0,DF
Luka Modric,89,CRO,248.0,225.0,91.0,9.0,44.0,2.0,9.0,44.0,2.0,100.0,MF
Antonio Ruediger,90,GER,246.0,230.0,93.0,1.0,0.0,0.0,4.0,25.0,0.0,0.0,DF
Fares Chaibi,92,ALG,244.0,220.0,90.0,7.0,0.0,3.0,10.0,50.0,3.0,100.0,MF
Frenkie De Jong,94,NED,243.0,224.0,92.0,0.0,0.0,1.0,5.0,80.0,2.0,100.0,MF
Willian Pacho,98,ECU,238.0,217.0,91.0,0.0,0.0,1.0,2.0,0.0,0.0,0.0,DF
Ronwen Williams,100,RSA,237.0,179.0,76.0,0.0,0.0,0.0,7.0,29.0,3.0,67.0,GK
Johan Vasquez,91,MEX,237.0,221.0,93.0,0.0,0.0,0.0,4.0,50.0,1.0,100.0,DF
Kim Minjae,91,KOR,226.0,221.0,98.0,0.0,0.0,1.0,0.0,0.0,0.0,0.0,DF
Lee Gihyuk,95,KOR,236.0,217.0,92.0,4.0,0.0,1.0,3.0,0.0,4.0,100.0,MF
Mathias Olivera,97,URU,226.0,213.0,94.0,3.0,0.0,1.0,6.0,50.0,3.0,100.0,DF
Chadi Riad,98,MAR,226.0,212.0,94.0,0.0,0.0,1.0,1.0,0.0,1.0,100.0,DF
Yuito Suzuki,1,JPN,4.0,4.0,100.0,0.0,0.0,2.0,0.0,0.0,0.0,0.0,MF
Mattias Svanberg,1,SWE,7.0,7.0,100.0,0.0,0.0,0.0,0.0,0.0,0.0,0.0,MF
Haris Tabakovic,1,BIH,1.0,1.0,100.0,0.0,0.0,0.0,0.0,0.0,0.0,0.0,FW
Roshon Van Eijma,1,CUW,1.0,1.0,100.0,0.0,0.0,0.0,0.0,0.0,0.0,0.0,DF
Alexis Vega,1,MEX,10.0,10.0,100.0,1.0,0.0,0.0,1.0,0.0,0.0,0.0,FW
Denis Visinsky,1,CZE,14.0,14.0,100.0,0.0,0.0,2.0,0.0,0.0,0.0,0.0,FW
Nick Woltemade,1,GER,1.0,1.0,100.0,0.0,0.0,0.0,0.0,0.0,0.0,0.0,FW
Haji Wright,1,USA,1.0,1.0,100.0,0.0,0.0,0.0,0.0,0.0,0.0,0.0,FW
Fabinho,59,BRA,43.0,42.0,98.0,0.0,0.0,0.0,0.0,0.0,0.0,0.0,MF
Waldemar Anton,62,GER,30.0,29.0,97.0,2.0,0.0,0.0,0.0,0.0,0.0,0.0,DF
Hicham Boudaoui,62,ALG,86.0,83.0,97.0,0.0,0.0,1.0,4.0,75.0,1.0,100.0,MF
Hannes Delcroix,62,HAI,151.0,146.0,97.0,1.0,0.0,0.0,2.0,50.0,1.0,100.0,DF
Ousmane Diomande,62,CIV,74.0,72.0,97.0,0.0,0.0,0.0,0.0,0.0,0.0,0.0,DF
Marco Friedl,62,AUT,31.0,30.0,97.0,0.0,0.0,0.0,0.0,0.0,0.0,0.0,DF
Ismael Gharbi,62,TUN,36.0,35.0,97.0,1.0,0.0,1.0,0.0,0.0,0.0,0.0,MF
Kou Itakura,62,JPN,110.0,107.0,97.0,0.0,0.0,0.0,1.0,100.0,0.0,0.0,DF
Hossein Kanani,62,IRN,34.0,33.0,97.0,0.0,0.0,0.0,0.0,0.0,3.0,67.0,DF
John Stones,62,ENG,184.0,178.0,97.0,0.0,0.0,0.0,1.0,100.0,3.0,100.0,DF
Samir Chergui,78,ALG,24.0,23.0,96.0,0.0,0.0,0.0,0.0,0.0,0.0,0.0,DF
Merih Demiral,78,TUR,124.0,119.0,96.0,1.0,0.0,0.0,5.0,40.0,2.0,100.0,DF
Habib Diarra,78,SEN,54.0,52.0,96.0,1.0,0.0,0.0,2.0,50.0,0.0,0.0,MF
Kim Jingyu,78,KOR,56.0,54.0,96.0,1.0,0.0,0.0,2.0,100.0,0.0,0.0,MF
Maxence Lacroix,78,FRA,130.0,125.0,96.0,0.0,0.0,2.0,0.0,0.0,1.0,100.0,DF
Tomas Araujo,78,POR,102.0,98.0,96.0,0.0,0.0,0.0,0.0,0.0,2.0,50.0,DF
Deiver Machado,78,COL,23.0,22.0,96.0,2.0,0.0,0.0,1.0,100.0,0.0,0.0,DF
Nico Paz,78,ARG,56.0,54.0,96.0,1.0,0.0,1.0,2.0,100.0,2.0,100.0,FW
Shogo Taniguchi,78,JPN,127.0,122.0,96.0,1.0,0.0,0.0,1.0,0.0,0.0,0.0,DF
Brenden Aaronson,89,USA,22.0,21.0,95.0,3.0,33.0,0.0,2.0,50.0,0.0,0.0,FW
Alan Franco,89,ECU,148.0,140.0,95.0,4.0,0.0,0.0,3.0,33.0,0.0,0.0,MF
Redouane Halhal,89,MAR,119.0,113.0,95.0,0.0,0.0,0.0,0.0,0.0,1.0,100.0,DF
Jack Hendry,89,SCO,180.0,171.0,95.0,0.0,0.0,0.0,2.0,0.0,1.0,0.0,DF
Lucas Herrington,89,AUS,106.0,101.0,95.0,0.0,0.0,0.0,0.0,0.0,0.0,0.0,DF
Isak Hien,89,SWE,128.0,122.0,95.0,0.0,0.0,0.0,1.0,0.0,1.0,100.0,DF
Odilon Kossounou,89,CIV,149.0,141.0,95.0,0.0,0.0,0.0,1.0,100.0,0.0,0.0,DF
Mateo Kovacic,89,CRO,208.0,198.0,95.0,0.0,0.0,2.0,3.0,67.0,2.0,100.0,MF
Piero Hincapie,49,ECU,189.0,160.0,85.0,15.0,13.0,2.0,13.0,31.0,0.0,0.0,DF
Tijjani Reijnders,49,NED,67.0,53.0,79.0,15.0,40.0,0.0,4.0,50.0,0.0,0.0,MF
Baris Alper Yilmaz,49,TUR,38.0,29.0,76.0,15.0,0.0,7.0,12.0,67.0,2.0,0.0,FW
Brian Rodriguez,57,URU,26.0,19.0,73.0,14.0,7.0,2.0,7.0,71.0,1.0,100.0,FW
Nathanael Mbuku,57,COD,45.0,35.0,78.0,14.0,21.0,4.0,6.0,83.0,0.0,0.0,MF
Denis Zakaria,57,SUI,185.0,160.0,86.0,14.0,14.0,3.0,10.0,70.0,0.0,0.0,MF
Julian Ryerson,57,NOR,149.0,131.0,88.0,14.0,50.0,3.0,13.0,46.0,0.0,0.0,FW
David Raum,57,GER,52.0,44.0,85.0,14.0,21.0,1.0,4.0,50.0,1.0,0.0,DF
Pedro Neto,67,POR,155.0,137.0,88.0,13.0,23.0,7.0,11.0,73.0,2.0,50.0,FW
Anthony Elanga,72,SWE,76.0,60.0,79.0,12.0,0.0,3.0,9.0,33.0,0.0,0.0,FW
Joao Cancelo,72,POR,184.0,160.0,87.0,12.0,33.0,6.0,9.0,56.0,4.0,75.0,DF
Mauricio,72,PAR,69.0,54.0,78.0,12.0,17.0,1.0,4.0,25.0,1.0,100.0,MF
Juan Manuel Sanabria,72,URU,103.0,89.0,86.0,12.0,0.0,0.0,4.0,75.0,0.0,0.0,MF
Cristian Martinez,72,PAN,78.0,57.0,73.0,12.0,17.0,1.0,9.0,22.0,1.0,0.0,MF
Johan Mojica,72,COL,202.0,161.0,80.0,12.0,17.0,0.0,8.0,38.0,1.0,100.0,DF
Akram Afif,72,QAT,93.0,73.0,78.0,12.0,33.0,2.0,12.0,42.0,3.0,67.0,FW
Brian Cipenga,85,COD,47.0,28.0,60.0,11.0,18.0,6.0,12.0,8.0,0.0,0.0,FW
Sidny Lopes Cabral,85,CPV,105.0,87.0,83.0,11.0,9.0,3.0,3.0,33.0,0.0,0.0,DF
Seol Youngwoo,85,KOR,123.0,113.0,92.0,11.0,27.0,0.0,6.0,83.0,0.0,0.0,DF
Andy Robertson,85,SCO,153.0,124.0,81.0,11.0,36.0,1.0,7.0,14.0,3.0,33.0,DF
Leroy Sane,85,GER,189.0,161.0,85.0,11.0,18.0,7.0,9.0,44.0,0.0,0.0,MF
Reece James,85,ENG,188.0,173.0,92.0,11.0,27.0,3.0,8.0,38.0,3.0,33.0,DF
Michal Sadilek,85,CZE,84.0,69.0,82.0,11.0,18.0,0.0,4.0,50.0,2.0,100.0,MF
Guela Doue,85,CIV,163.0,143.0,88.0,11.0,45.0,0.0,9.0,56.0,2.0,100.0,DF
Nicolas Pepe,96,CIV,109.0,93.0,85.0,10.0,30.0,5.0,10.0,60.0,0.0,0.0,FW
Liam Millar,96,CAN,67.0,50.0,75.0,10.0,20.0,4.0,8.0,50.0,0.0,0.0,MF
Kerem Akturkoglu,48,TUR,15.0,9.0,60.0,2.0,50.0,0.0,0.0,0.0,0.0,0.0,FW
Edson Alvarez,48,MEX,153.0,138.0,90.0,2.0,50.0,1.0,3.0,0.0,4.0,75.0,DF
Carlens Arcus,48,HAI,61.0,54.0,89.0,2.0,50.0,0.0,1.0,0.0,0.0,0.0,DF
Lamine Camara,48,SEN,131.0,117.0,89.0,8.0,50.0,2.0,4.0,50.0,1.0,100.0,MF
Mathieu Choiniere,48,CAN,29.0,23.0,79.0,4.0,50.0,0.0,2.0,50.0,1.0,100.0,MF
Pedro Miguel,48,QAT,78.0,59.0,76.0,2.0,50.0,2.0,7.0,29.0,2.0,100.0,DF
Nicolas De La Cruz,48,URU,55.0,45.0,82.0,4.0,50.0,0.0,7.0,43.0,4.0,100.0,MF
Francis De Vries,48,NZL,16.0,7.0,44.0,2.0,50.0,1.0,0.0,0.0,0.0,0.0,DF
Edin Dzeko,48,BIH,48.0,33.0,69.0,2.0,50.0,2.0,3.0,67.0,1.0,100.0,FW
Derrick Etienne,48,HAI,8.0,4.0,50.0,2.0,50.0,0.0,2.0,0.0,0.0,0.0,FW
Jackson Irvine,48,AUS,124.0,103.0,83.0,2.0,50.0,1.0,2.0,0.0,2.0,100.0,MF
Alireza Jahanbakhsh,48,IRN,11.0,7.0,64.0,2.0,50.0,1.0,1.0,100.0,0.0,0.0,MF
Daichi Kamada,48,JPN,200.0,170.0,85.0,4.0,50.0,1.0,6.0,50.0,3.0,100.0,MF
Behruzjon Karimov,48,UZB,55.0,43.0,78.0,2.0,50.0,5.0,3.0,33.0,2.0,0.0,DF
Teun Koopmeiners,48,NED,63.0,54.0,86.0,4.0,50.0,0.0,2.0,50.0,2.0,100.0,MF
Ladislav Krejci,48,CZE,160.0,135.0,84.0,2.0,50.0,0.0,2.0,50.0,1.0,100.0,DF
Lee Hanbeom,48,KOR,200.0,183.0,92.0,2.0,50.0,0.0,3.0,33.0,1.0,100.0,DF
Lautaro Martinez,48,ARG,71.0,60.0,85.0,2.0,50.0,1.0,2.0,50.0,0.0,0.0,FW
Kenny Mclean,48,SCO,63.0,56.0,89.0,2.0,50.0,1.0,2.0,100.0,0.0,0.0,MF
Garry Rodrigues,48,CPV,14.0,11.0,79.0,2.0,50.0,2.0,2.0,100.0,0.0,0.0,MF
Aubrey Modiba,48,RSA,139.0,115.0,83.0,8.0,50.0,1.0,9.0,33.0,1.0,100.0,DF
Amir Murillo,48,PAN,112.0,88.0,79.0,8.0,50.0,5.0,12.0,58.0,1.0,100.0,DF
Aiden Oneill,48,AUS,172.0,142.0,83.0,8.0,50.0,3.0,12.0,42.0,3.0,33.0,MF
Nico Oreilly,48,ENG,216.0,200.0,93.0,6.0,50.0,4.0,6.0,67.0,2.0,100.0,DF
Lukas Provod,48,CZE,48.0,37.0,77.0,2.0,50.0,1.0,3.0,100.0,0.0,0.0,MF
Julian Quinones,48,MEX,135.0,111.0,82.0,4.0,50.0,5.0,7.0,100.0,2.0,100.0,FW
Luis Romo,48,MEX,106.0,93.0,88.0,2.0,50.0,0.0,5.0,40.0,0.0,0.0,MF
Alexis Saelemaekers,48,BEL,42.0,33.0,79.0,2.0,50.0,2.0,2.0,100.0,0.0,0.0,MF
Romano Schmid,48,AUT,91.0,65.0,71.0,4.0,50.0,1.0,5.0,40.0,1.0,100.0,MF
Yannick Semedo,48,CPV,35.0,27.0,77.0,2.0,50.0,0.0,0.0,0.0,2.0,100.0,MF
Marko Stamenic,48,NZL,171.0,156.0,91.0,2.0,50.0,2.0,9.0,44.0,1.0,100.0,MF
Daniel Svensson,48,SWE,46.0,38.0,83.0,2.0,50.0,0.0,3.0,33.0,0.0,0.0,DF
Brandon Thomas Asante,48,GHA,6.0,3.0,50.0,2.0,50.0,1.0,0.0,0.0,0.0,0.0,FW
Quinten Timber,48,NED,12.0,10.0,83.0,2.0,50.0,0.0,2.0,50.0,0.0,0.0,MF
Tsuyoshi Watanabe,48,JPN,34.0,31.0,91.0,2.0,50.0,0.0,0.0,0.0,0.0,0.0,DF
Jaroslav Zeleny,48,CZE,47.0,35.0,74.0,2.0,50.0,1.0,1.0,0.0,0.0,0.0,DF
Abdul Fatawu,51,GHA,22.0,18.0,82.0,7.0,14.0,7.0,8.0,50.0,1.0,100.0,FW
Milad Mohammadi,65,IRN,80.0,66.0,83.0,4.0,0.0,6.0,4.0,75.0,0.0,0.0,DF
Ryan Mendes,65,CPV,82.0,70.0,85.0,5.0,0.0,6.0,4.0,50.0,1.0,100.0,FW
Ali Olwan,65,JOR,48.0,36.0,75.0,8.0,38.0,6.0,4.0,50.0,1.0,100.0,FW
Ibrahim Bayesh,65,IRQ,48.0,40.0,83.0,1.0,0.0,6.0,3.0,33.0,0.0,0.0,MF
Miguel Almiron,65,PAR,67.0,49.0,73.0,4.0,0.0,6.0,6.0,67.0,0.0,0.0,MF
Juan Jose Caceres,65,PAR,129.0,80.0,62.0,9.0,11.0,6.0,13.0,31.0,2.0,50.0,DF
Oscar Bobb,65,NOR,111.0,102.0,92.0,2.0,0.0,6.0,5.0,20.0,0.0,0.0,MF
Omar Marmoush,65,EGY,77.0,65.0,84.0,5.0,0.0,6.0,12.0,75.0,3.0,100.0,FW
Iliman Ndiaye,65,SEN,59.0,53.0,90.0,2.0,0.0,6.0,4.0,50.0,0.0,0.0,FW
Louicius Deedson,85,HAI,15.0,13.0,87.0,5.0,20.0,5.0,5.0,60.0,0.0,0.0,FW
Lenny Joseph,85,HAI,20.0,13.0,65.0,0.0,0.0,5.0,3.0,33.0,1.0,100.0,FW
Antoine Semenyo,85,GHA,68.0,52.0,76.0,5.0,0.0,5.0,5.0,60.0,0.0,0.0,MF
Nasser Aldawsari,85,KSA,107.0,92.0,86.0,1.0,0.0,5.0,2.0,50.0,1.0,0.0,MF
Jaouen Hadjam,85,ALG,67.0,56.0,84.0,0.0,0.0,5.0,1.0,0.0,0.0,0.0,DF
Keito Nakamura,85,JPN,117.0,100.0,85.0,9.0,33.0,5.0,10.0,80.0,0.0,0.0,MF
Johan Manzambi,85,SUI,54.0,43.0,80.0,7.0,43.0,5.0,7.0,57.0,0.0,0.0,MF
Eldor Shomurodov,85,UZB,72.0,52.0,72.0,1.0,0.0,5.0,4.0,25.0,0.0,0.0,FW
Franck Kessie,47,CIV,188.0,165.0,88.0,4.0,0.0,2.0,13.0,46.0,2.0,50.0,MF
Ferran Torres,64,ESP,86.0,63.0,73.0,6.0,0.0,2.0,12.0,50.0,0.0,0.0,FW
Matheus Cunha,78,BRA,90.0,78.0,87.0,5.0,0.0,3.0,11.0,36.0,0.0,0.0,FW
Harry Kane,78,ENG,99.0,73.0,74.0,3.0,33.0,1.0,11.0,55.0,2.0,100.0,FW
Stefan Posch,78,AUT,132.0,98.0,74.0,2.0,0.0,0.0,11.0,36.0,0.0,0.0,DF
Ahmed Fatouh,78,EGY,182.0,163.0,90.0,7.0,14.0,1.0,11.0,64.0,0.0,0.0,DF
Hiroki Ito,78,JPN,199.0,178.0,89.0,10.0,20.0,0.0,11.0,27.0,2.0,50.0,DF
Ismaila Sarr,91,SEN,73.0,57.0,78.0,2.0,0.0,4.0,10.0,50.0,0.0,0.0,FW
Jonathan David,91,CAN,103.0,76.0,74.0,6.0,0.0,1.0,10.0,60.0,1.0,100.0,FW
Orlando Gill,91,PAR,159.0,68.0,43.0,0.0,0.0,0.0,10.0,0.0,1.0,100.0,GK
Camilo Vargas,91,COL,202.0,157.0,78.0,0.0,0.0,0.0,10.0,20.0,0.0,0.0,GK
Rayan Cherki,91,FRA,104.0,89.0,86.0,3.0,0.0,1.0,10.0,60.0,1.0,100.0,MF
Nestory Irankunda,1,AUS,44.0,32.0,73.0,1.0,0.0,1.0,1.0,100.0,1.0,0.0,FW
Wilson Isidor,1,HAI,21.0,18.0,86.0,0.0,0.0,0.0,1.0,100.0,0.0,0.0,FW
Noa Lang,1,NED,13.0,11.0,85.0,1.0,0.0,1.0,2.0,100.0,0.0,0.0,FW
Lee Jaesung,1,KOR,59.0,46.0,78.0,1.0,0.0,0.0,2.0,100.0,1.0,0.0,MF
Juergen Locadia,1,CUW,48.0,37.0,77.0,0.0,0.0,0.0,1.0,100.0,1.0,100.0,FW
Daizen Maeda,1,JPN,30.0,28.0,93.0,3.0,0.0,0.0,1.0,100.0,0.0,0.0,MF
Evidence Makgopa,1,RSA,29.0,20.0,69.0,0.0,0.0,0.0,1.0,100.0,0.0,0.0,FW
Scott Mctominay,1,SCO,96.0,87.0,91.0,0.0,0.0,4.0,1.0,100.0,2.0,100.0,MF
Facundo Medina,1,ARG,163.0,150.0,92.0,5.0,40.0,0.0,2.0,100.0,0.0,0.0,DF
Ngalayel Mukau,1,COD,69.0,60.0,87.0,0.0,0.0,1.0,1.0,100.0,0.0,0.0,MF
Mert Muldur,1,TUR,81.0,72.0,89.0,6.0,17.0,0.0,4.0,100.0,0.0,0.0,DF
Amadou Onana,1,BEL,64.0,57.0,89.0,0.0,0.0,1.0,1.0,100.0,0.0,0.0,MF
Darwin Nunez,1,URU,25.0,20.0,80.0,3.0,33.0,1.0,3.0,100.0,1.0,100.0,FW
Armando Obispo,1,CUW,97.0,87.0,90.0,0.0,0.0,1.0,1.0,100.0,1.0,100.0,DF
Helio Varela,1,CPV,29.0,27.0,93.0,1.0,0.0,2.0,3.0,100.0,0.0,0.0,MF
Nicolas Otamendi,1,ARG,187.0,178.0,95.0,0.0,0.0,0.0,1.0,100.0,1.0,100.0,DF
Christ Inao Oulai,1,CIV,125.0,115.0,92.0,0.0,0.0,4.0,4.0,100.0,3.0,100.0,MF
Gavi,1,ESP,31.0,29.0,94.0,2.0,0.0,0.0,1.0,100.0,1.0,100.0,MF
Mario Pasalic,1,CRO,50.0,45.0,90.0,0.0,0.0,0.0,1.0,100.0,0.0,0.0,MF
Ricardo Pepi,1,USA,38.0,33.0,87.0,1.0,0.0,4.0,1.0,100.0,0.0,0.0,FW
Stjepan Radeljic,1,BIH,153.0,137.0,90.0,0.0,0.0,0.0,2.0,100.0,2.0,50.0,DF
Richard Rios,1,COL,56.0,47.0,84.0,2.0,0.0,3.0,1.0,100.0,1.0,100.0,MF
Tomas Rodriguez,1,PAN,9.0,7.0,78.0,0.0,0.0,0.0,1.0,100.0,0.0,0.0,FW
Elias Saad,1,TUN,29.0,22.0,76.0,2.0,0.0,1.0,1.0,100.0,0.0,0.0,FW
Anass Salah Eddine,1,MAR,166.0,152.0,92.0,3.0,0.0,0.0,1.0,100.0,0.0,0.0,DF
Farrukh Sayfiev,1,UZB,14.0,12.0,86.0,1.0,0.0,1.0,2.0,100.0,0.0,0.0,DF
Xaver Schlager,1,AUT,138.0,130.0,94.0,1.0,0.0,1.0,1.0,100.0,0.0,0.0,MF
Nicolas Seiwald,1,AUT,153.0,141.0,92.0,3.0,33.0,0.0,2.0,100.0,1.0,100.0,MF
Nkosinathi Sibisi,1,RSA,52.0,42.0,81.0,0.0,0.0,0.0,1.0,100.0,3.0,100.0,DF
Kwasi Sibo,1,GHA,93.0,88.0,95.0,0.0,0.0,1.0,1.0,100.0,2.0,100.0,MF
Giuliano Simeone,1,ARG,82.0,70.0,85.0,6.0,0.0,1.0,3.0,100.0,0.0,0.0,FW
Rayan,1,BRA,99.0,93.0,94.0,10.0,20.0,5.0,5.0,100.0,1.0,100.0,FW
Alexander Sorloth,1,NOR,110.0,88.0,80.0,5.0,20.0,2.0,5.0,100.0,0.0,0.0,FW
Andres Andrade,35,PAN,178.0,147.0,83.0,8.0,0.0,0.0,7.0,29.0,5.0,80.0,DF
Casemiro,53,BRA,224.0,200.0,89.0,4.0,25.0,1.0,8.0,50.0,4.0,100.0,MF
Leo Ostigard,53,NOR,99.0,84.0,85.0,0.0,0.0,0.0,0.0,0.0,4.0,25.0,DF
Nico Schlotterbeck,53,GER,123.0,110.0,89.0,0.0,0.0,1.0,3.0,67.0,4.0,75.0,DF
Nathan Ngoy,53,BEL,219.0,205.0,94.0,0.0,0.0,0.0,4.0,25.0,4.0,100.0,DF
Montassar Talbi,53,TUN,113.0,107.0,95.0,0.0,0.0,0.0,0.0,0.0,4.0,75.0,DF
Teboho Mokoena,53,RSA,196.0,176.0,90.0,3.0,0.0,1.0,6.0,50.0,4.0,100.0,MF
Jonas Adjetey,53,GHA,120.0,105.0,88.0,0.0,0.0,0.0,0.0,0.0,4.0,75.0,DF
Alessandro Circati,53,AUS,221.0,177.0,80.0,1.0,0.0,1.0,10.0,60.0,4.0,75.0,DF
Tomas Holes,82,CZE,66.0,55.0,83.0,0.0,0.0,1.0,1.0,0.0,3.0,100.0,DF
Harry Souttar,82,AUS,199.0,171.0,86.0,0.0,0.0,1.0,8.0,38.0,3.0,33.0,DF
Akmal Mozgovoy,82,UZB,79.0,65.0,82.0,0.0,0.0,2.0,8.0,50.0,3.0,67.0,MF
Alexandr Sojka,82,CZE,65.0,52.0,80.0,5.0,40.0,3.0,1.0,0.0,3.0,33.0,MF
Otabek Shukurov,82,UZB,117.0,103.0,88.0,1.0,0.0,2.0,3.0,33.0,3.0,100.0,MF
Josip Stanisic,82,CRO,162.0,140.0,86.0,5.0,20.0,2.0,9.0,67.0,3.0,100.0,DF
Grant Hanley,82,SCO,101.0,94.0,93.0,0.0,0.0,0.0,5.0,40.0,3.0,100.0,DF
Sebastian Caceres,1,URU,172.0,154.0,90.0,1.0,0.0,0.0,4.0,50.0,3.0,100.0,DF
Ugurcan Cakir,1,TUR,98.0,77.0,79.0,0.0,0.0,0.0,0.0,0.0,1.0,100.0,GK
Jaminton Campaz,1,COL,18.0,12.0,67.0,3.0,0.0,5.0,2.0,50.0,2.0,100.0,FW
Lukas Cerv,1,CZE,42.0,36.0,86.0,1.0,0.0,1.0,2.0,0.0,1.0,100.0,MF
Stepan Chaloupek,1,CZE,22.0,15.0,68.0,0.0,0.0,0.0,1.0,0.0,1.0,100.0,DF
Andres Cubas,1,PAR,117.0,97.0,83.0,0.0,0.0,0.0,1.0,0.0,1.0,100.0,MF
Kevin Danso,1,AUT,164.0,147.0,90.0,1.0,0.0,2.0,1.0,0.0,1.0,100.0,DF
Promise David,1,CAN,16.0,8.0,50.0,0.0,0.0,0.0,1.0,0.0,1.0,100.0,FW
Mory Diaw,1,SEN,95.0,64.0,67.0,0.0,0.0,0.0,2.0,0.0,1.0,100.0,GK
Nicolas Raskin,107,BEL,230.0,197.0,86.0,8.0,38.0,0.0,8.0,0.0,1.0,100.0,MF
Mike Maignan,112,FRA,225.0,179.0,80.0,0.0,0.0,0.0,3.0,33.0,1.0,100.0,GK
David Alaba,114,AUT,222.0,198.0,89.0,1.0,0.0,0.0,5.0,80.0,1.0,0.0,DF
Nicolas Tagliafico,121,ARG,217.0,190.0,88.0,4.0,25.0,2.0,8.0,50.0,2.0,100.0,DF
Daniel Munoz,124,COL,213.0,194.0,91.0,9.0,22.0,0.0,5.0,20.0,0.0,0.0,DF
Mbekezeli Mbokazi,124,RSA,213.0,185.0,87.0,2.0,0.0,2.0,7.0,57.0,3.0,67.0,DF
Yassine Bounou,126,MAR,211.0,142.0,67.0,0.0,0.0,0.0,9.0,0.0,0.0,0.0,GK
Gustaf Lagerbielke,130,SWE,206.0,173.0,84.0,1.0,0.0,1.0,7.0,57.0,1.0,100.0,DF
Orjan Nyland,131,NOR,204.0,138.0,68.0,0.0,0.0,0.0,6.0,0.0,2.0,50.0,GK
Lewis Ferguson,135,SCO,201.0,185.0,92.0,9.0,11.0,0.0,3.0,33.0,1.0,100.0,MF
Marin Pongracic,138,CRO,200.0,182.0,91.0,0.0,0.0,0.0,1.0,0.0,1.0,100.0,DF
Victor Lindelof,138,SWE,200.0,190.0,95.0,0.0,0.0,0.0,3.0,67.0,1.0,100.0,DF
Thibaut Courtois,147,BEL,198.0,144.0,73.0,0.0,0.0,0.0,5.0,0.0,0.0,0.0,GK
Ibrahim Sangare,141,CIV,190.0,172.0,91.0,1.0,0.0,0.0,4.0,50.0,1.0,100.0,MF
Luc De Fougerolles,146,CAN,191.0,170.0,89.0,1.0,0.0,0.0,6.0,67.0,1.0,0.0,DF
Azarias Londono,89,PAN,21.0,20.0,95.0,1.0,0.0,2.0,2.0,50.0,0.0,0.0,FW
Kojo Peprah Oppong,89,GHA,22.0,21.0,95.0,0.0,0.0,0.0,0.0,0.0,0.0,0.0,DF
Exequiel Palacios,89,ARG,94.0,89.0,95.0,0.0,0.0,0.0,0.0,0.0,0.0,0.0,MF
Marcos Senesi,89,ARG,79.0,75.0,95.0,0.0,0.0,0.0,1.0,0.0,0.0,0.0,DF
Ala Alhajji,112,KSA,17.0,16.0,94.0,0.0,0.0,0.0,0.0,0.0,0.0,0.0,MF
Karim Boudiaf,112,QAT,69.0,65.0,94.0,0.0,0.0,0.0,4.0,50.0,0.0,0.0,MF
Alvaro Fidalgo,112,MEX,77.0,72.0,94.0,3.0,0.0,0.0,3.0,0.0,2.0,100.0,MF
Ibrahima Konate,112,FRA,34.0,32.0,94.0,0.0,0.0,0.0,0.0,0.0,0.0,0.0,DF
Ibrahim Mbaye,112,SEN,67.0,63.0,94.0,8.0,13.0,4.0,9.0,44.0,0.0,0.0,FW
Scott Mckenna,112,SCO,52.0,49.0,94.0,0.0,0.0,0.0,1.0,0.0,1.0,100.0,DF
Park Jinseob,112,KOR,52.0,49.0,94.0,0.0,0.0,0.0,1.0,0.0,0.0,0.0,DF
Jean Michael Seri,112,CIV,17.0,16.0,94.0,3.0,0.0,0.0,2.0,50.0,0.0,0.0,MF
Issa Laye,112,QAT,90.0,85.0,94.0,0.0,0.0,1.0,1.0,0.0,0.0,0.0,DF
Morten Thorsby,112,NOR,18.0,17.0,94.0,0.0,0.0,0.0,0.0,0.0,0.0,0.0,MF
Ismail Yuksek,112,TUR,111.0,104.0,94.0,1.0,0.0,3.0,2.0,50.0,2.0,100.0,MF
Warren Zaire Emery,112,FRA,70.0,66.0,94.0,1.0,0.0,0.0,1.0,0.0,0.0,0.0,MF
Ruben Neves,143,POR,29.0,27.0,93.0,0.0,0.0,0.0,2.0,50.0,0.0,0.0,MF
Meschack Elia,143,COD,14.0,13.0,93.0,2.0,0.0,0.0,5.0,60.0,0.0,0.0,FW
Raphinha,96,BRA,44.0,30.0,68.0,10.0,30.0,2.0,4.0,25.0,0.0,0.0,FW
Guillermo Varela,96,URU,134.0,119.0,89.0,10.0,30.0,1.0,8.0,75.0,1.0,100.0,DF
Nico Williams,108,ESP,50.0,45.0,90.0,9.0,22.0,4.0,6.0,83.0,0.0,0.0,FW
Abbosbek Fayzullaev,108,UZB,36.0,24.0,67.0,9.0,22.0,1.0,2.0,50.0,1.0,100.0,MF
Sead Kolasinac,108,BIH,173.0,141.0,82.0,9.0,11.0,1.0,5.0,20.0,0.0,0.0,DF
Jacob Italiano,108,AUS,43.0,33.0,77.0,9.0,33.0,4.0,2.0,50.0,2.0,100.0,DF
Tim Payne,108,NZL,87.0,72.0,83.0,9.0,11.0,1.0,3.0,0.0,0.0,0.0,DF
Chemsdine Talbi,108,MAR,54.0,47.0,87.0,9.0,11.0,1.0,3.0,33.0,0.0,0.0,MF
El Hadji Malick Diouf,108,SEN,89.0,74.0,83.0,9.0,33.0,0.0,7.0,71.0,0.0,0.0,DF
Jordan Ayew,108,GHA,47.0,33.0,70.0,9.0,11.0,1.0,3.0,0.0,1.0,0.0,FW
Agustin Canobbio,108,URU,68.0,61.0,90.0,9.0,33.0,2.0,5.0,60.0,0.0,0.0,MF
Nico Gonzalez,108,ARG,109.0,90.0,83.0,9.0,44.0,5.0,8.0,63.0,0.0,0.0,MF
Lee Taeseok,108,KOR,45.0,39.0,87.0,9.0,33.0,1.0,4.0,75.0,1.0,100.0,DF
Thomas Meunier,135,BEL,116.0,98.0,84.0,8.0,38.0,1.0,8.0,38.0,2.0,50.0,DF
Donyell Malen,135,NED,34.0,27.0,79.0,8.0,25.0,5.0,5.0,60.0,0.0,0.0,FW
Crysencio Summerville,135,NED,67.0,56.0,84.0,8.0,13.0,5.0,6.0,83.0,0.0,0.0,FW
Connor Metcalfe,135,AUS,80.0,65.0,81.0,8.0,13.0,3.0,7.0,71.0,1.0,0.0,MF
Mikel Oyarzabal,135,ESP,149.0,124.0,83.0,8.0,13.0,2.0,4.0,25.0,2.0,50.0,FW
Esmir Bajraktarevic,135,BIH,71.0,58.0,82.0,8.0,0.0,3.0,0.0,0.0,0.0,0.0,FW
Amir Alammari,108,IRQ,125.0,99.0,79.0,7.0,43.0,1.0,7.0,57.0,0.0,0.0,MF
Musab Aljuwayr,108,KSA,79.0,64.0,81.0,7.0,43.0,1.0,7.0,43.0,0.0,0.0,MF
Marcus Holmgren Pedersen,108,NOR,107.0,87.0,81.0,7.0,43.0,0.0,4.0,0.0,0.0,0.0,DF
Kieran Tierney,108,SCO,48.0,36.0,75.0,7.0,43.0,0.0,1.0,100.0,2.0,50.0,DF
Rafik Belghali,117,ALG,183.0,168.0,92.0,5.0,40.0,3.0,3.0,67.0,0.0,0.0,DF
Francisco Conceicao,117,POR,73.0,65.0,89.0,5.0,40.0,4.0,7.0,86.0,0.0,0.0,FW
Ajdin Hrustic,117,AUS,31.0,27.0,87.0,5.0,40.0,1.0,0.0,0.0,0.0,0.0,FW
Soufiane Rahimi,117,MAR,37.0,27.0,73.0,5.0,40.0,2.0,5.0,40.0,0.0,0.0,FW
Jesse Randall,117,NZL,16.0,12.0,75.0,5.0,40.0,2.0,1.0,0.0,0.0,0.0,FW
Homam Ahmed,147,QAT,33.0,25.0,76.0,3.0,33.0,1.0,2.0,50.0,0.0,0.0,DF
Joao Felix,85,POR,60.0,47.0,78.0,4.0,0.0,5.0,9.0,33.0,0.0,0.0,FW
Ryan Gravenberch,85,NED,126.0,111.0,88.0,5.0,20.0,5.0,3.0,67.0,0.0,0.0,MF
Felix Nmecha,85,GER,131.0,120.0,92.0,2.0,0.0,5.0,4.0,75.0,1.0,0.0,MF
Folarin Balogun,116,USA,44.0,30.0,68.0,6.0,0.0,4.0,6.0,67.0,0.0,0.0,FW
Rodrigo Bentancur,116,URU,174.0,157.0,90.0,3.0,0.0,4.0,2.0,50.0,0.0,0.0,MF
Son Heungmin,116,KOR,58.0,49.0,84.0,3.0,33.0,4.0,2.0,50.0,0.0,0.0,FW
Akam Hashim,116,IRQ,148.0,126.0,85.0,0.0,0.0,4.0,3.0,33.0,1.0,100.0,DF
Ayase Ueda,116,JPN,35.0,26.0,74.0,1.0,0.0,4.0,4.0,50.0,0.0,0.0,FW
Deveron Fonville,116,CUW,66.0,55.0,83.0,0.0,0.0,4.0,3.0,33.0,0.0,0.0,DF
Ismael Saibari,116,MAR,95.0,80.0,84.0,7.0,29.0,4.0,8.0,75.0,1.0,100.0,MF
Tani Oluwaseyi,116,CAN,41.0,27.0,66.0,4.0,0.0,4.0,4.0,50.0,1.0,100.0,FW
Trezeguet,116,EGY,81.0,68.0,84.0,3.0,0.0,4.0,5.0,40.0,1.0,100.0,FW
Ruben Providence,116,HAI,48.0,42.0,88.0,7.0,29.0,4.0,3.0,67.0,0.0,0.0,FW
Andreas Schjelderup,116,NOR,104.0,89.0,86.0,7.0,14.0,4.0,9.0,56.0,2.0,50.0,MF
Matias Fernandez Pardo,116,BEL,15.0,13.0,87.0,3.0,0.0,4.0,3.0,67.0,0.0,0.0,FW
Elijah Just,116,NZL,99.0,85.0,86.0,1.0,0.0,4.0,5.0,20.0,2.0,50.0,MF
Can Uzun,116,TUR,24.0,22.0,92.0,0.0,0.0,4.0,0.0,0.0,0.0,0.0,FW
Ferdi Kadioglu,112,TUR,175.0,161.0,92.0,4.0,0.0,1.0,9.0,78.0,1.0,0.0,DF
Giovanni Reyna,112,USA,94.0,79.0,84.0,1.0,0.0,1.0,9.0,78.0,1.0,100.0,MF
Ehsan Haddad,112,JOR,73.0,54.0,74.0,7.0,29.0,1.0,9.0,78.0,0.0,0.0,DF
Kim Seunggyu,112,KOR,116.0,85.0,73.0,0.0,0.0,0.0,9.0,11.0,2.0,50.0,GK
Finn Surman,1,NZL,145.0,135.0,93.0,0.0,0.0,0.0,1.0,100.0,0.0,0.0,DF
Ivan Toney,1,ENG,21.0,15.0,71.0,0.0,0.0,0.0,1.0,100.0,0.0,0.0,FW
Mehdi Torabi,1,IRN,20.0,17.0,85.0,2.0,0.0,0.0,1.0,100.0,0.0,0.0,MF
Jakhongir Urozov,1,UZB,45.0,31.0,69.0,0.0,0.0,0.0,1.0,100.0,2.0,100.0,DF
Ollie Watkins,1,ENG,10.0,9.0,90.0,3.0,33.0,3.0,2.0,100.0,0.0,0.0,FW
Patrick Wimmer,1,AUT,13.0,7.0,54.0,0.0,0.0,0.0,2.0,100.0,0.0,0.0,FW
Ermedin Demirovic,128,BIH,39.0,29.0,74.0,0.0,0.0,1.0,5.0,80.0,0.0,0.0,FW
Ritsu Doan,128,JPN,105.0,89.0,85.0,5.0,0.0,1.0,5.0,80.0,0.0,0.0,MF
Florian Grillitsch,128,AUT,60.0,55.0,92.0,1.0,0.0,0.0,5.0,80.0,0.0,0.0,MF
Marcos Llorente,128,ESP,152.0,142.0,93.0,6.0,33.0,1.0,5.0,80.0,0.0,0.0,DF
Gilberto Mora,128,MEX,87.0,79.0,91.0,5.0,20.0,2.0,5.0,80.0,1.0,100.0,MF
Gustavo Velazquez,82,PAR,80.0,57.0,71.0,4.0,0.0,0.0,6.0,17.0,3.0,100.0,DF
Tarik Muharemovic,82,BIH,153.0,132.0,86.0,0.0,0.0,1.0,3.0,67.0,3.0,100.0,DF
Kevin Pina,82,CPV,156.0,134.0,86.0,1.0,0.0,3.0,1.0,0.0,3.0,67.0,MF
Danley Jean Jacques,82,HAI,116.0,102.0,88.0,2.0,0.0,1.0,1.0,0.0,3.0,100.0,MF
Kalidou Koulibaly,82,SEN,83.0,73.0,88.0,0.0,0.0,0.0,1.0,0.0,3.0,100.0,DF
Gessime Yassine,82,MAR,39.0,34.0,87.0,1.0,0.0,2.0,2.0,50.0,3.0,67.0,MF
Martin Experience,82,HAI,111.0,93.0,84.0,6.0,0.0,1.0,6.0,33.0,3.0,100.0,DF
Chancel Mbemba,82,COD,162.0,130.0,80.0,4.0,0.0,2.0,7.0,43.0,3.0,100.0,DF
Rebin Sulaka,82,IRQ,29.0,23.0,79.0,0.0,0.0,0.0,0.0,0.0,3.0,33.0,DF
Mohamed Kanno,82,KSA,104.0,97.0,93.0,1.0,0.0,1.0,6.0,67.0,3.0,100.0,MF
Boualem Khoukhi,82,QAT,117.0,94.0,80.0,1.0,0.0,0.0,8.0,25.0,3.0,100.0,DF
Takehiro Tomiyasu,138,JPN,127.0,109.0,86.0,1.0,0.0,1.0,6.0,33.0,2.0,0.0,DF
Yukinari Sugawara,138,JPN,73.0,52.0,71.0,5.0,20.0,1.0,4.0,25.0,2.0,50.0,DF
Shoja Khalilzadeh,138,IRN,141.0,118.0,84.0,0.0,0.0,0.0,1.0,0.0,2.0,100.0,DF
Axel Tuanzebe,138,COD,155.0,140.0,90.0,0.0,0.0,0.0,0.0,0.0,2.0,100.0,DF
Ali Nemati,138,IRN,129.0,114.0,88.0,3.0,33.0,0.0,3.0,0.0,2.0,100.0,DF
Charles Pickel,138,COD,22.0,19.0,86.0,0.0,0.0,0.0,0.0,0.0,2.0,50.0,MF
Samir El Mourabet,1,MAR,110.0,100.0,91.0,1.0,0.0,1.0,4.0,50.0,1.0,100.0,MF
Odeh Fakhoury,1,JOR,21.0,17.0,81.0,1.0,0.0,1.0,0.0,0.0,1.0,100.0,FW
Sherel Floranus,1,CUW,112.0,95.0,85.0,0.0,0.0,1.0,3.0,33.0,1.0,100.0,DF
Azizjon Ganiev,1,UZB,59.0,48.0,81.0,6.0,0.0,1.0,3.0,0.0,1.0,100.0,MF
Eric Garcia,1,ESP,11.0,10.0,91.0,0.0,0.0,0.0,0.0,0.0,1.0,100.0,DF
Diego Gomez,1,PAR,101.0,80.0,79.0,2.0,0.0,2.0,4.0,25.0,2.0,100.0,MF
Gabriel Gudmundsson,1,SWE,147.0,112.0,76.0,5.0,20.0,1.0,7.0,14.0,2.0,100.0,DF
Angus Gunn,1,SCO,119.0,90.0,76.0,0.0,0.0,0.0,0.0,0.0,1.0,100.0,GK
Malo Gusto,1,FRA,76.0,69.0,91.0,3.0,33.0,0.0,0.0,0.0,1.0,100.0,DF
Brian Gutierrez,1,MEX,60.0,53.0,88.0,6.0,0.0,1.0,2.0,50.0,1.0,100.0,MF
Ehsan Hajisafi,1,IRN,20.0,11.0,55.0,2.0,0.0,1.0,2.0,0.0,1.0,100.0,DF
Zaid Tahseen,1,IRQ,64.0,53.0,83.0,0.0,0.0,0.0,3.0,0.0,1.0,100.0,DF
Theo Hernandez,1,FRA,149.0,139.0,93.0,5.0,20.0,1.0,3.0,33.0,1.0,100.0,DF
Amirhossein Hosseinzadeh,1,IRN,14.0,10.0,71.0,0.0,0.0,0.0,3.0,67.0,1.0,100.0,FW
Lucas Paqueta,154,BRA,190.0,162.0,85.0,5.0,0.0,2.0,8.0,63.0,1.0,100.0,MF
Khuliso Mudau,161,RSA,187.0,168.0,90.0,5.0,20.0,3.0,5.0,20.0,0.0,0.0,DF
David Moller Wolfe,163,NOR,186.0,162.0,87.0,7.0,14.0,3.0,7.0,43.0,0.0,0.0,DF
Gideon Mensah,170,GHA,182.0,156.0,86.0,3.0,0.0,1.0,6.0,33.0,2.0,100.0,DF
Cesar Montes,184,MEX,170.0,156.0,92.0,2.0,0.0,0.0,5.0,40.0,2.0,100.0,DF
Derek Cornelius,184,CAN,170.0,151.0,89.0,1.0,0.0,0.0,2.0,50.0,1.0,0.0,DF
Vozinha,189,CPV,166.0,117.0,70.0,0.0,0.0,1.0,2.0,0.0,0.0,0.0,GK
Nikola Katic,192,BIH,165.0,148.0,90.0,0.0,0.0,0.0,1.0,0.0,0.0,0.0,DF
Arthur Theate,194,BEL,164.0,153.0,93.0,0.0,0.0,0.0,0.0,0.0,0.0,0.0,DF
Hans Vanaken,194,BEL,164.0,153.0,93.0,3.0,0.0,1.0,2.0,50.0,2.0,100.0,MF
Ao Tanaka,189,JPN,160.0,145.0,91.0,0.0,0.0,3.0,1.0,0.0,0.0,0.0,MF
Emmanuel Agbadou,193,CIV,154.0,142.0,92.0,0.0,0.0,0.0,1.0,0.0,0.0,0.0,DF
Bernardo Silva,143,POR,59.0,55.0,93.0,0.0,0.0,1.0,0.0,0.0,0.0,0.0,MF
Miles Robinson,143,USA,58.0,54.0,93.0,0.0,0.0,0.0,0.0,0.0,1.0,100.0,DF
Alidu Seidu,143,GHA,27.0,25.0,93.0,1.0,0.0,1.0,0.0,0.0,0.0,0.0,DF
Saed Alrosan,170,JOR,13.0,12.0,92.0,0.0,0.0,0.0,0.0,0.0,0.0,0.0,DF
Ali Azaizeh,170,JOR,13.0,12.0,92.0,1.0,0.0,1.0,0.0,0.0,0.0,0.0,FW
Nelson Semedo,170,POR,91.0,84.0,92.0,5.0,0.0,3.0,3.0,0.0,0.0,0.0,DF
Jordan Henderson,170,ENG,13.0,12.0,92.0,1.0,0.0,0.0,0.0,0.0,0.0,0.0,MF
Angelo Preciado,135,ECU,47.0,32.0,68.0,8.0,13.0,1.0,5.0,20.0,1.0,100.0,DF
Marvin Senaya,135,GHA,91.0,75.0,82.0,8.0,25.0,1.0,4.0,75.0,1.0,100.0,DF
Yan Valery,159,TUN,80.0,54.0,68.0,7.0,29.0,3.0,8.0,13.0,1.0,100.0,DF
Konrad Laimer,159,AUT,150.0,130.0,87.0,7.0,14.0,3.0,8.0,63.0,0.0,0.0,MF
Mahmoud Almardi,159,JOR,39.0,32.0,82.0,7.0,14.0,3.0,5.0,60.0,0.0,0.0,FW
Aaron Wan Bissaka,159,COD,137.0,109.0,80.0,7.0,29.0,2.0,5.0,60.0,0.0,0.0,DF
Neymar Jr,159,BRA,26.0,21.0,81.0,7.0,14.0,1.0,2.0,0.0,0.0,0.0,FW
Sarpreet Singh,159,NZL,76.0,58.0,76.0,7.0,0.0,3.0,6.0,17.0,2.0,100.0,MF
Michel Aebischer,189,SUI,76.0,66.0,87.0,6.0,0.0,2.0,3.0,33.0,0.0,0.0,MF
Elliot Stroud,189,SWE,49.0,38.0,78.0,6.0,33.0,3.0,6.0,50.0,0.0,0.0,DF
Orkun Kokcu,189,TUR,85.0,60.0,71.0,6.0,0.0,2.0,4.0,25.0,0.0,0.0,MF
Liberato Cacace,189,NZL,88.0,75.0,85.0,6.0,17.0,2.0,4.0,25.0,0.0,0.0,DF
Benjamin Nygren,189,SWE,50.0,46.0,92.0,6.0,33.0,2.0,4.0,50.0,0.0,0.0,MF
Ange Yoan Bonny,147,CIV,30.0,26.0,87.0,3.0,33.0,1.0,0.0,0.0,0.0,0.0,FW
Wagner Pina,147,CPV,38.0,30.0,79.0,3.0,33.0,1.0,2.0,0.0,0.0,0.0,DF
Eric Davis,147,PAN,7.0,3.0,43.0,3.0,33.0,0.0,2.0,0.0,0.0,0.0,DF
Jamiro Monteiro,147,CPV,106.0,87.0,82.0,6.0,33.0,0.0,3.0,33.0,0.0,0.0,MF
Tyrese Noslin,147,CUW,9.0,5.0,56.0,3.0,33.0,0.0,1.0,0.0,0.0,0.0,FW
Dailon Livramento,147,CPV,19.0,15.0,79.0,3.0,33.0,1.0,0.0,0.0,0.0,0.0,FW
Zizo,147,EGY,27.0,23.0,85.0,6.0,33.0,1.0,1.0,0.0,0.0,0.0,FW
Luis Suarez,147,COL,53.0,39.0,74.0,3.0,33.0,2.0,2.0,50.0,0.0,0.0,FW
Gabriel Martinelli,147,BRA,65.0,59.0,91.0,3.0,33.0,1.0,3.0,67.0,0.0,0.0,FW
Alexander Isak,151,SWE,81.0,65.0,80.0,4.0,0.0,3.0,5.0,60.0,2.0,50.0,FW
Zeki Amdouni,151,SUI,11.0,8.0,73.0,0.0,0.0,3.0,0.0,0.0,0.0,0.0,FW
Khojiakbar Alijonov,151,UZB,41.0,27.0,66.0,4.0,0.0,3.0,2.0,0.0,1.0,0.0,DF
Jiovany Ramos,151,PAN,121.0,108.0,89.0,0.0,0.0,3.0,2.0,0.0,2.0,50.0,DF
Mehdi Taremi,151,IRN,71.0,58.0,82.0,2.0,0.0,3.0,4.0,25.0,0.0,0.0,FW
Paul Wanner,151,AUT,80.0,68.0,85.0,1.0,0.0,3.0,4.0,75.0,1.0,100.0,MF
Raul Jimenez,148,MEX,66.0,48.0,73.0,1.0,0.0,1.0,8.0,63.0,0.0,0.0,FW
Breel Embolo,148,SUI,72.0,56.0,78.0,1.0,0.0,2.0,8.0,63.0,0.0,0.0,FW
Chris Wood,148,NZL,47.0,36.0,77.0,0.0,0.0,2.0,8.0,13.0,0.0,0.0,FW
Mahmoud Abunada,148,QAT,93.0,50.0,54.0,0.0,0.0,0.0,8.0,0.0,0.0,0.0,GK
Niko Sigur,148,CAN,64.0,52.0,81.0,4.0,25.0,0.0,8.0,63.0,1.0,100.0,DF
Mikel Merino,149,ESP,101.0,89.0,88.0,1.0,0.0,2.0,4.0,75.0,2.0,100.0,MF
Nathan Saliba,149,CAN,93.0,79.0,85.0,4.0,25.0,1.0,4.0,75.0,1.0,100.0,MF
Saud Abdulhamid,194,KSA,113.0,88.0,78.0,4.0,25.0,2.0,3.0,67.0,1.0,0.0,DF
Oguz Aydin,194,TUR,46.0,39.0,85.0,3.0,0.0,0.0,3.0,67.0,0.0,0.0,FW
Omar Alderete,138,PAR,97.0,70.0,72.0,0.0,0.0,1.0,3.0,33.0,2.0,50.0,DF
Orlando Mosquera,138,PAN,103.0,74.0,72.0,0.0,0.0,0.0,2.0,0.0,2.0,100.0,GK
Tyler Bindon,138,NZL,68.0,49.0,72.0,0.0,0.0,1.0,6.0,33.0,2.0,50.0,DF
Salih Ozcan,138,TUR,61.0,52.0,85.0,1.0,0.0,0.0,3.0,33.0,2.0,100.0,MF
Abdukodir Khusanov,1,UZB,98.0,81.0,83.0,0.0,0.0,0.0,1.0,0.0,1.0,100.0,DF
Sondre Langas,1,NOR,10.0,9.0,90.0,0.0,0.0,0.0,0.0,0.0,1.0,100.0,DF
Philipp Lienhart,1,AUT,140.0,128.0,91.0,0.0,0.0,0.0,3.0,67.0,1.0,100.0,DF
Derrick Luckassen,1,GHA,125.0,109.0,87.0,0.0,0.0,0.0,3.0,0.0,1.0,100.0,DF
Moise Bombito,1,CAN,111.0,96.0,86.0,0.0,0.0,0.0,4.0,50.0,1.0,100.0,DF
Shuto Machino,1,JPN,4.0,3.0,75.0,1.0,0.0,1.0,0.0,0.0,1.0,100.0,FW
Ermin Mahmic,1,BIH,16.0,12.0,75.0,1.0,0.0,0.0,0.0,0.0,1.0,100.0,MF
Thalente Mbatha,1,RSA,97.0,82.0,85.0,4.0,0.0,0.0,4.0,50.0,1.0,100.0,MF
Yaimar Medina,1,ECU,19.0,17.0,89.0,4.0,25.0,0.0,1.0,0.0,1.0,100.0,DF
Edouard Mendy,1,SEN,60.0,49.0,82.0,0.0,0.0,0.0,0.0,0.0,1.0,100.0,GK
Raul Rangel,208,MEX,155.0,120.0,77.0,0.0,0.0,0.0,4.0,0.0,1.0,100.0,GK
Nikola Vasilj,208,BIH,155.0,94.0,61.0,0.0,0.0,0.0,4.0,0.0,0.0,0.0,GK
Thomas Partey,218,GHA,152.0,134.0,88.0,0.0,0.0,1.0,4.0,50.0,0.0,0.0,MF
Paik Seungho,218,KOR,152.0,135.0,89.0,1.0,0.0,0.0,7.0,43.0,1.0,100.0,MF
Mostafa Shoubir,231,EGY,147.0,114.0,78.0,0.0,0.0,0.0,3.0,0.0,0.0,0.0,GK
Lionel Mpasi,244,COD,139.0,94.0,68.0,0.0,0.0,0.0,5.0,0.0,0.0,0.0,GK
Jorge Sanchez,238,MEX,131.0,121.0,92.0,5.0,20.0,0.0,1.0,0.0,0.0,0.0,DF
Manuel Ugarte,246,URU,136.0,118.0,87.0,0.0,0.0,0.0,4.0,50.0,1.0,0.0,MF
Manuel Neuer,246,GER,129.0,118.0,91.0,0.0,0.0,0.0,1.0,0.0,0.0,0.0,GK
Guillermo Martinez,170,MEX,13.0,12.0,92.0,1.0,0.0,0.0,0.0,0.0,0.0,0.0,FW
Mark Mckenzie,170,USA,51.0,47.0,92.0,0.0,0.0,0.0,1.0,0.0,0.0,0.0,DF
Carl Starfelt,170,SWE,12.0,11.0,92.0,0.0,0.0,0.0,0.0,0.0,0.0,0.0,DF
Martin Zubimendi,170,ESP,24.0,22.0,92.0,0.0,0.0,0.0,0.0,0.0,0.0,0.0,MF
Nathan Ake,224,NED,123.0,112.0,91.0,1.0,0.0,0.0,3.0,0.0,0.0,0.0,DF
Goncalo Ramos,224,POR,11.0,10.0,91.0,0.0,0.0,0.0,0.0,0.0,0.0,0.0,FW
Phillip Mwene,189,AUT,64.0,56.0,88.0,6.0,0.0,0.0,2.0,50.0,0.0,0.0,DF
Petar Sucic,189,CRO,127.0,110.0,87.0,6.0,17.0,2.0,5.0,20.0,1.0,100.0,MF
Joao Paulo,220,CPV,62.0,52.0,84.0,5.0,0.0,1.0,6.0,67.0,0.0,0.0,MF
Ali Abdi,220,TUN,74.0,51.0,69.0,5.0,0.0,2.0,5.0,60.0,0.0,0.0,DF
Diego Moreira,215,BEL,15.0,10.0,67.0,4.0,25.0,1.0,3.0,67.0,2.0,50.0,MF
Edmilson Junior,215,QAT,41.0,33.0,80.0,4.0,25.0,2.0,7.0,43.0,0.0,0.0,FW
David Doudera,215,CZE,47.0,34.0,72.0,4.0,25.0,1.0,3.0,0.0,0.0,0.0,DF
Matias Galarza,215,PAR,113.0,82.0,73.0,4.0,25.0,2.0,6.0,33.0,0.0,0.0,MF
Elisha Owusu,215,GHA,58.0,50.0,86.0,4.0,25.0,2.0,1.0,0.0,0.0,0.0,MF
Joe Scally,215,USA,53.0,46.0,87.0,4.0,25.0,0.0,2.0,50.0,0.0,0.0,DF
Djibril Sow,215,SUI,97.0,83.0,86.0,4.0,25.0,0.0,7.0,57.0,1.0,100.0,MF
Silvan Widmer,215,SUI,73.0,57.0,78.0,4.0,25.0,0.0,5.0,40.0,1.0,100.0,DF
Inaki Williams,215,GHA,23.0,15.0,65.0,4.0,25.0,1.0,3.0,67.0,0.0,0.0,FW
Wilfried Singo,151,CIV,92.0,79.0,86.0,1.0,0.0,3.0,0.0,0.0,0.0,0.0,DF
Jovane Cabral,151,CPV,34.0,27.0,79.0,1.0,0.0,3.0,2.0,50.0,0.0,0.0,MF
Gilson Benchimol,151,CPV,11.0,9.0,82.0,0.0,0.0,3.0,2.0,0.0,0.0,0.0,FW
Oumar Diakite,151,CIV,19.0,17.0,89.0,1.0,0.0,3.0,3.0,33.0,0.0,0.0,FW
Caleb Yirenkyi,212,GHA,70.0,62.0,89.0,1.0,0.0,2.0,4.0,25.0,0.0,0.0,MF
Ismael Kone,212,CAN,108.0,93.0,86.0,2.0,0.0,2.0,0.0,0.0,0.0,0.0,MF
Nicolas Jackson,212,SEN,45.0,36.0,80.0,1.0,0.0,2.0,4.0,50.0,0.0,0.0,FW
Ayoube Amaimouni,212,MAR,9.0,8.0,89.0,1.0,0.0,2.0,0.0,0.0,1.0,0.0,FW
Jayden Nelson,212,CAN,8.0,6.0,75.0,0.0,0.0,2.0,0.0,0.0,0.0,0.0,FW
Bazoumana Toure,212,CIV,23.0,16.0,70.0,4.0,0.0,2.0,1.0,0.0,1.0,100.0,FW
Josue Casimir,212,HAI,52.0,43.0,83.0,2.0,0.0,2.0,3.0,33.0,0.0,0.0,FW
Obed Vargas,212,MEX,22.0,20.0,91.0,0.0,0.0,2.0,3.0,33.0,0.0,0.0,MF
Josko Gvardiol,182,CRO,89.0,77.0,87.0,0.0,0.0,0.0,7.0,57.0,2.0,50.0,DF
Jacob Widell Zetterstrom,222,SWE,73.0,39.0,53.0,0.0,0.0,0.0,6.0,17.0,0.0,0.0,GK
Relebohile Mofokeng,222,RSA,54.0,44.0,81.0,2.0,0.0,0.0,6.0,50.0,2.0,100.0,FW
Aymen Hussein,194,IRQ,16.0,12.0,75.0,0.0,0.0,0.0,3.0,67.0,0.0,0.0,FW
Ardon Jashari,194,SUI,30.0,25.0,83.0,1.0,0.0,0.0,3.0,67.0,1.0,0.0,MF
Romelu Lukaku,194,BEL,42.0,32.0,76.0,0.0,0.0,1.0,3.0,67.0,0.0,0.0,FW
Kristoffer Nordfeldt,194,SWE,66.0,45.0,68.0,0.0,0.0,0.0,3.0,67.0,1.0,100.0,GK
Sergio Rochet,194,URU,19.0,10.0,53.0,0.0,0.0,0.0,3.0,67.0,0.0,0.0,GK
Kevin Rodriguez,194,ECU,27.0,23.0,85.0,1.0,0.0,1.0,3.0,67.0,0.0,0.0,FW
Micky Van De Ven,194,NED,117.0,105.0,90.0,3.0,0.0,1.0,3.0,67.0,0.0,0.0,DF
Diogo Costa,138,POR,125.0,98.0,78.0,0.0,0.0,0.0,5.0,20.0,2.0,0.0,GK
Ellyes Skhiri,138,TUN,109.0,99.0,91.0,0.0,0.0,0.0,3.0,0.0,2.0,100.0,MF
Armin Gigovic,246,BIH,24.0,17.0,71.0,0.0,0.0,0.0,0.0,0.0,1.0,0.0,MF
Joel Ordonez,1,ECU,113.0,101.0,89.0,0.0,0.0,1.0,2.0,50.0,1.0,100.0,DF
Nathan Patterson,1,SCO,109.0,94.0,86.0,2.0,0.0,1.0,3.0,0.0,1.0,100.0,DF
Dominik Livakovic,265,CRO,129.0,95.0,74.0,0.0,0.0,0.0,0.0,0.0,0.0,0.0,GK
Bart Verbruggen,285,NED,123.0,89.0,72.0,0.0,0.0,0.0,2.0,0.0,0.0,0.0,GK
Alexander Schlager,285,AUT,123.0,106.0,86.0,0.0,0.0,0.0,0.0,0.0,0.0,0.0,GK
Maxime Crepeau,285,CAN,123.0,92.0,75.0,0.0,0.0,0.0,2.0,0.0,1.0,0.0,GK
Patrick Beach,293,AUS,122.0,79.0,65.0,0.0,0.0,0.0,3.0,0.0,0.0,0.0,GK
Robin Hranac,288,CZE,116.0,104.0,90.0,1.0,0.0,0.0,2.0,0.0,0.0,0.0,DF
Willy Semedo,224,CPV,33.0,30.0,91.0,2.0,0.0,1.0,1.0,0.0,0.0,0.0,MF
Aimar Sher,224,IRQ,22.0,20.0,91.0,1.0,0.0,0.0,0.0,0.0,0.0,0.0,MF
Angelo Stiller,224,GER,34.0,31.0,91.0,0.0,0.0,0.0,1.0,0.0,0.0,0.0,MF
Fredrik Andre Bjorkan,264,NOR,21.0,19.0,90.0,0.0,0.0,0.0,0.0,0.0,0.0,0.0,DF
Pervis Estupinan,264,ECU,61.0,55.0,90.0,3.0,0.0,0.0,3.0,0.0,0.0,0.0,DF
Christopher Operi,264,CIV,78.0,70.0,90.0,1.0,0.0,1.0,3.0,33.0,0.0,0.0,DF
Kendry Paez,264,ECU,10.0,9.0,90.0,0.0,0.0,0.0,0.0,0.0,0.0,0.0,MF
Gonzalo Montiel,220,ARG,100.0,81.0,81.0,5.0,0.0,0.0,0.0,0.0,0.0,0.0,DF
Amar Memic,220,BIH,52.0,39.0,75.0,5.0,0.0,1.0,4.0,0.0,0.0,0.0,MF
Mateo Chavez,212,MEX,26.0,23.0,88.0,1.0,0.0,2.0,2.0,50.0,0.0,0.0,DF
Enner Valencia,212,ECU,40.0,33.0,83.0,1.0,0.0,2.0,1.0,0.0,0.0,0.0,FW
Joshua Brenet,212,CUW,63.0,49.0,78.0,1.0,0.0,2.0,3.0,33.0,0.0,0.0,DF
Vladimir Darida,212,CZE,18.0,14.0,78.0,0.0,0.0,2.0,1.0,0.0,0.0,0.0,MF
Mohamed Toure,212,AUS,16.0,12.0,75.0,2.0,0.0,2.0,2.0,50.0,0.0,0.0,FW
Ozan Kabak,212,TUR,36.0,26.0,72.0,0.0,0.0,2.0,2.0,0.0,0.0,0.0,DF
Kristian Thorstvedt,212,NOR,24.0,19.0,79.0,0.0,0.0,2.0,1.0,0.0,0.0,0.0,MF
Igor Matanovic,212,CRO,14.0,11.0,79.0,0.0,0.0,2.0,0.0,0.0,0.0,0.0,FW
Zion Suzuki,222,JPN,109.0,76.0,70.0,0.0,0.0,0.0,6.0,17.0,0.0,0.0,GK
Hernan Galindez,264,ECU,105.0,70.0,67.0,0.0,0.0,0.0,5.0,60.0,0.0,0.0,GK
Miro Muheim,264,SUI,40.0,31.0,78.0,3.0,0.0,0.0,5.0,20.0,0.0,0.0,DF
Sherzod Nasrullaev,264,UZB,48.0,35.0,73.0,3.0,0.0,1.0,5.0,0.0,0.0,0.0,DF
Nuno Da Costa,264,CPV,23.0,18.0,78.0,1.0,0.0,2.0,5.0,40.0,0.0,0.0,MF
Feras Albrikan,264,KSA,51.0,32.0,63.0,0.0,0.0,0.0,5.0,0.0,0.0,0.0,FW
Benjamin Tahirovic,246,BIH,107.0,91.0,85.0,2.0,0.0,0.0,2.0,0.0,1.0,100.0,MF
Cameron Burgess,246,AUS,56.0,45.0,80.0,0.0,0.0,0.0,2.0,50.0,1.0,0.0,DF
Utkir Yusupov,246,UZB,29.0,17.0,59.0,0.0,0.0,0.0,2.0,0.0,1.0,100.0,GK
Ivan Sunjic,246,BIH,102.0,88.0,86.0,1.0,0.0,0.0,2.0,0.0,1.0,0.0,MF
Omar Rekik,1,TUN,93.0,77.0,83.0,2.0,0.0,0.0,4.0,25.0,1.0,100.0,DF
Alejandro Romero Gamarra,1,PAR,10.0,6.0,60.0,0.0,0.0,0.0,0.0,0.0,1.0,100.0,FW
Alireza Beiranvand,1,IRN,93.0,62.0,67.0,0.0,0.0,2.0,2.0,0.0,1.0,100.0,GK
Karim Hafez,1,EGY,113.0,99.0,88.0,2.0,0.0,1.0,2.0,50.0,1.0,100.0,DF
Max Crocombe,343,NZL,107.0,78.0,73.0,0.0,0.0,0.0,4.0,0.0,0.0,0.0,GK
Jarell Quansah,350,ENG,106.0,92.0,87.0,1.0,0.0,0.0,2.0,50.0,1.0,0.0,DF
Yazan Alarab,322,JOR,106.0,94.0,89.0,0.0,0.0,2.0,1.0,0.0,0.0,0.0,DF
Luca Zidane,341,ALG,104.0,91.0,88.0,0.0,0.0,0.0,0.0,0.0,0.0,0.0,GK
Pape Matar Sarr,264,SEN,48.0,43.0,90.0,1.0,0.0,0.0,2.0,50.0,0.0,0.0,MF
Zaid Ismael,310,IRQ,71.0,63.0,89.0,0.0,0.0,1.0,0.0,0.0,1.0,0.0,MF
Munaf Younus,310,IRQ,19.0,17.0,89.0,0.0,0.0,0.0,0.0,0.0,0.0,0.0,DF
Sebastian Tounekti,310,TUN,18.0,16.0,89.0,3.0,0.0,1.0,1.0,0.0,0.0,0.0,MF
Axel Witsel,310,BEL,9.0,8.0,89.0,0.0,0.0,0.0,0.0,0.0,0.0,0.0,MF
Arya Yousefi,310,IRN,18.0,16.0,89.0,0.0,0.0,1.0,0.0,0.0,0.0,0.0,DF
Besfort Zeneli,310,SWE,38.0,34.0,89.0,2.0,0.0,0.0,2.0,50.0,0.0,0.0,MF
Alexander Prass,304,AUT,25.0,22.0,88.0,3.0,0.0,0.0,3.0,33.0,0.0,0.0,MF
Jamie Leweling,304,GER,14.0,11.0,79.0,3.0,0.0,0.0,1.0,0.0,0.0,0.0,MF
Mohammed Abu Alshamat,304,KSA,64.0,51.0,80.0,3.0,0.0,0.0,4.0,25.0,1.0,0.0,DF
Aaron Tshibola,346,COD,0.0,0.0,0.0,0.0,0.0,0.0,0.0,0.0,0.0,0.0,MF
Achref Abada,346,ALG,0.0,0.0,0.0,0.0,0.0,0.0,0.0,0.0,0.0,0.0,DF
Diogo Dalot,212,POR,39.0,34.0,87.0,1.0,0.0,2.0,1.0,0.0,0.0,0.0,DF
Cedric Bakambu,212,COD,23.0,16.0,70.0,1.0,0.0,2.0,1.0,0.0,0.0,0.0,FW
Edo Kayembe,212,COD,41.0,35.0,85.0,2.0,0.0,2.0,1.0,0.0,0.0,0.0,MF
Moteb Alharbi,327,KSA,77.0,57.0,74.0,2.0,0.0,1.0,5.0,20.0,0.0,0.0,DF
Mohammad Aldaoud,327,JOR,5.0,2.0,40.0,0.0,0.0,1.0,1.0,0.0,0.0,0.0,MF
Yoane Wissa,327,COD,69.0,60.0,87.0,2.0,0.0,1.0,5.0,40.0,0.0,0.0,FW
Mohamed Manai,327,QAT,15.0,7.0,47.0,0.0,0.0,1.0,3.0,33.0,0.0,0.0,FW
Abdullah Alkhaibari,327,KSA,58.0,48.0,83.0,0.0,0.0,1.0,1.0,0.0,0.0,0.0,MF
Yusuf Abdurisag,327,QAT,14.0,9.0,64.0,0.0,0.0,1.0,3.0,0.0,0.0,0.0,FW
Kevin Yakob,327,IRQ,12.0,9.0,75.0,0.0,0.0,1.0,1.0,0.0,0.0,0.0,MF
Benjamin Asare,320,GHA,59.0,41.0,69.0,0.0,0.0,0.0,4.0,25.0,0.0,0.0,GK
Gabriel Avalos,320,PAR,23.0,12.0,52.0,0.0,0.0,0.0,4.0,25.0,0.0,0.0,FW
Endrick,320,BRA,20.0,16.0,80.0,1.0,0.0,1.0,4.0,25.0,0.0,0.0,FW
Abdullah Alhamddan,320,KSA,22.0,16.0,73.0,1.0,0.0,1.0,2.0,50.0,0.0,0.0,FW
Shahriyar Moghanloo,246,IRN,25.0,15.0,60.0,2.0,0.0,0.0,2.0,50.0,1.0,0.0,FW
Steve Kapuadi,246,COD,55.0,46.0,84.0,0.0,0.0,0.0,0.0,0.0,1.0,0.0,DF
Simon Banza,246,COD,6.0,4.0,67.0,0.0,0.0,0.0,0.0,0.0,1.0,0.0,FW
Mohammad Mohebbi,246,IRN,69.0,49.0,71.0,1.0,0.0,0.0,3.0,33.0,1.0,0.0,MF
Matt Turner,246,USA,33.0,24.0,73.0,0.0,0.0,0.0,0.0,0.0,1.0,0.0,GK
Auston Trusty,1,USA,50.0,38.0,76.0,2.0,0.0,0.0,2.0,0.0,1.0,100.0,DF
Johny Placide,356,HAI,105.0,67.0,64.0,0.0,0.0,0.0,2.0,0.0,0.0,0.0,GK
Cristiano Ronaldo,383,POR,99.0,86.0,87.0,1.0,0.0,0.0,4.0,25.0,0.0,0.0,FW
Saeid Ezatolahi,383,IRN,99.0,78.0,79.0,0.0,0.0,1.0,4.0,50.0,0.0,0.0,MF
Mohamed Amine Ben Hmida,392,TUN,98.0,81.0,83.0,0.0,0.0,0.0,1.0,0.0,1.0,0.0,DF
Abdallah Nasib,396,JOR,97.0,70.0,72.0,0.0,0.0,0.0,1.0,0.0,0.0,0.0,DF
Gustavo Gomez,388,PAR,91.0,80.0,88.0,0.0,0.0,0.0,0.0,0.0,0.0,0.0,DF
Hossam Abdelmaguid,350,EGY,32.0,28.0,88.0,0.0,0.0,0.0,0.0,0.0,0.0,0.0,DF
Elias Achouri,350,TUN,8.0,7.0,88.0,0.0,0.0,0.0,0.0,0.0,0.0,0.0,FW
Mohamed Amoura,350,ALG,8.0,7.0,88.0,0.0,0.0,0.0,0.0,0.0,0.0,0.0,FW
Dzenis Burnic,350,BIH,8.0,7.0,88.0,0.0,0.0,0.0,0.0,0.0,0.0,0.0,MF
Tomas Chory,350,CZE,8.0,7.0,88.0,0.0,0.0,0.0,1.0,0.0,0.0,0.0,FW
Amine Gouiri,350,ALG,58.0,51.0,88.0,1.0,0.0,1.0,0.0,0.0,0.0,0.0,FW
Kim Moonhwan,350,KOR,25.0,22.0,88.0,0.0,0.0,0.0,0.0,0.0,0.0,0.0,DF
Iqraam Rayners,350,RSA,24.0,21.0,88.0,2.0,0.0,0.0,3.0,33.0,0.0,0.0,FW
Guus Til,350,NED,8.0,7.0,88.0,0.0,0.0,0.0,1.0,0.0,0.0,0.0,MF
Luka Vuskovic,350,CRO,43.0,38.0,88.0,0.0,0.0,0.0,1.0,0.0,0.0,0.0,DF
Timothy Weah,350,USA,34.0,30.0,88.0,2.0,0.0,0.0,2.0,50.0,0.0,0.0,FW
Odiljon Xamrobekov,350,UZB,43.0,38.0,88.0,0.0,0.0,0.0,1.0,0.0,0.0,0.0,MF
Andrej Kramaric,358,CRO,20.0,17.0,85.0,2.0,0.0,0.0,2.0,50.0,0.0,0.0,FW
Deniz Undav,358,GER,31.0,23.0,74.0,2.0,0.0,0.0,4.0,50.0,0.0,0.0,FW
Maghnes Akliouche,358,FRA,7.0,5.0,71.0,2.0,0.0,0.0,0.0,0.0,0.0,0.0,MF
Ahmed Alaaeldin,346,QAT,8.0,4.0,50.0,0.0,0.0,0.0,1.0,0.0,0.0,0.0,FW
Mohammad Abuzraiq,346,JOR,5.0,4.0,80.0,0.0,0.0,0.0,0.0,0.0,0.0,0.0,FW
Mohammad Abualnadi,346,JOR,31.0,24.0,77.0,0.0,0.0,0.0,0.0,0.0,0.0,0.0,DF
Yazeed Abulaila,346,JOR,66.0,42.0,64.0,0.0,0.0,0.0,3.0,33.0,0.0,0.0,GK
Carlos Acevedo,346,MEX,0.0,0.0,0.0,0.0,0.0,0.0,0.0,0.0,0.0,0.0,GK
Che Adams,346,SCO,19.0,12.0,63.0,0.0,0.0,0.0,2.0,0.0,0.0,0.0,FW
Prince Adu,346,GHA,5.0,4.0,80.0,0.0,0.0,0.0,0.0,0.0,0.0,0.0,FW
David Affengruber,346,AUT,0.0,0.0,0.0,0.0,0.0,0.0,0.0,0.0,0.0,0.0,DF
Rodrigo Aguirre,346,URU,1.0,0.0,0.0,0.0,0.0,0.0,0.0,0.0,0.0,0.0,FW
Aiman Yahya,346,KSA,0.0,0.0,0.0,0.0,0.0,0.0,0.0,0.0,0.0,0.0,FW
Mohamed Alaa,346,EGY,0.0,0.0,0.0,0.0,0.0,0.0,0.0,0.0,0.0,0.0,GK
Samet Akaydin,346,TUR,0.0,0.0,0.0,0.0,0.0,0.0,0.0,0.0,0.0,0.0,DF
Ahmed Maknazi,346,IRQ,5.0,3.0,60.0,0.0,0.0,1.0,0.0,0.0,0.0,0.0,DF
Ahmed Basil,346,IRQ,71.0,42.0,59.0,0.0,0.0,0.0,3.0,0.0,0.0,0.0,GK
Mohanad Ali,346,IRQ,2.0,1.0,50.0,0.0,0.0,0.0,0.0,0.0,0.0,0.0,FW
Nawaf Alaqidi,346,KSA,0.0,0.0,0.0,0.0,0.0,0.0,0.0,0.0,0.0,0.0,GK
Oh Hyeongyu,327,KOR,22.0,15.0,68.0,1.0,0.0,1.0,2.0,50.0,0.0,0.0,FW
Ali Alhamadi,327,IRQ,35.0,26.0,74.0,0.0,0.0,1.0,0.0,0.0,0.0,0.0,FW
Assim Madibo,327,QAT,33.0,27.0,82.0,0.0,0.0,1.0,1.0,0.0,0.0,0.0,MF
Samed Bazdar,327,BIH,5.0,2.0,40.0,0.0,0.0,1.0,3.0,0.0,0.0,0.0,FW
Cyle Larin,327,CAN,23.0,20.0,87.0,0.0,0.0,1.0,1.0,0.0,0.0,0.0,FW
Duckens Nazon,327,HAI,3.0,1.0,33.0,0.0,0.0,1.0,0.0,0.0,0.0,0.0,FW
Erling Haaland,320,NOR,47.0,34.0,72.0,1.0,0.0,1.0,4.0,25.0,0.0,0.0,FW
Ayoub Aloui,320,QAT,28.0,11.0,39.0,1.0,0.0,0.0,4.0,0.0,0.0,0.0,DF
Mohammed Alowais,320,KSA,93.0,53.0,57.0,0.0,0.0,0.0,4.0,0.0,0.0,0.0,GK
Luca Jaquez,320,SUI,41.0,31.0,76.0,2.0,0.0,1.0,4.0,50.0,0.0,0.0,DF
Abduvohid Nematov,320,UZB,56.0,28.0,50.0,0.0,0.0,0.0,4.0,0.0,0.0,0.0,GK
Jamshid Iskanderov,320,UZB,17.0,11.0,65.0,1.0,0.0,0.0,2.0,50.0,0.0,0.0,MF
Jesper Karlstrom,320,SWE,37.0,31.0,84.0,0.0,0.0,1.0,2.0,50.0,0.0,0.0,MF
Rani Khedira,320,TUN,30.0,25.0,83.0,1.0,0.0,0.0,2.0,50.0,0.0,0.0,MF
Takefusa Kubo,320,JPN,16.0,12.0,75.0,0.0,0.0,0.0,2.0,50.0,0.0,0.0,MF
Abdulaziz Hatem,320,QAT,32.0,26.0,81.0,0.0,0.0,0.0,2.0,50.0,0.0,0.0,MF
Guillermo Ochoa,320,MEX,9.0,4.0,44.0,0.0,0.0,0.0,2.0,50.0,0.0,0.0,GK
Matej Kovar,396,CZE,97.0,62.0,64.0,0.0,0.0,0.0,3.0,33.0,0.0,0.0,GK
Matt Freese,404,USA,95.0,63.0,66.0,0.0,0.0,0.0,2.0,0.0,0.0,0.0,GK
Callum Mccowatt,411,NZL,93.0,78.0,84.0,2.0,0.0,1.0,3.0,33.0,0.0,0.0,MF
Eloy Room,431,CUW,89.0,48.0,54.0,0.0,0.0,0.0,1.0,0.0,0.0,0.0,GK
Hassan Altambakti,439,KSA,87.0,71.0,82.0,0.0,0.0,0.0,2.0,0.0,0.0,0.0,DF
Ismael Diaz,401,PAN,15.0,13.0,87.0,0.0,0.0,1.0,0.0,0.0,0.0,0.0,MF
Abdoulaye Seck,401,SEN,30.0,26.0,87.0,0.0,0.0,0.0,1.0,0.0,0.0,0.0,DF
Malick Thiaw,401,GER,38.0,33.0,87.0,0.0,0.0,0.0,0.0,0.0,0.0,0.0,DF
Kai Trewin,401,AUS,31.0,27.0,87.0,2.0,0.0,0.0,1.0,0.0,0.0,0.0,DF
Theo Bongonda,358,COD,13.0,9.0,69.0,2.0,0.0,0.0,2.0,0.0,0.0,0.0,MF
Matias Vina,358,URU,29.0,23.0,79.0,2.0,0.0,0.0,0.0,0.0,0.0,0.0,DF
Alan Minda,358,ECU,16.0,12.0,75.0,2.0,0.0,0.0,1.0,0.0,0.0,0.0,MF
Abdallah Alfakhori,346,JOR,0.0,0.0,0.0,0.0,0.0,0.0,0.0,0.0,0.0,0.0,GK
Khalid Alghannam,346,KSA,0.0,0.0,0.0,0.0,0.0,0.0,0.0,0.0,0.0,0.0,FW
Hassan Alhaydos,346,QAT,14.0,10.0,71.0,0.0,0.0,0.0,1.0,0.0,0.0,0.0,FW
Ziyad Aljohani,346,KSA,0.0,0.0,0.0,0.0,0.0,0.0,0.0,0.0,0.0,0.0,MF
Ahmed Alkassar,346,KSA,0.0,0.0,0.0,0.0,0.0,0.0,0.0,0.0,0.0,0.0,GK
Saleh Alshehri,346,KSA,0.0,0.0,0.0,0.0,0.0,0.0,0.0,0.0,0.0,0.0,FW
Nabil Donga,346,EGY,0.0,0.0,0.0,0.0,0.0,0.0,0.0,0.0,0.0,0.0,MF
Aurele Amenda,346,SUI,0.0,0.0,0.0,0.0,0.0,0.0,0.0,0.0,0.0,0.0,DF
Youssef Amyn,346,IRQ,6.0,5.0,83.0,0.0,0.0,0.0,0.0,0.0,0.0,0.0,MF
Joseph Anang,346,GHA,0.0,0.0,0.0,0.0,0.0,0.0,0.0,0.0,0.0,0.0,GK
Cj Dos Santos,346,CPV,0.0,0.0,0.0,0.0,0.0,0.0,0.0,0.0,0.0,0.0,GK
Ronald Araujo,346,URU,0.0,0.0,0.0,0.0,0.0,0.0,0.0,0.0,0.0,0.0,DF
Alex Arce,346,PAR,10.0,7.0,70.0,0.0,0.0,0.0,0.0,0.0,0.0,0.0,FW
Jeremy Arevalo,346,ECU,0.0,0.0,0.0,0.0,0.0,0.0,0.0,0.0,0.0,0.0,FW
Max Arfsten,346,USA,0.0,0.0,0.0,0.0,0.0,0.0,0.0,0.0,0.0,0.0,DF
Marko Arnautovic,346,AUT,32.0,25.0,78.0,1.0,0.0,0.0,0.0,0.0,0.0,0.0,FW
Adam Arous,346,TUN,0.0,0.0,0.0,0.0,0.0,0.0,0.0,0.0,0.0,0.0,DF
Khalil Ayari,346,TUN,0.0,0.0,0.0,0.0,0.0,0.0,0.0,0.0,0.0,0.0,MF
Alphonso Davies,327,CAN,18.0,14.0,78.0,1.0,0.0,1.0,0.0,0.0,0.0,0.0,DF
Tshepang Moremi,327,RSA,9.0,6.0,67.0,0.0,0.0,1.0,0.0,0.0,0.0,0.0,FW
Ayoub El Kaabi,327,MAR,10.0,7.0,70.0,0.0,0.0,1.0,0.0,0.0,0.0,0.0,FW
Igor Thiago,327,BRA,5.0,4.0,80.0,0.0,0.0,1.0,0.0,0.0,0.0,0.0,FW
Gustavo Caballero,327,PAR,8.0,5.0,63.0,0.0,0.0,1.0,1.0,0.0,0.0,0.0,MF
Lyndon Dykes,320,SCO,11.0,7.0,64.0,1.0,0.0,0.0,4.0,25.0,0.0,0.0,FW
Patrik Schick,402,CZE,28.0,24.0,86.0,0.0,0.0,1.0,3.0,33.0,0.0,0.0,FW
Elye Wahi,402,CIV,21.0,15.0,71.0,1.0,0.0,0.0,3.0,33.0,0.0,0.0,FW
Tomas Soucek,320,CZE,44.0,35.0,80.0,0.0,0.0,0.0,2.0,50.0,0.0,0.0,MF
Oston Urunov,320,UZB,10.0,8.0,80.0,0.0,0.0,1.0,2.0,50.0,0.0,0.0,MF
Dylan Bronn,246,TUN,20.0,16.0,80.0,0.0,0.0,0.0,0.0,0.0,1.0,0.0,DF
Sasa Kalajdzic,246,AUT,24.0,16.0,67.0,1.0,0.0,1.0,2.0,0.0,1.0,0.0,FW
Fernando Muslera,498,URU,71.0,57.0,80.0,0.0,0.0,0.0,1.0,0.0,0.0,0.0,GK
Brian Brobbey,443,NED,21.0,18.0,86.0,1.0,0.0,1.0,0.0,0.0,0.0,0.0,FW
Braian Ojeda,443,PAR,7.0,6.0,86.0,0.0,0.0,0.0,0.0,0.0,0.0,0.0,MF
Yeremy Pino,443,ESP,29.0,25.0,86.0,1.0,0.0,0.0,0.0,0.0,0.0,0.0,FW
Junnosuke Suzuki,443,JPN,7.0,6.0,86.0,1.0,0.0,0.0,1.0,0.0,0.0,0.0,DF
Alex Zendejas,443,USA,7.0,6.0,86.0,1.0,0.0,0.0,1.0,0.0,0.0,0.0,FW
David Zima,443,CZE,7.0,6.0,86.0,0.0,0.0,0.0,0.0,0.0,0.0,0.0,DF
Ryan Thomas,454,NZL,25.0,18.0,72.0,1.0,0.0,0.0,2.0,0.0,0.0,0.0,MF
Jason Geria,454,AUS,23.0,18.0,78.0,1.0,0.0,0.0,0.0,0.0,0.0,0.0,DF
Tete Yengi,454,AUS,5.0,3.0,60.0,1.0,0.0,0.0,2.0,0.0,0.0,0.0,FW
Awer Mabil,454,AUS,8.0,5.0,63.0,1.0,0.0,0.0,0.0,0.0,0.0,0.0,FW
Ben Old,454,NZL,33.0,25.0,76.0,1.0,0.0,1.0,2.0,0.0,0.0,0.0,MF
Mathew Leckie,454,AUS,10.0,7.0,70.0,1.0,0.0,0.0,0.0,0.0,0.0,0.0,FW
Cedric Itten,454,SUI,5.0,3.0,60.0,1.0,0.0,0.0,0.0,0.0,0.0,0.0,FW
Kaan Ayhan,346,TUR,3.0,1.0,33.0,0.0,0.0,0.0,0.0,0.0,0.0,0.0,MF
Christopher Bonsu Baah,346,GHA,0.0,0.0,0.0,0.0,0.0,0.0,0.0,0.0,0.0,0.0,FW
Baba Rahman,346,GHA,0.0,0.0,0.0,0.0,0.0,0.0,0.0,0.0,0.0,0.0,DF
Anas Badawi,346,JOR,0.0,0.0,0.0,0.0,0.0,0.0,0.0,0.0,0.0,0.0,DF
Bae Junho,346,KOR,0.0,0.0,0.0,0.0,0.0,0.0,0.0,0.0,0.0,0.0,MF
Fabian Balbuena,346,PAR,0.0,0.0,0.0,0.0,0.0,0.0,0.0,0.0,0.0,0.0,DF
Nour Baniateyah,346,JOR,0.0,0.0,0.0,0.0,0.0,0.0,0.0,0.0,0.0,0.0,GK
Kosta Barbarouses,346,NZL,0.0,0.0,0.0,0.0,0.0,0.0,0.0,0.0,0.0,0.0,FW
Meshaal Barsham,346,QAT,0.0,0.0,0.0,0.0,0.0,0.0,0.0,0.0,0.0,0.0,GK
Dylan Batubinsika,346,COD,0.0,0.0,0.0,0.0,0.0,0.0,0.0,0.0,0.0,0.0,DF
Oliver Baumann,346,GER,0.0,0.0,0.0,0.0,0.0,0.0,0.0,0.0,0.0,0.0,GK
Altay Bayindir,346,TUR,0.0,0.0,0.0,0.0,0.0,0.0,0.0,0.0,0.0,0.0,GK
Lachlan Bayliss,346,NZL,0.0,0.0,0.0,0.0,0.0,0.0,0.0,0.0,0.0,0.0,MF
Maximilian Beier,346,GER,13.0,6.0,46.0,0.0,0.0,0.0,1.0,0.0,0.0,0.0,FW
Youssef Belammari,346,MAR,0.0,0.0,0.0,0.0,0.0,0.0,0.0,0.0,0.0,0.0,DF
Sabri Ben Hessen,346,TUN,0.0,0.0,0.0,0.0,0.0,0.0,0.0,0.0,0.0,0.0,GK
Mortadha Ben Ouanes,346,TUN,4.0,3.0,75.0,0.0,0.0,0.0,1.0,0.0,0.0,0.0,DF
Oussama Benbot,346,ALG,25.0,18.0,72.0,0.0,0.0,0.0,1.0,0.0,0.0,0.0,GK
Nadhir Benbouali,346,ALG,8.0,6.0,75.0,1.0,0.0,0.0,0.0,0.0,0.0,0.0,FW
Goncalo Inacio,346,POR,0.0,0.0,0.0,0.0,0.0,0.0,0.0,0.0,0.0,0.0,DF
Augustine Boakye,346,GHA,0.0,0.0,0.0,0.0,0.0,0.0,0.0,0.0,0.0,0.0,MF
Tyrick Bodak,346,CUW,0.0,0.0,0.0,0.0,0.0,0.0,0.0,0.0,0.0,0.0,GK
Carney Chukwuemeka,327,AUT,30.0,25.0,83.0,0.0,0.0,1.0,0.0,0.0,0.0,0.0,MF
Petar Musa,327,CRO,11.0,7.0,64.0,0.0,0.0,1.0,3.0,33.0,0.0,0.0,FW
Toni Fruk,470,CRO,0.0,0.0,0.0,0.0,0.0,0.0,0.0,0.0,0.0,0.0,MF
Dan Burn,470,ENG,4.0,2.0,50.0,0.0,0.0,0.0,2.0,0.0,0.0,0.0,DF
Duje Caleta Car,470,CRO,0.0,0.0,0.0,0.0,0.0,0.0,0.0,0.0,0.0,0.0,DF
Alexander Nuebel,470,GER,0.0,0.0,0.0,0.0,0.0,0.0,0.0,0.0,0.0,0.0,GK
Jose Sa,470,POR,0.0,0.0,0.0,0.0,0.0,0.0,0.0,0.0,0.0,0.0,GK
Mats Wieffer,470,NED,0.0,0.0,0.0,0.0,0.0,0.0,0.0,0.0,0.0,0.0,DF
James Trafford,470,ENG,0.0,0.0,0.0,0.0,0.0,0.0,0.0,0.0,0.0,0.0,GK
Dean Henderson,470,ENG,41.0,32.0,78.0,0.0,0.0,0.0,0.0,0.0,0.0,0.0,GK
Seko Fofana,531,CIV,45.0,38.0,84.0,0.0,0.0,0.0,2.0,0.0,0.0,0.0,MF
Mohammad Ghorbani,531,IRN,19.0,16.0,84.0,0.0,0.0,0.0,0.0,0.0,0.0,0.0,MF
Hamza Abdelkarim,454,EGY,10.0,7.0,70.0,1.0,0.0,0.0,2.0,0.0,0.0,0.0,FW
Kamogelo Sebelebele,454,RSA,5.0,4.0,80.0,1.0,0.0,0.0,0.0,0.0,0.0,0.0,FW
Brandley Kuwas,454,CUW,4.0,3.0,75.0,1.0,0.0,0.0,1.0,0.0,0.0,0.0,FW
Chris Brady,346,USA,0.0,0.0,0.0,0.0,0.0,0.0,0.0,0.0,0.0,0.0,GK
Marcio Rosa,346,CPV,0.0,0.0,0.0,0.0,0.0,0.0,0.0,0.0,0.0,0.0,GK
Nawaf Bu Washl,346,KSA,46.0,35.0,76.0,0.0,0.0,0.0,1.0,0.0,0.0,0.0,DF
Ante Budimir,346,CRO,10.0,6.0,60.0,0.0,0.0,0.0,2.0,0.0,0.0,0.0,FW
Santiago Bueno,346,URU,0.0,0.0,0.0,0.0,0.0,0.0,0.0,0.0,0.0,0.0,DF
Jose Canale,346,PAR,27.0,18.0,67.0,1.0,0.0,0.0,1.0,0.0,0.0,0.0,DF
Jorge Carrascal,346,COL,0.0,0.0,0.0,0.0,0.0,0.0,0.0,0.0,0.0,0.0,MF
Adalberto Carrasquilla,346,PAN,0.0,0.0,0.0,0.0,0.0,0.0,0.0,0.0,0.0,0.0,MF
Denil Castillo,346,ECU,0.0,0.0,0.0,0.0,0.0,0.0,0.0,0.0,0.0,0.0,MF
Sipho Chaine,346,RSA,0.0,0.0,0.0,0.0,0.0,0.0,0.0,0.0,0.0,0.0,GK
Trevoh Chalobah,346,ENG,0.0,0.0,0.0,0.0,0.0,0.0,0.0,0.0,0.0,0.0,DF
Mouhib Chamakh,346,TUN,23.0,16.0,70.0,0.0,0.0,0.0,0.0,0.0,0.0,0.0,GK
Roozbeh Cheshmi,346,IRN,0.0,0.0,0.0,0.0,0.0,0.0,0.0,0.0,0.0,0.0,MF
Raed Chikhaoui,346,TUN,0.0,0.0,0.0,0.0,0.0,0.0,0.0,0.0,0.0,0.0,DF
Cho Guesung,346,KOR,7.0,4.0,57.0,0.0,0.0,0.0,0.0,0.0,0.0,0.0,FW
Cho Wije,346,KOR,0.0,0.0,0.0,0.0,0.0,0.0,0.0,0.0,0.0,0.0,DF
Nishan Velupillay,327,AUS,12.0,6.0,50.0,0.0,0.0,1.0,0.0,0.0,0.0,0.0,FW
Noah Okafor,327,SUI,9.0,7.0,78.0,0.0,0.0,1.0,2.0,0.0,0.0,0.0,FW
Viktor Johansson,543,SWE,0.0,0.0,0.0,0.0,0.0,0.0,0.0,0.0,0.0,0.0,GK
Michael Gregoritsch,510,AUT,29.0,20.0,69.0,0.0,0.0,0.0,2.0,0.0,0.0,0.0,FW
Lawrence Ati Zigi,510,GHA,52.0,39.0,75.0,0.0,0.0,0.0,2.0,0.0,0.0,0.0,GK
Luka Sucic,470,CRO,3.0,1.0,33.0,0.0,0.0,0.0,1.0,0.0,0.0,0.0,MF
Kobbie Mainoo,470,ENG,0.0,0.0,0.0,0.0,0.0,0.0,0.0,0.0,0.0,0.0,MF
Jens Petter Hauge,470,NOR,3.0,2.0,67.0,0.0,0.0,0.0,0.0,0.0,0.0,0.0,MF
Ngolo Kante,470,FRA,0.0,0.0,0.0,0.0,0.0,0.0,0.0,0.0,0.0,0.0,MF
Patrick Pentz,470,AUT,0.0,0.0,0.0,0.0,0.0,0.0,0.0,0.0,0.0,0.0,GK
Alessandro Schoepf,470,AUT,0.0,0.0,0.0,0.0,0.0,0.0,0.0,0.0,0.0,0.0,MF
Rui Silva,470,POR,0.0,0.0,0.0,0.0,0.0,0.0,0.0,0.0,0.0,0.0,GK
Martin Erlic,470,CRO,0.0,0.0,0.0,0.0,0.0,0.0,0.0,0.0,0.0,0.0,DF
Marcus Thuram,470,FRA,0.0,0.0,0.0,0.0,0.0,0.0,0.0,0.0,0.0,0.0,FW
Kristijan Jakic,470,CRO,0.0,0.0,0.0,0.0,0.0,0.0,0.0,0.0,0.0,0.0,DF
Dejan Ljubicic,470,AUT,0.0,0.0,0.0,0.0,0.0,0.0,0.0,0.0,0.0,0.0,MF
Florian Wiegele,470,AUT,0.0,0.0,0.0,0.0,0.0,0.0,0.0,0.0,0.0,0.0,GK
Lucas Hernandez,470,FRA,0.0,0.0,0.0,0.0,0.0,0.0,0.0,0.0,0.0,0.0,DF
Henrik Falchener,470,NOR,23.0,18.0,78.0,0.0,0.0,0.0,0.0,0.0,0.0,0.0,DF
Jurien Gaari,577,CUW,54.0,41.0,76.0,0.0,0.0,0.0,1.0,0.0,0.0,0.0,DF
Jalal Hassan,593,IRQ,51.0,33.0,65.0,0.0,0.0,0.0,0.0,0.0,0.0,0.0,GK
Ayumu Seko,598,JPN,50.0,42.0,84.0,0.0,0.0,0.0,2.0,0.0,0.0,0.0,DF
Jorge Gutierrez,560,PAN,23.0,19.0,83.0,0.0,0.0,0.0,1.0,0.0,0.0,0.0,DF
Sontje Hansen,560,CUW,6.0,5.0,83.0,0.0,0.0,0.0,0.0,0.0,0.0,0.0,FW
Gedeon Kalulu,560,COD,6.0,5.0,83.0,0.0,0.0,0.0,1.0,0.0,0.0,0.0,DF
Isidro Pitta,454,PAR,4.0,3.0,75.0,1.0,0.0,0.0,1.0,0.0,0.0,0.0,FW
Alexandro Maidana,454,PAR,19.0,13.0,68.0,1.0,0.0,0.0,0.0,0.0,0.0,0.0,DF
Saleh Hardani,454,IRN,29.0,21.0,72.0,1.0,0.0,0.0,0.0,0.0,0.0,0.0,DF
Jhon Cordoba,346,COL,12.0,9.0,75.0,0.0,0.0,0.0,0.0,0.0,0.0,0.0,FW
Logan Costa,346,CPV,0.0,0.0,0.0,0.0,0.0,0.0,0.0,0.0,0.0,0.0,DF
Bradley Cross,346,RSA,0.0,0.0,0.0,0.0,0.0,0.0,0.0,0.0,0.0,0.0,DF
Dennis Dargahi,346,IRN,0.0,0.0,0.0,0.0,0.0,0.0,0.0,0.0,0.0,0.0,FW
Giorgian De Arrascaeta,346,URU,0.0,0.0,0.0,0.0,0.0,0.0,0.0,0.0,0.0,0.0,MF
Koni De Winter,346,BEL,0.0,0.0,0.0,0.0,0.0,0.0,0.0,0.0,0.0,0.0,DF
Zeno Debast,346,BEL,0.0,0.0,0.0,0.0,0.0,0.0,0.0,0.0,0.0,0.0,DF
Milos Degenek,346,AUS,0.0,0.0,0.0,0.0,0.0,0.0,0.0,0.0,0.0,0.0,DF
Cameron Devlin,346,AUS,0.0,0.0,0.0,0.0,0.0,0.0,0.0,0.0,0.0,0.0,MF
Yehvann Diouf,346,SEN,0.0,0.0,0.0,0.0,0.0,0.0,0.0,0.0,0.0,0.0,GK
Willer Ditta,346,COL,0.0,0.0,0.0,0.0,0.0,0.0,0.0,0.0,0.0,0.0,DF
Liam Kelly,543,SCO,0.0,0.0,0.0,0.0,0.0,0.0,0.0,0.0,0.0,0.0,GK
Herman Johansson,543,SWE,0.0,0.0,0.0,0.0,0.0,0.0,0.0,0.0,0.0,0.0,DF
Mert Gunok,543,TUR,0.0,0.0,0.0,0.0,0.0,0.0,0.0,0.0,0.0,0.0,GK
Dominic Hyam,543,SCO,0.0,0.0,0.0,0.0,0.0,0.0,0.0,0.0,0.0,0.0,DF
Joan Garcia,543,ESP,0.0,0.0,0.0,0.0,0.0,0.0,0.0,0.0,0.0,0.0,GK
Michael Woud,543,NZL,0.0,0.0,0.0,0.0,0.0,0.0,0.0,0.0,0.0,0.0,GK
Callan Elliot,543,NZL,6.0,4.0,67.0,0.0,0.0,0.0,0.0,0.0,0.0,0.0,DF
Mathew Ryan,543,AUS,0.0,0.0,0.0,0.0,0.0,0.0,0.0,0.0,0.0,0.0,GK
Nando Pijnaker,543,NZL,0.0,0.0,0.0,0.0,0.0,0.0,0.0,0.0,0.0,0.0,DF
David Raya,543,ESP,0.0,0.0,0.0,0.0,0.0,0.0,0.0,0.0,0.0,0.0,GK
Gustaf Nilsson,543,SWE,2.0,1.0,50.0,0.0,0.0,0.0,0.0,0.0,0.0,0.0,FW
John Souttar,543,SCO,0.0,0.0,0.0,0.0,0.0,0.0,0.0,0.0,0.0,0.0,DF
Logan Rogerson,543,NZL,0.0,0.0,0.0,0.0,0.0,0.0,0.0,0.0,0.0,0.0,FW
Tyler Fletcher,543,SCO,0.0,0.0,0.0,0.0,0.0,0.0,0.0,0.0,0.0,0.0,MF
Avazbek Ulmasaliyev,543,UZB,0.0,0.0,0.0,0.0,0.0,0.0,0.0,0.0,0.0,0.0,DF
Marvin Keller,543,SUI,0.0,0.0,0.0,0.0,0.0,0.0,0.0,0.0,0.0,0.0,GK
Victor Munoz,543,ESP,0.0,0.0,0.0,0.0,0.0,0.0,0.0,0.0,0.0,0.0,FW
Lawrence Shankland,510,SCO,34.0,20.0,59.0,0.0,0.0,0.0,2.0,0.0,0.0,0.0,FW
Wout Weghorst,470,NED,7.0,4.0,57.0,0.0,0.0,0.0,1.0,0.0,0.0,0.0,FW
Robin Roefs,470,NED,0.0,0.0,0.0,0.0,0.0,0.0,0.0,0.0,0.0,0.0,GK
Nikola Moro,470,CRO,0.0,0.0,0.0,0.0,0.0,0.0,0.0,0.0,0.0,0.0,MF
Mark Flekken,470,NED,0.0,0.0,0.0,0.0,0.0,0.0,0.0,0.0,0.0,0.0,GK
Mike Penders,470,BEL,0.0,0.0,0.0,0.0,0.0,0.0,0.0,0.0,0.0,0.0,GK
Sander Tangvik,470,NOR,0.0,0.0,0.0,0.0,0.0,0.0,0.0,0.0,0.0,0.0,GK
Assan Ouedraogo,470,GER,0.0,0.0,0.0,0.0,0.0,0.0,0.0,0.0,0.0,0.0,MF
Robin Risser,470,FRA,0.0,0.0,0.0,0.0,0.0,0.0,0.0,0.0,0.0,0.0,GK
Ivor Pandur,470,CRO,0.0,0.0,0.0,0.0,0.0,0.0,0.0,0.0,0.0,0.0,GK
Goncalo Guedes,470,POR,0.0,0.0,0.0,0.0,0.0,0.0,0.0,0.0,0.0,0.0,FW
Michael Svoboda,470,AUT,0.0,0.0,0.0,0.0,0.0,0.0,0.0,0.0,0.0,0.0,DF
Brice Samba,470,FRA,0.0,0.0,0.0,0.0,0.0,0.0,0.0,0.0,0.0,0.0,GK
Egil Selvik,470,NOR,30.0,19.0,63.0,0.0,0.0,0.0,0.0,0.0,0.0,0.0,GK
Jorgen Strand Larsen,470,NOR,24.0,18.0,75.0,0.0,0.0,0.0,1.0,0.0,0.0,0.0,FW
Lutsharel Geertruida,470,NED,0.0,0.0,0.0,0.0,0.0,0.0,0.0,0.0,0.0,0.0,DF
Dominik Kotarski,470,CRO,0.0,0.0,0.0,0.0,0.0,0.0,0.0,0.0,0.0,0.0,GK
Craig Gordon,470,SCO,0.0,0.0,0.0,0.0,0.0,0.0,0.0,0.0,0.0,0.0,GK
Francisco Trincao,470,POR,16.0,13.0,81.0,0.0,0.0,0.0,1.0,0.0,0.0,0.0,FW
Salah Zakaria,625,QAT,0.0,0.0,0.0,0.0,0.0,0.0,0.0,0.0,0.0,0.0,GK
Jehad Thikri,625,KSA,0.0,0.0,0.0,0.0,0.0,0.0,0.0,0.0,0.0,0.0,DF
Fiston Mayele,625,COD,11.0,7.0,64.0,0.0,0.0,0.0,0.0,0.0,0.0,0.0,FW
Fahad Talib,625,IRQ,0.0,0.0,0.0,0.0,0.0,0.0,0.0,0.0,0.0,0.0,GK
Mohammed Muntari,625,QAT,0.0,0.0,0.0,0.0,0.0,0.0,0.0,0.0,0.0,0.0,FW
Trevor Doornbusch,346,CUW,0.0,0.0,0.0,0.0,0.0,0.0,0.0,0.0,0.0,0.0,GK
Stopira,346,CPV,0.0,0.0,0.0,0.0,0.0,0.0,0.0,0.0,0.0,0.0,DF
Josue Duverger,346,HAI,0.0,0.0,0.0,0.0,0.0,0.0,0.0,0.0,0.0,0.0,GK
Hjalmar Ekdal,346,SWE,0.0,0.0,0.0,0.0,0.0,0.0,0.0,0.0,0.0,0.0,DF
Munir El Kajoui,346,MAR,0.0,0.0,0.0,0.0,0.0,0.0,0.0,0.0,0.0,0.0,GK
Tarek Alaa,346,EGY,0.0,0.0,0.0,0.0,0.0,0.0,0.0,0.0,0.0,0.0,DF
Rayan Elloumi,346,TUN,0.0,0.0,0.0,0.0,0.0,0.0,0.0,0.0,0.0,0.0,FW
Mohamed Elshenawy,346,EGY,0.0,0.0,0.0,0.0,0.0,0.0,0.0,0.0,0.0,0.0,GK
Matthieu Epolo,346,COD,0.0,0.0,0.0,0.0,0.0,0.0,0.0,0.0,0.0,0.0,GK
Botirali Ergashev,346,UZB,0.0,0.0,0.0,0.0,0.0,0.0,0.0,0.0,0.0,0.0,GK
Umar Eshmurodov,346,UZB,0.0,0.0,0.0,0.0,0.0,0.0,0.0,0.0,0.0,0.0,DF
Edgardo Farina,346,PAN,0.0,0.0,0.0,0.0,0.0,0.0,0.0,0.0,0.0,0.0,DF
Timothy Fayulu,346,COD,0.0,0.0,0.0,0.0,0.0,0.0,0.0,0.0,0.0,0.0,GK
Kevin Felida,346,CUW,0.0,0.0,0.0,0.0,0.0,0.0,0.0,0.0,0.0,0.0,MF
Gatito Fernandez,346,PAR,0.0,0.0,0.0,0.0,0.0,0.0,0.0,0.0,0.0,0.0,GK
Lukas Hornicek,543,CZE,0.0,0.0,0.0,0.0,0.0,0.0,0.0,0.0,0.0,0.0,GK
Jindrich Stanek,543,CZE,0.0,0.0,0.0,0.0,0.0,0.0,0.0,0.0,0.0,0.0,GK
Paul Izzo,543,AUS,0.0,0.0,0.0,0.0,0.0,0.0,0.0,0.0,0.0,0.0,GK
David Jurasek,543,CZE,0.0,0.0,0.0,0.0,0.0,0.0,0.0,0.0,0.0,0.0,DF
Hugo Sochurek,543,CZE,0.0,0.0,0.0,0.0,0.0,0.0,0.0,0.0,0.0,0.0,MF
Caglar Soyuncu,543,TUR,4.0,3.0,75.0,0.0,0.0,0.0,0.0,0.0,0.0,0.0,DF
Eric Smith,543,SWE,0.0,0.0,0.0,0.0,0.0,0.0,0.0,0.0,0.0,0.0,DF
Alex Rufer,543,NZL,0.0,0.0,0.0,0.0,0.0,0.0,0.0,0.0,0.0,0.0,MF
Dennis Hadzikadunic,543,BIH,10.0,8.0,80.0,0.0,0.0,0.0,0.0,0.0,0.0,0.0,DF
George Hirst,543,SCO,0.0,0.0,0.0,0.0,0.0,0.0,0.0,0.0,0.0,0.0,FW
Ben Waine,543,NZL,0.0,0.0,0.0,0.0,0.0,0.0,0.0,0.0,0.0,0.0,FW
Deniz Gul,543,TUR,0.0,0.0,0.0,0.0,0.0,0.0,0.0,0.0,0.0,0.0,FW
Alex Paulsen,543,NZL,0.0,0.0,0.0,0.0,0.0,0.0,0.0,0.0,0.0,0.0,GK
Jan Kuchta,543,CZE,0.0,0.0,0.0,0.0,0.0,0.0,0.0,0.0,0.0,0.0,FW
Senne Lammens,470,BEL,13.0,6.0,46.0,0.0,0.0,0.0,1.0,0.0,0.0,0.0,GK
Danial Iri,470,IRN,0.0,0.0,0.0,0.0,0.0,0.0,0.0,0.0,0.0,0.0,DF
Yang Hyunjun,470,KOR,13.0,9.0,69.0,0.0,0.0,0.0,0.0,0.0,0.0,0.0,MF
Ibrahim Sadeh,470,JOR,0.0,0.0,0.0,0.0,0.0,0.0,0.0,0.0,0.0,0.0,MF
Song Bumkeun,470,KOR,0.0,0.0,0.0,0.0,0.0,0.0,0.0,0.0,0.0,0.0,GK
Ali Majrashi,470,KSA,0.0,0.0,0.0,0.0,0.0,0.0,0.0,0.0,0.0,0.0,DF
Gael Kakuta,470,COD,0.0,0.0,0.0,0.0,0.0,0.0,0.0,0.0,0.0,0.0,FW
Mohamed Amine Tougai,470,ALG,0.0,0.0,0.0,0.0,0.0,0.0,0.0,0.0,0.0,0.0,DF
Lucas Mendes,470,QAT,0.0,0.0,0.0,0.0,0.0,0.0,0.0,0.0,0.0,0.0,DF
Evann Guessand,660,CIV,5.0,4.0,80.0,0.0,0.0,0.0,0.0,0.0,0.0,0.0,FW
Sultan Mandash,625,KSA,9.0,7.0,78.0,0.0,0.0,0.0,0.0,0.0,0.0,0.0,FW
Keisuke Osako,625,JPN,0.0,0.0,0.0,0.0,0.0,0.0,0.0,0.0,0.0,0.0,GK
Lee Donggyeong,625,KOR,0.0,0.0,0.0,0.0,0.0,0.0,0.0,0.0,0.0,0.0,MF
Mohammad Abughoush,625,JOR,0.0,0.0,0.0,0.0,0.0,0.0,0.0,0.0,0.0,0.0,MF
Kim Taehyeon,625,KOR,0.0,0.0,0.0,0.0,0.0,0.0,0.0,0.0,0.0,0.0,DF
Tomoki Hayakawa,625,JPN,0.0,0.0,0.0,0.0,0.0,0.0,0.0,0.0,0.0,0.0,GK
Lyle Foster,346,RSA,5.0,1.0,20.0,0.0,0.0,0.0,1.0,0.0,0.0,0.0,FW
Fares Ghedjemis,346,ALG,0.0,0.0,0.0,0.0,0.0,0.0,0.0,0.0,0.0,0.0,FW
Santiago Gimenez,346,MEX,13.0,7.0,54.0,0.0,0.0,0.0,0.0,0.0,0.0,0.0,FW
Jose Maria Gimenez,346,URU,0.0,0.0,0.0,0.0,0.0,0.0,0.0,0.0,0.0,0.0,DF
Andres Gomez,346,COL,0.0,0.0,0.0,0.0,0.0,0.0,0.0,0.0,0.0,0.0,FW
Owen Goodman,346,CAN,0.0,0.0,0.0,0.0,0.0,0.0,0.0,0.0,0.0,0.0,GK
Kenji Gorre,346,CUW,2.0,0.0,0.0,0.0,0.0,0.0,0.0,0.0,0.0,0.0,FW
Ricardo Goss,346,RSA,0.0,0.0,0.0,0.0,0.0,0.0,0.0,0.0,0.0,0.0,GK
Alex Grimaldo,346,ESP,0.0,0.0,0.0,0.0,0.0,0.0,0.0,0.0,0.0,0.0,DF
Parfait Guiagon,346,CIV,0.0,0.0,0.0,0.0,0.0,0.0,0.0,0.0,0.0,0.0,MF
Borja Iglesias,543,ESP,0.0,0.0,0.0,0.0,0.0,0.0,0.0,0.0,0.0,0.0,FW
Nihad Mujakic,543,BIH,0.0,0.0,0.0,0.0,0.0,0.0,0.0,0.0,0.0,0.0,DF
Yvon Mvogo,543,SUI,0.0,0.0,0.0,0.0,0.0,0.0,0.0,0.0,0.0,0.0,GK
Ross Stewart,543,SCO,0.0,0.0,0.0,0.0,0.0,0.0,0.0,0.0,0.0,0.0,FW
Frantzdy Pierrot,543,HAI,17.0,13.0,76.0,0.0,0.0,0.0,0.0,0.0,0.0,0.0,FW
Alexandre Pierre,543,HAI,0.0,0.0,0.0,0.0,0.0,0.0,0.0,0.0,0.0,0.0,GK
Antoine Mendy,543,SEN,0.0,0.0,0.0,0.0,0.0,0.0,0.0,0.0,0.0,0.0,DF
Themba Zwane,543,RSA,7.0,5.0,71.0,0.0,0.0,0.0,0.0,0.0,0.0,0.0,MF
Federico Vinas,648,URU,29.0,18.0,62.0,0.0,0.0,0.0,1.0,0.0,0.0,0.0,FW
Cecilio Waterman,648,PAN,10.0,7.0,70.0,0.0,0.0,0.0,1.0,0.0,0.0,0.0,FW
Tahsin Mohammed,470,QAT,0.0,0.0,0.0,0.0,0.0,0.0,0.0,0.0,0.0,0.0,FW
Melvin Mastil,470,ALG,0.0,0.0,0.0,0.0,0.0,0.0,0.0,0.0,0.0,0.0,GK
Payam Niazmand,470,IRN,0.0,0.0,0.0,0.0,0.0,0.0,0.0,0.0,0.0,0.0,GK
Rajaei Ayed,470,JOR,0.0,0.0,0.0,0.0,0.0,0.0,0.0,0.0,0.0,0.0,MF
Alhashmi Alhussein,470,QAT,0.0,0.0,0.0,0.0,0.0,0.0,0.0,0.0,0.0,0.0,DF
Gervane Kastaneer,726,CUW,9.0,7.0,78.0,0.0,0.0,0.0,0.0,0.0,0.0,0.0,FW
Hassan Kadish,625,KSA,0.0,0.0,0.0,0.0,0.0,0.0,0.0,0.0,0.0,0.0,DF
Yassine Titraoui,625,ALG,0.0,0.0,0.0,0.0,0.0,0.0,0.0,0.0,0.0,0.0,MF
Saleem Obaid,625,JOR,18.0,12.0,67.0,0.0,0.0,0.0,0.0,0.0,0.0,0.0,DF
Amirmohammad Razaghinia,625,IRN,0.0,0.0,0.0,0.0,0.0,0.0,0.0,0.0,0.0,0.0,MF
Hossein Hosseini,346,IRN,0.0,0.0,0.0,0.0,0.0,0.0,0.0,0.0,0.0,0.0,GK
Mahdy Soliman,346,EGY,0.0,0.0,0.0,0.0,0.0,0.0,0.0,0.0,0.0,0.0,GK
Woodensky Pierre,543,HAI,0.0,0.0,0.0,0.0,0.0,0.0,0.0,0.0,0.0,0.0,MF
Moutaz Neffati,543,TUN,0.0,0.0,0.0,0.0,0.0,0.0,0.0,0.0,0.0,0.0,DF
Carl Sainte,543,HAI,0.0,0.0,0.0,0.0,0.0,0.0,0.0,0.0,0.0,0.0,MF
Garven Metusala,543,HAI,0.0,0.0,0.0,0.0,0.0,0.0,0.0,0.0,0.0,0.0,DF
Thabang Matuludi,543,RSA,0.0,0.0,0.0,0.0,0.0,0.0,0.0,0.0,0.0,0.0,DF
Evan Ndicka,543,CIV,0.0,0.0,0.0,0.0,0.0,0.0,0.0,0.0,0.0,0.0,DF
Mamadou Sarr,543,SEN,0.0,0.0,0.0,0.0,0.0,0.0,0.0,0.0,0.0,0.0,DF
Cherif Ndiaye,543,SEN,0.0,0.0,0.0,0.0,0.0,0.0,0.0,0.0,0.0,0.0,FW
Ahmed Reda Tagnaouti,543,MAR,0.0,0.0,0.0,0.0,0.0,0.0,0.0,0.0,0.0,0.0,GK
Khulumani Ndamane,543,RSA,0.0,0.0,0.0,0.0,0.0,0.0,0.0,0.0,0.0,0.0,DF
Abdul Mumin,543,GHA,0.0,0.0,0.0,0.0,0.0,0.0,0.0,0.0,0.0,0.0,DF
Jo Hyeonwoo,470,KOR,0.0,0.0,0.0,0.0,0.0,0.0,0.0,0.0,0.0,0.0,GK
Samukele Kabini,625,RSA,0.0,0.0,0.0,0.0,0.0,0.0,0.0,0.0,0.0,0.0,DF
Alfie Jones,346,CAN,0.0,0.0,0.0,0.0,0.0,0.0,0.0,0.0,0.0,0.0,DF
Mladen Jurkas,346,BIH,0.0,0.0,0.0,0.0,0.0,0.0,0.0,0.0,0.0,0.0,GK
Mohamed Kone,346,CIV,0.0,0.0,0.0,0.0,0.0,0.0,0.0,0.0,0.0,0.0,GK
Markhus Lacroix,543,HAI,0.0,0.0,0.0,0.0,0.0,0.0,0.0,0.0,0.0,0.0,DF
Olwethu Makhanya,543,RSA,0.0,0.0,0.0,0.0,0.0,0.0,0.0,0.0,0.0,0.0,DF
Dayne St Clair,543,CAN,0.0,0.0,0.0,0.0,0.0,0.0,0.0,0.0,0.0,0.0,GK
Wilguens Paugain,543,HAI,0.0,0.0,0.0,0.0,0.0,0.0,0.0,0.0,0.0,0.0,DF
Alban Lafont,543,CIV,0.0,0.0,0.0,0.0,0.0,0.0,0.0,0.0,0.0,0.0,GK
Kelvin Pires,543,CPV,0.0,0.0,0.0,0.0,0.0,0.0,0.0,0.0,0.0,0.0,DF
Jonathan Osorio,543,CAN,9.0,6.0,67.0,0.0,0.0,0.0,0.0,0.0,0.0,0.0,MF
Joel Waterman,543,CAN,0.0,0.0,0.0,0.0,0.0,0.0,0.0,0.0,0.0,0.0,DF
Arjany Martha,470,CUW,0.0,0.0,0.0,0.0,0.0,0.0,0.0,0.0,0.0,0.0,MF
Godfried Roemeratoe,470,CUW,3.0,1.0,33.0,0.0,0.0,0.0,0.0,0.0,0.0,0.0,MF
Martin Zlomislic,470,BIH,0.0,0.0,0.0,0.0,0.0,0.0,0.0,0.0,0.0,0.0,GK
Jovo Lukic,346,BIH,13.0,7.0,54.0,0.0,0.0,0.0,1.0,0.0,0.0,0.0,FW
Antonio Sanabria,890,PAR,10.0,7.0,70.0,0.0,0.0,0.0,0.0,0.0,0.0,0.0,FW
Keeto Thermoncy,625,HAI,0.0,0.0,0.0,0.0,0.0,0.0,0.0,0.0,0.0,0.0,DF
Emiliano Martinez,346,URU,0.0,0.0,0.0,0.0,0.0,0.0,0.0,0.0,0.0,0.0,MF
Luis Mejia,346,PAN,0.0,0.0,0.0,0.0,0.0,0.0,0.0,0.0,0.0,0.0,GK
Santiago Mele,346,URU,0.0,0.0,0.0,0.0,0.0,0.0,0.0,0.0,0.0,0.0,GK
Roderick Miller,346,PAN,0.0,0.0,0.0,0.0,0.0,0.0,0.0,0.0,0.0,0.0,DF
Alvaro Montero,346,COL,0.0,0.0,0.0,0.0,0.0,0.0,0.0,0.0,0.0,0.0,GK
Juan Musso,346,ARG,0.0,0.0,0.0,0.0,0.0,0.0,0.0,0.0,0.0,0.0,GK
Moises Ramirez,822,ECU,0.0,0.0,0.0,0.0,0.0,0.0,0.0,0.0,0.0,0.0,GK
David Ospina,822,COL,0.0,0.0,0.0,0.0,0.0,0.0,0.0,0.0,0.0,0.0,GK
Ederson,822,BRA,0.0,0.0,0.0,0.0,0.0,0.0,0.0,0.0,0.0,0.0,GK
Anthony Valencia,822,ECU,0.0,0.0,0.0,0.0,0.0,0.0,0.0,0.0,0.0,0.0,MF
Cristian Roldan,822,USA,0.0,0.0,0.0,0.0,0.0,0.0,0.0,0.0,0.0,0.0,MF
Leo Pereira,822,BRA,0.0,0.0,0.0,0.0,0.0,0.0,0.0,0.0,0.0,0.0,DF
Joaquin Piquerez,822,URU,0.0,0.0,0.0,0.0,0.0,0.0,0.0,0.0,0.0,0.0,MF
Cesar Samudio,822,PAN,0.0,0.0,0.0,0.0,0.0,0.0,0.0,0.0,0.0,0.0,GK
Gaston Olveira,346,PAR,0.0,0.0,0.0,0.0,0.0,0.0,0.0,0.0,0.0,0.0,GK
Facundo Pellistri,346,URU,0.0,0.0,0.0,0.0,0.0,0.0,0.0,0.0,0.0,0.0,FW
Weverton,346,BRA,0.0,0.0,0.0,0.0,0.0,0.0,0.0,0.0,0.0,0.0,GK
Gonzalo Valle,822,ECU,0.0,0.0,0.0,0.0,0.0,0.0,0.0,0.0,0.0,0.0,GK
Juan Portilla,822,COL,0.0,0.0,0.0,0.0,0.0,0.0,0.0,0.0,0.0,0.0,MF
Geronimo Rulli,822,ARG,0.0,0.0,0.0,0.0,0.0,0.0,0.0,0.0,0.0,0.0,GK
Felix Torres,822,ECU,0.0,0.0,0.0,0.0,0.0,0.0,0.0,0.0,0.0,0.0,DF
Rodrigo Zalazar,822,URU,0.0,0.0,0.0,0.0,0.0,0.0,0.0,0.0,0.0,0.0,MF
Cesar Yanis,822,PAN,0.0,0.0,0.0,0.0,0.0,0.0,0.0,0.0,0.0,0.0,MF
Bremer,822,BRA,0.0,0.0,0.0,0.0,0.0,0.0,0.0,0.0,0.0,0.0,DF
Kevin Stoeger,1251,,,,,,,,,,,,
Kevin Viveros,1252,,,,,,,,,,,,
Khaled Binsabaa,1254,,,,,,,,,,,,
Khaled Mohammed,1255,,,,,,,,,,,,
Khaled Sobhy,1256,,,,,,,,,,,,
Khaled Zakaria,1257,,,,,,,,,,,,
Khephren Thuram,1260,,,,,,,,,,,,
Khusain Norchaev,1264,,,,,,,,,,,,
Kiernan Dewsbury Hall,1266,,,,,,,,,,,,
Kieron Bowie,1267,,,,,,,,,,,,
Kilian Belazzoug,1268,,,,,,,,,,,,
Killian Sardella,1269,,,,,,,,,,,,
Kim Bongsoo,1270,,,,,,,,,,,,
Kim Jisoo,1272,,,,,,,,,,,,
Kim Jusung,1273,,,,,,,,,,,,
Kim Taehyun,1278,,,,,,,,,,,,
Kingsley Coman,1279,,,,,,,,,,,,
Kjell Scherpen,1280,,,,,,,,,,,,
Kodai Sano,1282,,,,,,,,,,,,
Koji Miyoshi,1283,,,,,,,,,,,,
Koki Machida,1285,,,,,,,,,,,,
Kosei Tani,1289,,,,,,,,,,,,
Kosi Thompson,1290,,,,,,,,,,,,
Kota Takai,1292,,,,,,,,,,,,
Kristian Arnstad,1295,,,,,,,,,,,,
Kristopher Da Graca,1300,,,,,,,,,,,,
Krystof Danek,1301,,,,,,,,,,,,
Kumel Saadi,1302,,,,,,,,,,,,
Kuryu Matsuki,1303,,,,,,,,,,,,
Kuvondik Ruziev,1304,,,,,,,,,,,,
Kwadwo Baah,1305,,,,,,,,,,,,
Kwadwo Duah,1306,,,,,,,,,,,,
Kwasi Poku,1307,,,,,,,,,,,,
Kwon Hyeokkyu,1309,,,,,,,,,,,,
Kwon Kyungwon,1310,,,,,,,,,,,,
Kye Rowles,1311,,,,,,,,,,,,
Kyle Adams,1312,,,,,,,,,,,,
Lautaro Di Lollo,1319,,,,,,,,,,,,
Leandro Merencia,1324,,,,,,,,,,,,
Lebohang Maboe,1327,RSA,,,,,,,,,,,
Lee Changgeun,1328,,,,,,,,,,,,
Lee Dongjun,1330,,,,,,,,,,,,
Lee Hojae,1333,,,,,,,,,,,,
Lee Hyunju,1334,,,,,,,,,,,,
Lee Myungjae,1337,,,,,,,,,,,,
Lee Seungwoo,1338,,,,,,,,,,,,
Lee Youhyeon,1340,,,,,,,,,,,,
Lennart Karl,1341,,,,,,,,,,,,
Lennon Miller,1342,,,,,,,,,,,,
Leo Ortiz,1344,,,,,,,,,,,,
Leo Roman,1347,,,,,,,,,,,,
Leobrian Kokubo,1348,,,,,,,,,,,,
Leonardo Balerdi,1350,,,,,,,,,,,,df
Leonardo Campana,1351,,,,,,,,,,,,
Leonardo Realpe,1352,,,,,,,,,,,,
Leonidas Stergiou,1353,,,,,,,,,,,,
Leopold Querfeld,1354,,,,,,,,,,,,
Leopold Wahlstedt,1355,,,,,,,,,,,,
Leverton Pierre,1357,,,,,,,,,,,,mf
Levi Colwill,1358,,,,,,,,,,,,
Lewis Hall,1360,,,,,,,,,,,,
Lewis Morgan,1361,,,,,,,,,,,,
Liam Gillion,1362,,,,,,,,,,,,
Liam Mcfarlane,1364,,,,,,,,,,,,
Liam Morrison,1366,,,,,,,,,,,,
Linus Wahlqvist,1368,,,,,,,,,,,,
Loic Bade,1375,,,,,,,,,,,,
Lois Openda,1376,,,,,,,,,,,,
Lorenzo Melgarejo,1377,,,,,,,,,,,,
Louey Ben Farhat,1378,,,,,,,,,,,,
Lovro Majer,1380,,,,,,,,,,,,
Luca Petrasso,1383,,,,,,,,,,,,
Lucas Chevalier,1386,,,,,,,,,,,,
Lucas Martinez Quarta,1390,,,,,,,,,,,,
Lucas Romero,1393,,,,,,,,,,,,
Lucas Stassin,1394,,,,,,,,,,,,
Luciano Juba,1395,,,,,,,,,,,,
Luciano Rodriguez,1396,,,,,,,,,,,,
Luciano Valente,1397,,,,,,,,,,,,
Luck Zogbe,1398,,,,,,,,,,,,
Ludwig Augustinsson,1399,,,,,,,,,,,,
Luis Fragozo,1402,,,,,,,,,,,,
Luis Maximiano,1403,,,,,,,,,,,,
Luis Rey,1405,MEX,,,,,,,,,,,
Luka Gavran,1409,,,,,,,,,,,,
Luka Kulenovic,1410,,,,,,,,,,,,
Luka Menalo,1411,,,,,,,,,,,,
Luka Stojkovic,1413,,,,,,,,,,,,
Lukas Ambros,1416,,,,,,,,,,,,
Lukas Kelly Heald,1419,,,,,,,,,,,,
Lukas Sadilek,1421,,,,,,,,,,,,
Luke Brooke Smith,1422,,,,,,,,,,,,
Luke Graham,1423,,,,,,,,,,,,
Luke Le Roux,1424,RSA,,,,,,,,,,,
Luke Shaw,1425,,,,,,,,,,,,
Maarten Vandevoordt,1429,,,,,,,,,,,,
Mahdi Mohebi,1431,,,,,,,,,,,,
Mahmoud Ghorbel,1435,,,,,,,,,,,,
Majeed Ashimeru,1437,,,,,,,,,,,,
Makhmudjon Makhamadjonov,1438,,,,,,,,,,,,
Malang Sarr,1439,,,,,,,,,,,,
Malcom Dacosta,1440,,,,,,,,,,,,
Malek Shalabiya,1441,,,,,,,,,,,,
Malick Fofana,1442,,,,,,,,,,,,
Malik Henry,1444,,,,,,,,,,,,
Mamadou Camara,1447,,,,,,,,,,,,
Mamadou Diakhon,1448,,,,,,,,,,,,
Mamadou Mbow,1449,,,,,,,,,,,,
Mandela Keita,1451,,,,,,,,,,,,
Manu Duah,1452,,,,,,,,,,,,
Mao Hosoya,1457,,,,,,,,,,,,
Marc Bernal,1459,,,,,,,,,,,,
Marc Bola,1460,,,,,,,,,,,,
Marcel Ruiz,1464,MEX,,,,,,,,,,,
Marcelo Flores,1466,,,,,,,,,,,,mf
Marcelo Saracchi,1467,,,,,,,,,,,,
Marco Gruell,1470,,,,,,,,,,,,
Marco Pellegrino,1472,,,,,,,,,,,,
Marcos Acuna,1473,,,,,,,,,,,,
Marcus Younis,1479,,,,,,,,,,,,
Mario Stroeykens,1482,,,,,,,,,,,,
Marouane Louadni,1489,,,,,,,,,,,,
Marouane Sahraoui,1490,,,,,,,,,,,,
Martial Godo,1493,,,,,,,,,,,,
Martin Boyle,1495,,,,,,,,,,,,
Martin Jedlicka,1498,,,,,,,,,,,,
Martin Krug,1499,,,,,,,,,,,,
Martin Vitik,1501,,,,,,,,,,,,
Marwan Alsahafi,1506,,,,,,,,,,,,
Marwan Badreldin,1507,,,,,,,,,,,,
Masindi Nemtajela,1508,RSA,,,,,,,,,,,
Masoud Mohebbi,1509,,,,,,,,,,,,
Matej Hadas,1510,,,,,,,,,,,,
Matej Rynes,1512,,,,,,,,,,,,
Matej Vydra,1513,,,,,,,,,,,,
Mateo Gamarra,1515,,,,,,,,,,,,
Mateus Fernandes,1517,,,,,,,,,,,,
Matheus Pereira,1520,,,,,,,,,,,,
Mathias Dyngeland,1523,,,,,,,,,,,,
Mathias Honsak,1524,,,,,,,,,,,,
Mathias Villasanti,1526,,,,,,,,,,,,
Matias Abaldo,1528,,,,,,,,,,,,
Matias Soule,1531,,,,,,,,,,,,
Matte Smets,1536,,,,,,,,,,,,
Matteo Guendouzi,1537,,,,,,,,,,,,
Matthew Dibley Dias,1538,,,,,,,,,,,,
Matthew Garbett,1539,,,,,,,,,,,,mf
Matthew Sheridan,1540,,,,,,,,,,,,
Matthias Ginter,1541,,,,,,,,,,,,
Matthias Seidl,1542,,,,,,,,,,,,
Matthieu Udol,1544,,,,,,,,,,,,
Matthijs De Ligt,1545,,,,,,,,,,,,
Matz Sels,1547,,,,,,,,,,,,
Mauro Arambarri,1549,,,,,,,,,,,,
Max Balard,1551,,,,,,,,,,,,
Max Johnston,1553,,,,,,,,,,,,
Max Mata,1554,,,,,,,,,,,,
Maximilian Mittelstaedt,1560,,,,,,,,,,,,
Maximilian Woeber,1561,,,,,,,,,,,,
Maximo Perrone,1562,,,,,,,,,,,,
Maytham Jabbar,1563,,,,,,,,,,,,
Mehdi Dorval,1565,,,,,,,,,,,,
Mehdi Hashemnejad,1567,,,,,,,,,,,,
Melker Ellborg,1570,,,,,,,,,,,,
Mersad Seifi,1575,,,,,,,,,,,,
Michael Heule,1582,,,,,,,,,,,,
Michal Beran,1586,,,,,,,,,,,,
Michy Batshuayi,1589,,,,,,,,,,,,
Miguel Joseph,1592,,,,,,,,,,,,
Miguel Merentiel,1593,,,,,,,,,,,,
Mihlali Mayambela,1594,RSA,,,,,,,,,,,
Mika Godts,1595,,,,,,,,,,,,
Mikael Cantave,1596,,,,,,,,,,,,
Mikael Ishak,1597,,,,,,,,,,,,
Milton Delgado,1605,,,,,,,,,,,,
Mio Backhaus,1606,,,,,,,,,,,,
Mislav Orsic,1608,,,,,,,,,,,,
Mitchell Duke,1609,,,,,,,,,,,,
Mohamed Abukhalil,1612,,,,,,,,,,,,
Mohamed Ali Ben Romdhane,1614,,,,,,,,,,,,
Mohamed Altaay,1615,,,,,,,,,,,,
Mohamed Azzi,1619,,,,,,,,,,,,
Mohamed Belloumi,1620,,,,,,,,,,,,
Mohamed Chibi,1621,,,,,,,,,,,,
Mohamed Diomande,1622,,,,,,,,,,,,
Mohamed Drager,1623,,,,,,,,,,,,
Mohamed Farsi,1625,,,,,,,,,,,,
Mohamed Khacef,1629,,,,,,,,,,,,
Mohamed Khaled,1630,,,,,,,,,,,,
Mohamed Rabia,1633,,,,,,,,,,,,
Mohamed Rabie Hrimat,1634,,,,,,,,,,,,
Mohamed Shehata,1636,,,,,,,,,,,,
Mohammad Alkloub,1643,,,,,,,,,,,,
Mohammad Khodabandelo,1645,,,,,,,,,,,,
Mohammadjavad Hosseinnezhad,1647,,,,,,,,,,,,
Mohammed Jawad,1650,,,,,,,,,,,,
Mohammed Khubrani,1651,,,,,,,,,,,,
Mohammed Qasim,1653,,,,,,,,,,,,
Mohammed Salih,1654,,,,,,,,,,,,
Mohammed Waad,1655,,,,,,,,,,,,
Mohanad Jeahze,1657,,,,,,,,,,,,
Mohannad Alsouliman,1660,,,,,,,,,,,,
Mohannad Semreen,1661,,,,,,,,,,,,
Mohau Nkota,1662,RSA,,,,,,,,,,,
Momen Alsaket,1667,,,,,,,,,,,,
Mondy Prunier,1668,,,,,,,,,,,,
Monsef Bakrar,1669,,,,,,,,,,,,
Montader Madjed,1670,,,,,,,,,,,,
Moon Seonmin,1672,,,,,,,,,,,,
Morgan Gibbs White,1673,,,,,,,,,,,,
Moritz Nicolas,1675,,,,,,,,,,,,
Morteza Pouraliganji,1678,,,,,,,,,,,,
Moses Dyer,1680,,,,,,,,,,,,
Mostafa Mohamed,1681,,,,,,,,,,,,
Moussa Diaby,1687,,,,,,,,,,,,
Moustafa Tarek,1689,,,,,,,,,,,,
Mrwan Hassan,1691,,,,,,,,,,,,
Mthetheleli Mthiyane,1692,RSA,,,,,,,,,,,
Mubarak Shanan,1693,,,,,,,,,,,,
Muhammadrasul Abdumajidov,1694,,,,,,,,,,,,
Muhammed Cham,1695,,,,,,,,,,,,
Mukhammadkodir Khamraliev,1696,,,,,,,,,,,,
Mukhtar Ali,1697,,,,,,,,,,,,
Murad Alhawsawi,1700,,,,,,,,,,,,
Musaab Khidir,1701,,,,,,,,,,,,
Mustafa Eskihellac,1703,,,,,,,,,,,,
Myles Lewis Skelly,1705,,,,,,,,,,,,
Na Sangho,1706,,,,,,,,,,,,
Nabil Irfan,1709,,,,,,,,,,,,
Nacim Dendani,1710,,,,,,,,,,,,
Nader Ghandri,1711,,,,,,,,,,,,
Nahitan Nandez,1714,,,,,,,,,,,,
Nail Omerovic,1716,,,,,,,,,,,,
Nampalys Mendy,1717,,,,,,,,,,,,
Naomichi Ueda,1719,,,,,,,,,,,,
Nasser Mansy,1721,,,,,,,,,,,,
Natan,1722,,,,,,,,,,,,
Nathan De Cat,1724,,,,,,,,,,,,
Nathan Harriel,1725,,,,,,,,,,,,
Nathangelo Markelo,1730,,,,,,,,,,,,
Nathaniel Adjei,1731,,,,,,,,,,,,
Nayef Aguerd,1735,,,,,,,,,,,,df
Ndamulelo Maphandule,1736,RSA,,,,,,,,,,,
Neiser Villarreal,1738,,,,,,,,,,,,
Nelson Deossa,1739,,,,,,,,,,,,
Niall Mason,1745,,,,,,,,,,,,
Nicholas Dagostino,1746,,,,,,,,,,,,
Nick Pope,1747,,,,,,,,,,,,
Nicky Souren,1749,,,,,,,,,,,,
Niclas Fuellkrug,1750,,,,,,,,,,,,
Nicolas Capaldo,1757,,,,,,,,,,,,
Nicolas Dominguez,1759,,,,,,,,,,,,
Nicolas Fonseca,1760,,,,,,,,,,,,
Nicolas Kristof,1762,,,,,,,,,,,,
Nicolas Marichal,1763,,,,,,,,,,,,
Nicolo Tresoldi,1769,,,,,,,,,,,,
Nikita Haikin,1771,,,,,,,,,,,,
Niko Kirwan,1772,,,,,,,,,,,,
Nikola Markovic,1775,,,,,,,,,,,,
Nikola Tzanev,1777,,,,,,,,,,,,
Nikolas Polster,1780,,,,,,,,,,,,
Nikolas Veratschnig,1781,,,,,,,,,,,,
Nikolaus Wurmbrand,1782,,,,,,,,,,,,
Nino Fancito,1784,,,,,,,,,,,,
Nkosikhona Radebe,1787,RSA,,,,,,,,,,,
Noah Abatneh,1790,,,,,,,,,,,,
Noah Atubolu,1791,,,,,,,,,,,,
Noah Eile,1792,,,,,,,,,,,,
Nobel Mendy,1795,,,,,,,,,,,,
Nodirbek Abdurazzokov,1796,,,,,,,,,,,,
Noel Tornqvist,1797,,,,,,,,,,,,
Noureddine Farhati,1801,,,,,,,,,,,,
Nuno Tavares,1805,,,,,,,,,,,,
Odin Bjortuft,1810,,,,,,,,,,,,
Oh Sehun,1813,,,,,,,,,,,,
Okan Kocuk,1814,,,,,,,,,,,,
Oli Mcburnie,1815,,,,,,,,,,,,
Oliver Burke,1817,,,,,,,,,,,,
Olivier Deman,1818,,,,,,,,,,,,
Omar Ben Ali,1822,,,,,,,,,,,,
Omar Browne,1823,,,,,,,,,,,,
Omar El Hilali,1824,,,,,,,,,,,,
Omar Valencia,1827,,,,,,,,,,,,
Ondrej Kricfalusi,1828,,,,,,,,,,,,
Ondrej Mihalik,1829,,,,,,,,,,,,
Osama Faisal,1835,,,,,,,,,,,,
Osamah Rashid,1836,,,,,,,,,,,,
Oscar Mingueza,1838,,,,,,,,,,,,
Oscar Naasei,1839,,,,,,,,,,,,
Oscar Romero,1840,,,,,,,,,,,,
Oscar Zambrano,1841,,,,,,,,,,,,
Osman Hadzikic,1842,,,,,,,,,,,,
Othmane Maamma,1846,,,,,,,,,,,,
Otto Rosengren,1847,,,,,,,,,,,,
Oussama Targhalline,1852,,,,,,,,,,,,
Ousseynou Niang,1853,,,,,,,,,,,,
Owen Parker Price,1855,,,,,,,,,,,,
Oybek Bozorov,1856,,,,,,,,,,,,
Pablo Barrios,1858,,,,,,,,,,,,
Pablo Fornals,1859,,,,,,,,,,,,
Pape Sy,1863,,,,,,,,,,,,
Park Seungwook,1866,,,,,,,,,,,,
Pascal Loretz,1868,,,,,,,,,,,,
Patrick Andrade,1870,,,,,,,,,,,,
Patrick Maswanganyi,1873,RSA,,,,,,,,,,,
Patrick Schulte,1875,,,,,,,,,,,,
Patrick Yazbek,1877,,,,,,,,,,,,
Patrik Carlgren,1878,,,,,,,,,,,,
Patrik Hellebrand,1879,,,,,,,,,,,,
Pau Torres,1882,,,,,,,,,,,,
Paul Reverson,1885,,,,,,,,,,,,
Paulinho,1887,,,,,,,,,,,,
Paulo Cardoso,1888,,,,,,,,,,,,
Paulo Henrique,1889,,,,,,,,,,,,
Pavel Bucha,1890,,,,,,,,,,,,
Paxten Aaronson,1892,,,,,,,,,,,,
Pedro,1895,,,,,,,,,,,,
Pedro Goncalves,1896,,,,,,,,,,,,
Peter Gwargis,1904,,,,,,,,,,,,
Phil Foden,1905,,,,,,,,,,,,
Philipp Koehn,1906,,,,,,,,,,,,
Philipp Treu,1908,,,,,,,,,,,,
Pierre Kalulu,1912,,,,,,,,,,,,
Pouria Latififar,1913,,,,,,,,,,,,
Pourya Shahrabadi,1914,,,,,,,,,,,,
Prince Amoako,1916,,,,,,,,,,,,
Quilindschy Hartman,1918,,,,,,,,,,,,
Rafael Mosquera,1922,,,,,,,,,,,,
Rafael Santos Borre,1923,,,,,,,,,,,,
Raheem Edwards,1925,,,,,,,,,,,,
Ralph Priso,1927,,,,,,,,,,,,
Ramon Juarez,1930,MEX,,,,,,,,,,,
Randal Kolo Muani,1934,,,,,,,,,,,,
Rangelo Janga,1935,,,,,,,,,,,,
Ransford Yeboah Koenigsdoerffer,1937,,,,,,,,,,,,
Raphael Borges Rodrigues,1938,,,,,,,,,,,,
Rassoul Ndiaye,1940,,,,,,,,,,,,
Raul Florucz,1941,,,,,,,,,,,,
Rayan Hamed,1948,,,,,,,,,,,,
Rayan Kolli,1949,,,,,,,,,,,,
Rayane Bounida,1950,,,,,,,,,,,,
Rayyan Ahmed,1951,,,,,,,,,,,,
Razak Simpson,1952,,,,,,,,,,,,
Redouane Berkane,1954,,,,,,,,,,,,
Renaldo Leaner,1959,RSA,,,,,,,,,,,
Reo Hatate,1961,,,,,,,,,,,,
Reza Ghandipour,1962,,,,,,,,,,,,
Reziq Banihani,1963,,,,,,,,,,,,
Ricardo Horta,1966,,,,,,,,,,,,
Ricardo Phillips,1968,,,,,,,,,,,,
Ricardo Velho,1970,,,,,,,,,,,,
Richard Ledezma,1971,MEX,,,,,,,,,,,
Richarlison,1973,,,,,,,,,,,,
Ridle Baku,1975,,,,,,,,,,,,
Ridvan Yilmaz,1976,,,,,,,,,,,,
Rihito Yamamoto,1978,,,,,,,,,,,,
Riley Mcgree,1979,,,,,,,,,,,,
Ritchy Valme,1980,,,,,,,,,,,,
Robbie Ure,1983,,,,,,,,,,,,
Robby Mccrorie,1984,,,,,,,,,,,,
Robert Andrich,1985,,,,,,,,,,,,
Robert Morales,1986,,,,,,,,,,,,
Robert Piris Da Motta,1987,,,,,,,,,,,,
Robert Sanchez,1988,,,,,,,,,,,,
Robin Gosens,1990,,,,,,,,,,,,
Robin Koch,1992,,,,,,,,,,,,
Robin Le Normand,1993,,,,,,,,,,,,
Rocky Bushiri,1996,,,,,,,,,,,,
Rodney Redes,1998,,,,,,,,,,,,
Rodrigo Mora,2003,,,,,,,,,,,,
Roger Fernandes,2005,,,,,,,,,,,,
Romain Perraud,2007,,,,,,,,,,,,
Roman Celentano,2008,,,,,,,,,,,,
Romeo Lavia,2011,,,,,,,,,,,,
Romeo Vermant,2012,,,,,,,,,,,,
Ronald Donkor,2014,,,,,,,,,,,,
Ronaldo Damus,2015,,,,,,,,,,,,
Ronaldo De Jesus,2016,,,,,,,,,,,,
Ronaldo Martinez,2017,,,,,,,,,,,,
Roony Bardghji,2019,,,,,,,,,,,,
Ross Mccrorie,2022,,,,,,,,,,,,
Ruairidh Adams,2024,,,,,,,,,,,,
Ruben Lezcano,2026,,,,,,,,,,,,
Ruben Loftus Cheek,2027,,,,,,,,,,,,
Rustam Turdimurodov,2033,,,,,,,,,,,,
Ryan Gauld,2035,,,,,,,,,,,,
Ryan One,2038,,,,,,,,,,,,
Ryan Porteous,2039,,,,,,,,,,,,
Ryoya Morishita,2041,,,,,,,,,,,,
Ryunosuke Sato,2042,,,,,,,,,,,,
Sacha Boey,2044,,,,,,,,,,,,
Said Benrahma,2048,,,,,,,,,,,,
Said El Mala,2049,,,,,,,,,,,,
Sajjad Jasim,2050,,,,,,,,,,,,
Salah Mohsen,2051,,,,,,,,,,,,
Saleh Abu Alshamat,2054,,,,,,,,,,,,
Salim Adams,2059,,,,,,,,,,,,
Salis Abdul Samed,2060,,,,,,,,,,,,
Sam Adekugbe,2061,,,,,,,,,,,,
Sam Sutton,2062,,,,,,,,,,,,
Saman Fallah,2063,,,,,,,,,,,,
Samson Baidoo,2069,,,,,,,,,,,,
Samuel Dahl,2071,,,,,,,,,,,,
Samuel Essende,2072,,,,,,,,,,,,
Samuel Lino,2073,,,,,,,,,,,,
Samuel Mbangula,2074,,,,,,,,,,,,
Samuel Piette,2076,,,,,,,,,,,,
Samuel Silvera,2077,,,,,,,,,,,,
Santiago Beltran,2082,,,,,,,,,,,,
Santiago Castro,2084,,,,,,,,,,,,
Santiago Homenchenko,2086,,,,,,,,,,,,
Santiago Rojas,2088,,,,,,,,,,,,
Sardor Bakhromov,2089,,,,,,,,,,,,
Sascha Britschgi,2092,,,,,,,,,,,,
Sascha Horvath,2093,,,,,,,,,,,,
Saul Salcedo,2095,,,,,,,,,,,,
Savinho,2096,,,,,,,,,,,,
Sayfallah Ltaief,2097,,,,,,,,,,,,
Scott Bain,2098,,,,,,,,,,,,
Sean Zawadzki,2102,,,,,,,,,,,,
Sebastiaan Bornauw,2103,,,,,,,,,,,,
Sebastian Gomez,2106,,,,,,,,,,,,
Sebastian Nanasi,2107,,,,,,,,,,,,
Sebastian Sebulonsen,2108,,,,,,,,,,,,
Sebastian Soria,2109,,,,,,,,,,,,
Sebastian Villa,2111,,,,,,,,,,,,
Sebastien Haller,2112,,,,,,,,,,,,
Seifeddine Jaziri,2113,,,,,,,,,,,,
Semih Kilicsoy,2115,,,,,,,,,,,,
Seo Minwoo,2117,,,,,,,,,,,,
Sergio Gomez,2120,,,,,,,,,,,,
Shahab Zahedi,2122,,,,,,,,,,,,
Shehab Mamdouh,2124,,,,,,,,,,,,
Shelton Guillaume,2125,,,,,,,,,,,,
Sherko Kareem,2127,,,,,,,,,,,,
Shin Minha,2130,,,,,,,,,,,,
Shunsuke Mito,2133,,,,,,,,,,,,
Simon Eriksson,2140,,,,,,,,,,,,
Simon Olsson,2141,,,,,,,,,,,,
Simon Sohm,2142,,,,,,,,,,,,
Sinaly Diomande,2143,,,,,,,,,,,,
Sindre Walle Egeli,2144,,,,,,,,,,,,
Siphesihle Mkhize,2145,RSA,,,,,,,,,,,
Slim Bouaskar,2147,,,,,,,,,,,,
Sofiane Boufal,2148,,,,,,,,,,,,
Sofiane Diop,2149,,,,,,,,,,,,
Sohaib Nair,2151,,,,,,,,,,,,
Solomon Agbasi,2152,,,,,,,,,,,,
Sondre Brunstad Fet,2154,,,,,,,,,,,,
Sondre Orjasaeter,2156,,,,,,,,,,,,
Sota Kawasaki,2159,,,,,,,,,,,,
Sota Kitano,2160,,,,,,,,,,,,
Souffian El Karouani,2161,,,,,,,,,,,,
Soufiane Benjdida,2162,,,,,,,,,,,,
Soufiane Bouftini,2163,,,,,,,,,,,,
Soufiane El Faouzi,2164,,,,,,,,,,,,
Sphesihle Maduna,2167,RSA,,,,,,,,,,,
Stefan De Vrij,2168,,,,,,,,,,,,
Stephane Cueni,2171,,,,,,,,,,,,
Stephane Lambese,2172,,,,,,,,,,,,
Stephen Welsh,2174,,,,,,,,,,,,
Stevenson Jeudi,2177,,,,,,,,,,,,
Stian Gregersen,2178,,,,,,,,,,,,
Stiven Mendoza,2179,,,,,,,,,,,,
Storm Roux,2182,,,,,,,,,,,,
Stuart Findlay,2183,,,,,,,,,,,,
Suad Natiq,2184,,,,,,,,,,,,
Sven Botman,2187,,,,,,,,,,,,
Taher Mohamed,2189,,,,,,,,,,,,
Taishi Brandon Nozawa,2192,,,,,,,,,,,,
Takuma Asano,2196,,,,,,,,,,,,
Tanner Tessmann,2198,,,,,,,,,,,,
Tarek Salman,2200,,,,,,,,,,,,
Tarik Karic,2201,,,,,,,,,,,,
Tatsuhiro Sakamoto,2203,,,,,,,,,,,,
Tawfik Bentayeb,2204,,,,,,,,,,,,
Teo Michel,2207,,,,,,,,,,,,
Terry Yegbe,2208,,,,,,,,,,,,
Thabo Moloisane,2212,RSA,,,,,,,,,,,
Thapelo Morena,2215,RSA,,,,,,,,,,,
Theo Bair,2218,,,,,,,,,,,,
Thiago Silva,2222,,,,,,,,,,,,
Thierno Ballo,2224,,,,,,,,,,,,
Thorgan Hazard,2227,,,,,,,,,,,,
Tiago Gabriel,2228,,,,,,,,,,,,
Tiago Palacios,2229,,,,,,,,,,,,
Tim Kleindienst,2231,,,,,,,,,,,,
Timothy Tillman,2236,,,,,,,,,,,,
Tino Livramento,2238,,,,,,,,,,,,df
Tobias Guddal,2239,,,,,,,,,,,,
Tobias Lawal,2240,,,,,,,,,,,,
Tom Bischof,2241,,,,,,,,,,,,
Tom Glover,2242,,,,,,,,,,,,
Toma Basic,2243,,,,,,,,,,,,
Tomas Aranda,2244,,,,,,,,,,,,
Tomas Ladra,2248,,,,,,,,,,,,
Tomas Vlcek,2251,,,,,,,,,,,,
Tommy Conway,2252,,,,,,,,,,,,
Tommy St Jago,2253,,,,,,,,,,,,
Tomoya Ando,2255,,,,,,,,,,,,
Toni Martinez,2257,,,,,,,,,,,,
Toni Silic,2258,,,,,,,,,,,,
Trent Alexander Arnold,2260,,,,,,,,,,,,
Tristan Blackmon,2264,,,,,,,,,,,,
Tylon Smith,2270,RSA,,,,,,,,,,,
Tyrique Mercera,2273,,,,,,,,,,,,
Ulisses Garcia,2275,,,,,,,,,,,,
Umut Nayir,2277,,,,,,,,,,,,
Uran Bislimi,2279,,,,,,,,,,,,
Vaclav Jemelka,2281,,,,,,,,,,,,
Vaclav Sejk,2282,,,,,,,,,,,,
Vakoun Issouf Bayo,2283,,,,,,,,,,,,
Vasil Kusej,2285,,,,,,,,,,,,
Victor Eriksson,2286,,,,,,,,,,,,
Victor Griffith,2287,,,,,,,,,,,,
Victor Guzman,2288,MEX,,,,,,,,,,,
Victor Joseph,2289,,,,,,,,,,,,
Viljar Myhra,2294,,,,,,,,,,,,
Vincent Sierro,2295,,,,,,,,,,,,
Vitinho,2299,,,,,,,,,,,,
Vitor Reis,2300,,,,,,,,,,,,
Vladimir Nazarov,2303,,,,,,,,,,,,
Vojtech Patrak,2304,,,,,,,,,,,,
Vuyo Letlapa,2306,RSA,,,,,,,,,,,
Wajdi Kechrida,2308,,,,,,,,,,,,
Walker Zimmerman,2310,,,,,,,,,,,,
Walter Benitez,2311,,,,,,,,,,,,
Warren Kamanzi,2312,,,,,,,,,,,,
Wataru Endo,2314,,,,,,,,,,,,mf
Wesley,2315,,,,,,,,,,,,
Wesley Delgado,2316,,,,,,,,,,,,
Wesley Fofana,2317,,,,,,,,,,,,
Williot Swedberg,2325,,,,,,,,,,,,
Wilmar Barrios,2327,,,,,,,,,,,,
Woobens Pacius,2329,,,,,,,,,,,,
Wout Faes,2331,,,,,,,,,,,,
Xander Severina,2333,,,,,,,,,,,,
Xavier Arreaga,2335,,,,,,,,,,,,
Yanela Mbuthuma,2340,RSA,,,,,,,,,,,
Yanis Begraoui,2342,,,,,,,,,,,,
Yann Bisseck,2343,,,,,,,,,,,,
Yann Gboho,2344,,,,,,,,,,,,
Yannick Carrasco,2345,,,,,,,,,,,,
Yaser Asprilla,2347,,,,,,,,,,,,
Yassine Benzia,2351,,,,,,,,,,,,
Yassir Zabiri,2354,,,,,,,,,,,,
Yazan Alnaimat,2356,,,,,,,,,,,,
Yerson Mosquera,2361,,,,,,,,,,,,
Yousef Abualjazar,2364,,,,,,,,,,,,
Yousef Abujalboush,2365,,,,,,,,,,,,
Yousef Qashi,2366,,,,,,,,,,,,
Youssef Ayman,2368,,,,,,,,,,,,
Youssef En Nesyri,2370,,,,,,,,,,,,
Youssef Enriquez Lekhedim,2371,,,,,,,,,,,,
Youssouf Fofana,2372,,,,,,,,,,,,
Yu Hirakawa,2373,,,,,,,,,,,,
Yuki Ohashi,2375,,,,,,,,,,,,
Yuki Soma,2376,,,,,,,,,,,,
Yunus Musah,2379,,,,,,,,,,,,
Yuran Fernandes,2380,,,,,,,,,,,,
Yusuf Akcicek,2382,,,,,,,,,,,,
Yusuf Sari,2383,,,,,,,,,,,,
Yuto Tsunashima,2384,,,,,,,,,,,,
Zac Sapsford,2386,,,,,,,,,,,,
Zach Brault Guillard,2387,,,,,,,,,,,,
Zachary Athekame,2388,,,,,,,,,,,,
Zack Steffen,2389,,,,,,,,,,,,
Zaid Romero,2391,,,,,,,,,,,,
Zakaria Hawsawi,2394,,,,,,,,,,,,
Zavier Gozo,2395,,,,,,,,,,,,
Zorhan Bassong,2404,,,,,,,,,,,,
