name,shirt,team,assists,attempt_at_goal_on_target,attempt_at_goal,attempt_at_goal_conversion_rate,attempt_at_goal_inside_the_penalty_area,attempt_at_goal_outside_the_penalty_area,headed_attempt_at_goal,xg,xg_goal_effiency_rate,corners,position,goals,possession
Michael Olise,1,FRA,7.0,5.0,20.0,0.0,10.0,10.0,0.0,2.34,,25.0,FW,,
Martin Odegaard,2,NOR,4.0,3.0,9.0,0.0,5.0,4.0,0.0,0.72,,12.0,MF,,
Kylian Mbappe,2,FRA,4.0,23.0,41.0,24.0,27.0,14.0,0.0,6.54,,5.0,FW,,
Brahim Diaz,2,MAR,4.0,1.0,6.0,0.0,4.0,2.0,0.0,0.31,,1.0,FW,,
Bruno Guimaraes,2,BRA,4.0,2.0,8.0,0.0,5.0,3.0,1.0,1.02,,8.0,MF,,
Lionel Messi,2,ARG,4.0,19.0,35.0,23.0,16.0,19.0,0.0,6.18,,38.0,FW,,
Roberto Alvarado,7,MEX,3.0,0.0,5.0,0.0,2.0,3.0,0.0,0.28,,14.0,FW,,
Anthony Gordon,7,ENG,3.0,4.0,6.0,17.0,6.0,0.0,2.0,0.7,,0.0,FW,,
Florian Wirtz,7,GER,3.0,1.0,10.0,0.0,5.0,5.0,0.0,0.97,,5.0,MF,,
Andreas Schjelderup,7,NOR,3.0,2.0,3.0,33.0,3.0,0.0,0.0,0.2,,0.0,MF,,
Bukayo Saka,7,ENG,3.0,7.0,13.0,23.0,11.0,2.0,1.0,1.72,,5.0,FW,,
Alexander Isak,7,SWE,3.0,6.0,8.0,13.0,5.0,3.0,1.0,0.68,,0.0,FW,,
Chris Wood,13,NZL,2.0,2.0,5.0,0.0,3.0,2.0,2.0,0.47,,0.0,FW,,
Johan Manzambi,13,SUI,2.0,3.0,6.0,50.0,4.0,2.0,0.0,0.63,,0.0,MF,,
Breel Embolo,13,SUI,2.0,5.0,10.0,20.0,8.0,2.0,2.0,2.58,,0.0,FW,,
Dani Olmo,13,ESP,2.0,2.0,13.0,0.0,7.0,6.0,2.0,1.16,,0.0,FW,,
Marc Cucurella,13,ESP,2.0,3.0,5.0,0.0,3.0,2.0,1.0,0.35,,0.0,DF,,
Viktor Gyokeres,13,SWE,2.0,6.0,12.0,8.0,9.0,3.0,0.0,1.39,,0.0,FW,,
Nicolas Raskin,13,BEL,2.0,1.0,2.0,0.0,2.0,0.0,1.0,0.13,,0.0,MF,,
Patrick Berg,13,NOR,2.0,0.0,3.0,0.0,0.0,3.0,0.0,0.29,,10.0,MF,,
Joshua Kimmich,13,GER,2.0,1.0,5.0,0.0,1.0,4.0,0.0,0.15,,15.0,DF,,
Hans Vanaken,13,BEL,2.0,1.0,5.0,20.0,4.0,1.0,0.0,0.64,,0.0,MF,,
Leandro Trossard,13,BEL,2.0,4.0,17.0,12.0,10.0,7.0,0.0,1.67,,0.0,FW,,
Deniz Undav,13,GER,2.0,4.0,6.0,50.0,5.0,1.0,0.0,1.43,,0.0,FW,,
Crysencio Summerville,13,NED,2.0,2.0,2.0,100.0,1.0,1.0,0.0,0.16,,3.0,FW,,
Ryan Gravenberch,13,NED,2.0,0.0,5.0,0.0,2.0,3.0,0.0,0.25,,0.0,MF,,
Ousmane Dembele,13,FRA,2.0,10.0,20.0,30.0,13.0,7.0,1.0,2.1,,17.0,FW,,
Denzel Dumfries,13,NED,2.0,2.0,5.0,0.0,4.0,1.0,2.0,0.44,,0.0,DF,,
Declan Rice,13,ENG,2.0,3.0,6.0,17.0,3.0,3.0,1.0,0.31,,30.0,MF,,
Houssem Aouar,13,ALG,2.0,1.0,3.0,0.0,1.0,2.0,0.0,0.24,,0.0,MF,,
Julio Enciso,13,PAR,2.0,1.0,8.0,13.0,6.0,2.0,1.0,0.74,,2.0,FW,,
Nathan Saliba,13,CAN,2.0,1.0,3.0,33.0,1.0,2.0,1.0,0.3,,0.0,MF,,
Achraf Hakimi,13,MAR,2.0,4.0,14.0,7.0,6.0,8.0,0.0,0.96,,21.0,DF,,
Hannibal Mejbri,13,TUN,2.0,1.0,3.0,0.0,0.0,3.0,0.0,0.06,,4.0,MF,,
Mohamed Salah,13,EGY,2.0,4.0,9.0,11.0,7.0,2.0,1.0,0.95,,15.0,FW,,
Iliman Ndiaye,13,SEN,2.0,2.0,3.0,33.0,2.0,1.0,0.0,0.21,,0.0,FW,,
Mohamed Hany,37,EGY,1.0,0.0,4.0,0.0,0.0,4.0,0.0,0.09,,0.0,DF,,
Mostafa Zico,37,EGY,1.0,3.0,8.0,25.0,7.0,1.0,2.0,1.1,,0.0,MF,,
Wilfried Singo,37,CIV,1.0,0.0,2.0,0.0,2.0,0.0,0.0,0.14,,0.0,DF,,
Sadio Mane,37,SEN,1.0,3.0,6.0,0.0,4.0,2.0,0.0,0.58,,1.0,FW,,
Ernest Nuamah,37,GHA,1.0,0.0,0.0,0.0,0.0,0.0,0.0,0.0,,0.0,FW,,
Chadi Riad,37,MAR,1.0,0.0,1.0,0.0,1.0,0.0,1.0,0.12,,0.0,DF,,
Promise David,37,CAN,1.0,3.0,5.0,20.0,3.0,2.0,1.0,0.75,,0.0,FW,,
Moussa Niakhate,37,SEN,1.0,0.0,1.0,0.0,1.0,0.0,1.0,0.06,,0.0,DF,,
Jean Kevin Duverne,37,HAI,1.0,0.0,1.0,0.0,1.0,0.0,0.0,0.03,,0.0,DF,,
Nicolas Jackson,37,SEN,1.0,3.0,7.0,0.0,6.0,1.0,2.0,0.56,,0.0,FW,,
Ismaila Sarr,37,SEN,1.0,6.0,17.0,24.0,15.0,2.0,2.0,3.68,,0.0,FW,,
Nicolas Pepe,37,CIV,1.0,3.0,6.0,33.0,5.0,1.0,0.0,1.42,,6.0,FW,,
Soufiane Rahimi,37,MAR,1.0,4.0,6.0,33.0,5.0,1.0,2.0,1.59,,0.0,FW,,
Chemsdine Talbi,37,MAR,1.0,0.0,2.0,0.0,1.0,1.0,0.0,0.05,,0.0,MF,,
Jude Bellingham,3,ENG,1.0,13.0,19.0,37.0,16.0,3.0,4.0,3.92,,0.0,MF,,
Erling Haaland,4,NOR,0.0,12.0,19.0,37.0,18.0,1.0,7.0,4.62,,0.0,FW,,
Lamine Yamal,4,ESP,0.0,12.0,27.0,4.0,13.0,14.0,0.0,2.44,,15.0,FW,,
Mikel Oyarzabal,4,ESP,1.0,12.0,23.0,22.0,16.0,7.0,5.0,4.33,,0.0,FW,,
Harry Kane,7,ENG,1.0,11.0,23.0,26.0,18.0,5.0,5.0,3.69,,0.0,FW,,
Vinicius Junior,7,BRA,1.0,11.0,17.0,24.0,14.0,3.0,1.0,3.24,,2.0,FW,,
Cristiano Ronaldo,10,POR,0.0,9.0,18.0,17.0,15.0,3.0,0.0,2.94,,0.0,FW,,
Jonathan David,10,CAN,0.0,9.0,18.0,17.0,13.0,5.0,0.0,2.71,,0.0,FW,,
Desire Doue,12,FRA,1.0,8.0,13.0,8.0,4.0,9.0,1.0,0.71,,2.0,FW,,
Dan Ndoye,12,SUI,0.0,8.0,16.0,13.0,15.0,1.0,1.0,0.86,,0.0,FW,,
Kai Havertz,14,GER,0.0,7.0,12.0,25.0,11.0,1.0,7.0,2.0,,0.0,FW,,
Raul Jimenez,14,MEX,0.0,7.0,18.0,17.0,13.0,5.0,7.0,3.0,,0.0,FW,,
Luis Diaz,14,COL,1.0,7.0,19.0,5.0,15.0,4.0,0.0,1.47,,3.0,FW,,
Enner Valencia,18,ECU,0.0,6.0,10.0,0.0,9.0,1.0,2.0,1.53,,0.0,FW,,
Julian Quinones,18,MEX,1.0,6.0,14.0,29.0,8.0,6.0,2.0,2.27,,0.0,FW,,
Maxim De Cuyper,18,BEL,0.0,6.0,10.0,0.0,5.0,5.0,0.0,1.09,,4.0,DF,,
Cody Gakpo,18,NED,1.0,6.0,10.0,30.0,8.0,2.0,2.0,1.35,,1.0,FW,,
Marcus Rashford,25,ENG,1.0,5.0,12.0,8.0,9.0,3.0,2.0,1.03,,0.0,FW,,
Bradley Barcola,25,FRA,1.0,5.0,10.0,30.0,7.0,3.0,1.0,1.99,,0.0,FW,,
Kevin De Bruyne,25,BEL,0.0,5.0,20.0,5.0,9.0,11.0,0.0,1.39,,14.0,MF,,
Charles De Ketelaere,25,BEL,1.0,5.0,6.0,50.0,6.0,0.0,3.0,1.51,,0.0,FW,,
Elijah Just,25,NZL,0.0,5.0,7.0,43.0,5.0,2.0,0.0,0.86,,0.0,MF,,
Alex Baena,25,ESP,1.0,5.0,12.0,8.0,4.0,8.0,0.0,0.5,,28.0,MF,,
Folarin Balogun,25,USA,0.0,5.0,14.0,21.0,14.0,0.0,2.0,2.02,,0.0,FW,,
Gustavo Puerta,25,COL,1.0,5.0,14.0,0.0,3.0,11.0,0.0,0.53,,0.0,DF,,
Gonzalo Plata,25,ECU,0.0,5.0,8.0,13.0,4.0,4.0,1.0,1.16,,4.0,FW,,
Julian Alvarez,25,ARG,0.0,5.0,11.0,9.0,7.0,4.0,0.0,1.39,,0.0,FW,,
Malik Tillman,37,USA,1.0,4.0,8.0,25.0,5.0,3.0,0.0,0.73,,10.0,MF,,
Alexis Mac Allister,37,ARG,1.0,4.0,13.0,8.0,10.0,3.0,9.0,1.92,,0.0,MF,,
Jhon Arias,37,COL,0.0,4.0,9.0,11.0,7.0,2.0,0.0,0.94,,4.0,MF,,
Enzo Fernandez,37,ARG,0.0,4.0,12.0,17.0,4.0,8.0,2.0,0.9,,0.0,MF,,
Lautaro Martinez,37,ARG,1.0,4.0,10.0,30.0,9.0,1.0,2.0,2.17,,0.0,FW,,
Matheus Cunha,37,BRA,0.0,4.0,10.0,30.0,5.0,5.0,1.0,1.21,,3.0,FW,,
Ferran Torres,37,ESP,1.0,4.0,14.0,7.0,13.0,1.0,5.0,2.72,,0.0,FW,,
Ruben Vargas,37,SUI,1.0,4.0,6.0,33.0,4.0,2.0,0.0,1.31,,11.0,FW,,
Arda Guler,37,TUR,0.0,4.0,12.0,8.0,3.0,9.0,0.0,0.75,,11.0,FW,,
Ermedin Demirovic,37,BIH,0.0,4.0,4.0,0.0,1.0,3.0,0.0,0.08,,0.0,FW,,
Mateo Kovacic,37,CRO,1.0,4.0,5.0,0.0,1.0,4.0,0.0,0.46,,0.0,MF,,
Kenan Yildiz,19,TUR,0.0,1.0,14.0,0.0,11.0,3.0,0.0,0.38,,0.0,FW,,
Hakan Calhanoglu,35,TUR,0.0,2.0,11.0,0.0,2.0,9.0,0.0,0.4,,8.0,MF,,
Omar Marmoush,35,EGY,0.0,1.0,11.0,0.0,8.0,3.0,0.0,0.91,,3.0,FW,,
Youri Tielemans,35,BEL,0.0,3.0,11.0,18.0,7.0,4.0,2.0,1.5,,5.0,MF,,
Ibrahim Maza,35,ALG,0.0,3.0,11.0,0.0,7.0,4.0,1.0,1.06,,0.0,MF,,
Yoane Wissa,35,COD,0.0,3.0,11.0,27.0,7.0,4.0,2.0,1.79,,0.0,FW,,
Ismael Saibari,41,MAR,0.0,3.0,10.0,30.0,7.0,3.0,1.0,1.01,,0.0,MF,,
Emam Ashour,41,EGY,0.0,2.0,10.0,20.0,5.0,5.0,1.0,1.06,,4.0,MF,,
Federico Valverde,41,URU,0.0,2.0,10.0,0.0,3.0,7.0,0.0,0.5,,2.0,MF,,
Daichi Kamada,1,JPN,0.0,0.0,1.0,200.0,0.0,1.0,0.0,0.09,,1.0,MF,,
Hassan Alhaydos,2,QAT,0.0,1.0,1.0,100.0,1.0,0.0,0.0,0.66,,0.0,FW,,
Kaan Ayhan,2,TUR,0.0,1.0,1.0,100.0,1.0,0.0,0.0,0.68,,0.0,MF,,
Mateo Chavez,2,MEX,0.0,1.0,1.0,100.0,1.0,0.0,0.0,0.49,,0.0,DF,,
Issa Diop,2,MAR,0.0,1.0,1.0,100.0,1.0,0.0,1.0,0.12,,0.0,DF,,
Yasser Ibrahim,2,EGY,0.0,1.0,1.0,100.0,1.0,0.0,1.0,0.12,,0.0,DF,,
Giovani Lo Celso,2,ARG,0.0,1.0,1.0,100.0,0.0,1.0,0.0,0.15,,1.0,MF,,
Derrick Luckassen,2,GHA,0.0,1.0,1.0,100.0,1.0,0.0,0.0,0.62,,0.0,DF,,
Petar Musa,2,CRO,0.0,1.0,1.0,100.0,1.0,0.0,0.0,0.34,,0.0,FW,,
Marcus Holmgren Pedersen,2,NOR,0.0,1.0,1.0,100.0,1.0,0.0,0.0,0.16,,0.0,DF,,
Omar Rekik,2,TUN,0.0,1.0,1.0,100.0,1.0,0.0,1.0,0.11,,0.0,DF,,
Kaishu Sano,2,JPN,1.0,1.0,1.0,100.0,0.0,1.0,0.0,0.09,,0.0,MF,,
Baris Alper Yilmaz,2,TUR,1.0,0.0,1.0,100.0,0.0,1.0,0.0,0.06,,0.0,FW,,
Brian Brobbey,15,NED,0.0,3.0,4.0,75.0,4.0,0.0,0.0,1.4,,0.0,FW,,
Marko Arnautovic,16,AUT,0.0,3.0,3.0,67.0,3.0,0.0,0.0,1.31,,0.0,FW,,
Habib Diarra,16,SEN,0.0,1.0,3.0,67.0,2.0,1.0,0.0,0.54,,0.0,MF,,
Anthony Elanga,16,SWE,0.0,3.0,3.0,67.0,2.0,1.0,0.0,0.53,,1.0,FW,,
Daniel Munoz,16,COL,0.0,2.0,3.0,67.0,3.0,0.0,0.0,0.64,,0.0,DF,,
Thelo Aasgaard,20,NOR,0.0,1.0,2.0,50.0,1.0,1.0,0.0,0.18,,0.0,MF,,
Nizar Alrashdan,20,JOR,0.0,1.0,2.0,50.0,2.0,0.0,1.0,0.23,,0.0,MF,,
Nilson Angulo,20,ECU,0.0,2.0,2.0,50.0,0.0,2.0,0.0,0.04,,7.0,FW,,
Maxi Araujo,20,URU,1.0,3.0,4.0,50.0,3.0,1.0,2.0,1.09,,10.0,MF,,
Nadhir Benbouali,20,ALG,0.0,2.0,2.0,50.0,2.0,0.0,2.0,0.16,,0.0,FW,,
Matias Galarza,20,PAR,1.0,1.0,2.0,50.0,0.0,2.0,0.0,0.07,,0.0,MF,,
Romelu Lukaku,20,BEL,1.0,3.0,6.0,50.0,6.0,0.0,2.0,0.77,,0.0,FW,,
Daizen Maeda,20,JPN,0.0,1.0,2.0,50.0,2.0,0.0,1.0,0.79,,0.0,MF,,
Ermin Mahmic,20,BIH,0.0,2.0,4.0,50.0,2.0,2.0,0.0,0.34,,0.0,MF,,
Goncalo Ramos,20,POR,0.0,1.0,2.0,50.0,2.0,0.0,2.0,0.13,,0.0,FW,,
Mohammad Mohebbi,20,IRN,0.0,1.0,2.0,50.0,2.0,0.0,1.0,0.24,,0.0,MF,,
Ivan Perisic,20,CRO,1.0,2.0,2.0,50.0,2.0,0.0,1.0,0.32,,2.0,FW,,
Giovanni Reyna,20,USA,0.0,1.0,2.0,50.0,2.0,0.0,0.0,0.22,,0.0,MF,,
Ramin Rezaeian,20,IRN,1.0,2.0,4.0,50.0,4.0,0.0,0.0,0.97,,7.0,DF,,
Nico Schlotterbeck,20,GER,0.0,2.0,2.0,50.0,2.0,0.0,2.0,0.25,,0.0,DF,,
Romano Schmid,20,AUT,0.0,1.0,2.0,50.0,0.0,2.0,0.0,0.12,,0.0,MF,,
Finn Surman,20,NZL,0.0,1.0,2.0,50.0,2.0,0.0,2.0,0.24,,0.0,DF,,
Gabriel Martinelli,20,BRA,0.0,1.0,2.0,50.0,1.0,1.0,0.0,0.49,,0.0,FW,,
Virgil Van Dijk,20,NED,1.0,2.0,2.0,50.0,2.0,0.0,2.0,0.14,,0.0,DF,,
Gessime Yassine,20,MAR,0.0,1.0,2.0,50.0,1.0,1.0,0.0,0.45,,1.0,MF,,
Caleb Yirenkyi,20,GHA,0.0,1.0,2.0,50.0,2.0,0.0,0.0,0.75,,0.0,MF,,
Mikel Merino,45,ESP,0.0,3.0,5.0,40.0,5.0,0.0,1.0,1.57,,0.0,MF,,
Azzedine Ounahi,45,MAR,0.0,3.0,5.0,40.0,1.0,4.0,0.0,0.33,,2.0,MF,,
Mahmoud Saber,49,EGY,0.0,1.0,3.0,33.0,1.0,2.0,0.0,0.16,,0.0,MF,,
Martin Baturina,49,CRO,0.0,1.0,3.0,33.0,0.0,3.0,0.0,0.1,,2.0,MF,,
Cyle Larin,24,CAN,0.0,4.0,9.0,22.0,9.0,0.0,3.0,1.27,,0.0,FW,,
Scott Mctominay,30,SCO,0.0,3.0,8.0,0.0,8.0,0.0,3.0,0.65,,0.0,MF,,
Tani Oluwaseyi,30,CAN,0.0,4.0,8.0,0.0,8.0,0.0,2.0,0.99,,0.0,FW,,
Luis Suarez,36,COL,1.0,0.0,9.0,0.0,7.0,2.0,2.0,0.96,,0.0,FW,,
Nico Gonzalez,36,ARG,1.0,1.0,7.0,0.0,7.0,0.0,4.0,0.48,,0.0,MF,,
Nico Oreilly,48,ENG,0.0,1.0,7.0,0.0,6.0,1.0,5.0,0.88,,0.0,DF,,
Granit Xhaka,10,SUI,0.0,2.0,9.0,11.0,1.0,8.0,0.0,1.16,,0.0,MF,,
Pape Gueye,14,SEN,1.0,3.0,8.0,25.0,1.0,7.0,0.0,0.37,,0.0,MF,,
Yasin Ayari,19,SWE,0.0,3.0,7.0,29.0,1.0,6.0,0.0,0.44,,9.0,MF,,
Rodri,22,ESP,0.0,0.0,7.0,0.0,2.0,5.0,1.0,0.27,,0.0,MF,,
Fares Chaibi,22,ALG,0.0,3.0,9.0,0.0,4.0,5.0,1.0,0.64,,4.0,MF,,
Idrissa Gana Gueye,22,SEN,0.0,1.0,5.0,0.0,0.0,5.0,0.0,0.12,,0.0,MF,,
Seko Fofana,22,CIV,0.0,1.0,5.0,0.0,0.0,5.0,0.0,0.4,,0.0,MF,,
Jean Ricner Bellegarde,22,HAI,0.0,0.0,6.0,0.0,1.0,5.0,1.0,0.29,,5.0,MF,,
Kevin Pina,22,CPV,0.0,1.0,5.0,20.0,0.0,5.0,0.0,0.09,,0.0,MF,,
Felix Nmecha,22,GER,1.0,3.0,8.0,13.0,3.0,5.0,0.0,0.49,,0.0,MF,,
Adrien Rabiot,22,FRA,1.0,1.0,9.0,0.0,4.0,5.0,2.0,0.96,,0.0,MF,,
Manu Kone,22,FRA,0.0,2.0,6.0,0.0,1.0,5.0,0.0,0.19,,0.0,MF,,
Vitinha,38,POR,0.0,0.0,4.0,0.0,0.0,4.0,0.0,0.12,,0.0,MF,,
Bruno Fernandes,38,POR,1.0,3.0,9.0,0.0,5.0,4.0,0.0,0.95,,8.0,MF,,
Marcel Sabitzer,38,AUT,0.0,2.0,5.0,20.0,1.0,4.0,0.0,0.46,,9.0,MF,,
Elliot Anderson,38,ENG,1.0,1.0,7.0,0.0,3.0,4.0,2.0,0.38,,3.0,MF,,
Ayase Ueda,38,JPN,1.0,4.0,9.0,22.0,5.0,4.0,2.0,0.63,,0.0,FW,,
Mousa Altamari,38,JOR,1.0,3.0,8.0,13.0,4.0,4.0,0.0,1.13,,0.0,FW,,
Sidny Lopes Cabral,38,CPV,0.0,2.0,4.0,25.0,0.0,4.0,0.0,0.11,,8.0,DF,,
Saeid Ezatolahi,38,IRN,0.0,2.0,6.0,0.0,2.0,4.0,2.0,0.49,,0.0,MF,,
Ali Jasim,38,IRQ,0.0,1.0,4.0,0.0,0.0,4.0,0.0,0.11,,3.0,FW,,
Ladislav Krejci,5,CZE,0.0,1.0,5.0,20.0,5.0,0.0,5.0,0.54,,0.0,DF,,
Federico Vinas,5,URU,0.0,3.0,6.0,0.0,6.0,0.0,5.0,0.39,,0.0,FW,,
Davinson Sanchez,11,COL,0.0,2.0,6.0,0.0,5.0,1.0,4.0,0.54,,0.0,DF,,
Brandon Mechele,11,BEL,0.0,1.0,5.0,0.0,5.0,0.0,4.0,0.39,,0.0,DF,,
Neil El Aynaoui,11,MAR,0.0,2.0,7.0,0.0,5.0,2.0,4.0,0.6,,1.0,MF,,
Derek Cornelius,11,CAN,0.0,1.0,5.0,0.0,5.0,0.0,4.0,0.74,,0.0,DF,,
Trezeguet,17,EGY,1.0,3.0,8.0,13.0,6.0,2.0,3.0,0.71,,0.0,FW,,
Leo Ostigard,17,NOR,0.0,1.0,3.0,33.0,3.0,0.0,3.0,0.32,,0.0,DF,,
Jan Paul Van Hecke,17,NED,0.0,2.0,3.0,33.0,3.0,0.0,3.0,0.15,,0.0,DF,,
Piero Hincapie,17,ECU,0.0,0.0,3.0,0.0,3.0,0.0,3.0,0.4,,1.0,DF,,
Rodrigo Bentancur,17,URU,0.0,0.0,4.0,0.0,3.0,1.0,3.0,0.32,,0.0,MF,,
Cristian Romero,17,ARG,0.0,2.0,3.0,33.0,3.0,0.0,3.0,0.41,,0.0,DF,,
Alex Freeman,17,USA,1.0,1.0,4.0,25.0,4.0,0.0,3.0,0.78,,0.0,DF,,
Jovo Lukic,17,BIH,0.0,2.0,3.0,33.0,3.0,0.0,3.0,0.46,,0.0,FW,,
Gustaf Lagerbielke,17,SWE,0.0,1.0,3.0,0.0,3.0,0.0,3.0,0.13,,0.0,DF,,
Aymeric Laporte,17,ESP,1.0,2.0,5.0,0.0,3.0,2.0,3.0,0.36,,0.0,DF,,
Mert Muldur,17,TUR,0.0,0.0,3.0,0.0,3.0,0.0,3.0,0.22,,0.0,DF,,
Diney Borges,17,CPV,0.0,2.0,4.0,0.0,3.0,1.0,3.0,0.18,,0.0,DF,,
Aymen Hussein,17,IRQ,0.0,1.0,3.0,33.0,3.0,0.0,3.0,0.18,,0.0,FW,,
Cho Guesung,33,KOR,0.0,1.0,2.0,0.0,2.0,0.0,2.0,0.51,,0.0,FW,,
Oh Hyeongyu,33,KOR,0.0,2.0,4.0,25.0,4.0,0.0,2.0,0.6,,0.0,FW,,
Koki Ogawa,33,JPN,1.0,0.0,3.0,0.0,3.0,0.0,2.0,0.22,,0.0,FW,,
Mohamed Kanno,33,KSA,0.0,2.0,3.0,0.0,2.0,1.0,2.0,0.16,,0.0,MF,,
Lee Hanbeom,33,KOR,0.0,0.0,2.0,0.0,2.0,0.0,2.0,0.22,,0.0,DF,,
Ali Alhamadi,33,IRQ,0.0,0.0,6.0,0.0,4.0,2.0,2.0,0.95,,0.0,FW,,
Shoja Khalilzadeh,33,IRN,0.0,0.0,2.0,0.0,2.0,0.0,2.0,0.18,,0.0,DF,,
Pico Lopes,33,CPV,0.0,0.0,2.0,0.0,2.0,0.0,2.0,0.29,,0.0,DF,,
Gustavo Gomez,33,PAR,0.0,0.0,2.0,0.0,2.0,0.0,2.0,0.07,,0.0,DF,,
Casemiro,33,BRA,0.0,2.0,4.0,25.0,2.0,2.0,2.0,0.66,,0.0,MF,,
Weston Mckennie,33,USA,0.0,1.0,5.0,0.0,4.0,1.0,2.0,0.6,,0.0,MF,,
Jhon Lucumi,33,COL,0.0,0.0,2.0,0.0,2.0,0.0,2.0,0.11,,0.0,DF,,
Ismael Diaz,33,PAN,0.0,2.0,6.0,0.0,4.0,2.0,2.0,0.39,,0.0,MF,,
Leroy Sane,27,GER,0.0,2.0,6.0,17.0,5.0,1.0,0.0,1.57,,1.0,MF,,
Riyad Mahrez,32,ALG,1.0,3.0,6.0,33.0,4.0,2.0,0.0,1.49,,5.0,FW,,
Amad Diallo,34,CIV,0.0,4.0,8.0,25.0,6.0,2.0,0.0,1.44,,4.0,FW,,
Mehdi Taremi,42,IRN,0.0,2.0,5.0,0.0,4.0,1.0,1.0,1.34,,0.0,FW,,
Fabian Ruiz,43,ESP,0.0,2.0,8.0,13.0,4.0,4.0,1.0,1.33,,0.0,MF,,
Stephen Eustaquio,8,CAN,0.0,1.0,4.0,25.0,0.0,4.0,0.0,0.1,,44.0,MF,,
Sebastian Berhalter,10,USA,1.0,1.0,3.0,33.0,0.0,3.0,0.0,0.1,,12.0,MF,,
Luis Romo,11,MEX,1.0,1.0,3.0,33.0,1.0,2.0,0.0,0.1,,0.0,MF,,
Connor Metcalfe,12,AUS,0.0,2.0,5.0,20.0,1.0,4.0,0.0,0.11,,3.0,MF,,
Deroy Duarte,17,CPV,0.0,2.0,3.0,33.0,1.0,2.0,0.0,0.12,,0.0,MF,,
Kerim Alajbegovic,21,BIH,0.0,1.0,4.0,25.0,1.0,3.0,0.0,0.14,,7.0,FW,,
Petar Sucic,22,CRO,1.0,2.0,3.0,33.0,1.0,2.0,0.0,0.14,,0.0,MF,,
Alexis Saelemaekers,23,BEL,0.0,1.0,4.0,25.0,3.0,1.0,0.0,0.14,,1.0,MF,,
Wilson Isidor,25,HAI,0.0,2.0,5.0,20.0,2.0,3.0,1.0,0.15,,0.0,FW,,
Nuno Mendes,27,POR,0.0,1.0,3.0,33.0,1.0,2.0,0.0,0.15,,7.0,DF,,
Keito Nakamura,32,JPN,1.0,2.0,5.0,20.0,2.0,3.0,0.0,0.17,,0.0,MF,,
Eldor Shomurodov,34,UZB,0.0,2.0,4.0,25.0,4.0,0.0,0.0,0.17,,0.0,FW,,
Lisandro Martinez,39,ARG,1.0,2.0,4.0,25.0,2.0,2.0,0.0,0.2,,0.0,DF,,
Nikola Vlasic,40,CRO,0.0,1.0,3.0,33.0,2.0,1.0,1.0,0.2,,0.0,MF,,
Nathaniel Brown,41,GER,1.0,2.0,3.0,33.0,3.0,0.0,0.0,0.21,,11.0,DF,,
Hazem Mastouri,42,TUN,0.0,2.0,3.0,33.0,1.0,2.0,1.0,0.21,,0.0,FW,,
Brian Cipenga,47,COD,0.0,1.0,6.0,17.0,2.0,4.0,0.0,0.23,,1.0,FW,,
Mattias Svanberg,49,SWE,0.0,2.0,3.0,33.0,2.0,1.0,0.0,0.23,,0.0,MF,,
Brenden Aaronson,1,USA,0.0,0.0,0.0,0.0,,,,0.0,0.0,0.0,fw,0.0,0.0
Ahmed Alaaeldin,1,QAT,0.0,1.0,1.0,0.0,,,,0.13,0.0,0.0,fw,0.0,0.0
Ahmed Fathy,1,QAT,0.0,0.0,0.0,0.0,,,,0.0,0.0,0.0,mf,0.0,0.0
Almoez Ali,1,QAT,0.0,0.0,0.0,0.0,,,,0.0,0.0,0.0,fw,0.0,0.0
Jassem Gaber,1,QAT,0.0,0.0,0.0,0.0,,,,0.0,0.0,0.0,df,0.0,0.0
Mahmoud Abunada,1,QAT,0.0,0.0,0.0,0.0,,,,0.0,0.0,0.0,gk,0.0,0.0
Carlos Acevedo,1,MEX,0.0,0.0,0.0,0.0,,,,0.0,0.0,0.0,gk,0.0,0.0
Elias Achouri,1,TUN,0.0,1.0,1.0,0.0,,,,0.02,0.0,0.0,fw,0.0,0.0
Che Adams,1,SCO,0.0,1.0,1.0,0.0,,,,0.15,0.0,0.0,fw,0.0,0.0
Jayden Adams,1,RSA,0.0,0.0,0.0,0.0,,,,0.0,0.0,0.0,mf,0.0,0.0
Tyler Adams,1,USA,0.0,0.0,0.0,0.0,,,,0.0,0.0,0.0,mf,0.0,0.0
Ricardo Ade,1,HAI,0.0,0.0,1.0,0.0,,,,0.03,0.0,0.0,df,0.0,0.0
Simon Adingra,1,CIV,0.0,0.0,0.0,0.0,,,,0.0,0.0,0.0,fw,0.0,0.0
Michel Aebischer,1,SUI,0.0,1.0,1.0,0.0,,,,0.25,0.0,0.0,mf,0.0,0.0
Akram Afif,1,QAT,0.0,0.0,0.0,0.0,,,,0.0,0.0,3.0,fw,0.0,0.0
Emmanuel Agbadou,1,CIV,0.0,0.0,0.0,0.0,,,,0.0,0.0,0.0,df,0.0,0.0
Ali Ahmed,1,CAN,0.0,0.0,0.0,0.0,,,,0.0,0.0,0.0,fw,0.0,0.0
Homam Ahmed,1,QAT,0.0,0.0,1.0,0.0,,,,0.0,0.0,0.0,df,0.0,0.0
Manuel Akanji,1,SUI,0.0,1.0,1.0,0.0,,,,0.18,0.0,0.0,df,0.0,0.0
Samet Akaydin,1,TUR,0.0,0.0,0.0,0.0,,,,0.0,0.0,0.0,df,0.0,0.0
Nathan Ake,1,NED,0.0,0.0,0.0,0.0,,,,0.0,0.0,0.0,df,0.0,0.0
Yunus Akgun,1,TUR,0.0,0.0,0.0,0.0,,,,0.0,0.0,0.0,fw,0.0,0.0
Kerem Akturkoglu,1,TUR,0.0,1.0,3.0,0.0,,,,0.59,0.0,0.0,fw,0.0,0.0
Sultan Albrake,1,QAT,0.0,0.0,0.0,0.0,,,,0.0,0.0,0.0,df,0.0,0.0
Jordy Alcivar,1,ECU,0.0,0.0,0.0,0.0,,,,0.0,0.0,0.0,mf,0.0,0.0
Omar Alderete,1,PAR,0.0,0.0,0.0,0.0,,,,0.0,0.0,0.0,df,0.0,0.0
Ahmed Alganehi,1,QAT,0.0,0.0,0.0,0.0,,,,0.0,0.0,0.0,mf,0.0,0.0
Taha Ali,1,SWE,0.0,0.0,0.0,0.0,,,,0.0,0.0,0.0,fw,0.0,0.0
Miguel Almiron,1,PAR,0.0,0.0,2.0,0.0,,,,0.06,0.0,0.0,mf,0.0,0.0
Junior Alonso,1,PAR,0.0,0.0,0.0,0.0,,,,0.0,0.0,0.0,df,0.0,0.0
Ayoub Aloui,1,QAT,0.0,0.0,0.0,0.0,,,,0.0,0.0,0.0,df,0.0,0.0
Edson Alvarez,1,MEX,0.0,0.0,0.0,0.0,,,,0.0,0.0,0.0,df,0.0,0.0
Ayoube Amaimouni,1,MAR,0.0,1.0,1.0,0.0,,,,0.22,0.0,0.0,fw,0.0,0.0
Zeki Amdouni,1,SUI,0.0,0.0,1.0,0.0,,,,0.0,0.0,0.0,fw,0.0,0.0
Aurele Amenda,1,SUI,0.0,0.0,0.0,0.0,,,,0.0,0.0,0.0,df,0.0,0.0
Nadiem Amiri,1,GER,0.0,0.0,0.0,0.0,,,,0.0,0.0,0.0,mf,0.0,0.0
Sofyan Amrabat,1,MAR,0.0,0.0,0.0,0.0,,,,0.0,0.0,0.0,mf,0.0,0.0
Waldemar Anton,1,GER,0.0,0.0,0.0,0.0,,,,0.0,0.0,0.0,df,0.0,0.0
Jeremy Antonisse,1,CUW,0.0,0.0,0.0,0.0,,,,0.0,0.0,1.0,fw,0.0,0.0
Marquinhos,1,BRA,0.0,0.0,2.0,0.0,,,,0.21,0.0,0.0,df,0.0,0.0
Oswin Appollis,1,RSA,0.0,0.0,0.0,0.0,,,,0.0,0.0,0.0,fw,0.0,0.0
Alex Arce,1,PAR,0.0,0.0,0.0,0.0,,,,0.0,0.0,0.0,fw,0.0,0.0
Carlens Arcus,1,HAI,0.0,0.0,0.0,0.0,,,,0.0,0.0,0.0,df,0.0,0.0
Jeremy Arevalo,1,ECU,0.0,0.0,0.0,0.0,,,,0.0,0.0,0.0,fw,0.0,0.0
Max Arfsten,1,USA,0.0,0.0,0.0,0.0,,,,0.0,0.0,0.0,df,0.0,0.0
Yan Diomande,15,CIV,1.0,0.0,4.0,0.0,3.0,1.0,1.0,0.26,,11.0,FW,,
Junya Ito,15,JPN,0.0,1.0,3.0,33.0,2.0,1.0,0.0,0.67,,11.0,MF,,
James Rodriguez,15,COL,0.0,3.0,6.0,0.0,2.0,4.0,0.0,0.24,,11.0,MF,,
Tijjani Reijnders,21,NED,1.0,2.0,4.0,0.0,3.0,1.0,0.0,0.48,,10.0,MF,,
Brian Rodriguez,21,URU,0.0,1.0,3.0,0.0,1.0,2.0,0.0,0.22,,10.0,FW,,
Vladimir Coufal,26,CZE,1.0,0.0,1.0,0.0,1.0,0.0,1.0,0.02,,9.0,DF,,
Ismail Jakobs,26,SEN,0.0,0.0,1.0,0.0,1.0,0.0,0.0,0.11,,9.0,DF,,
Lee Kangin,26,KOR,1.0,1.0,4.0,0.0,1.0,3.0,0.0,0.15,,9.0,MF,,
Pedri,31,ESP,0.0,2.0,5.0,0.0,1.0,4.0,0.0,0.47,,8.0,MF,,
Fabian Rieder,31,SUI,0.0,2.0,7.0,0.0,4.0,3.0,0.0,1.09,,8.0,MF,,
Lewis Ferguson,31,SCO,0.0,1.0,2.0,0.0,0.0,2.0,0.0,0.09,,8.0,MF,,
Moises Caicedo,31,ECU,0.0,1.0,4.0,0.0,1.0,3.0,1.0,0.19,,8.0,MF,,
Julian Ryerson,39,NOR,0.0,0.0,0.0,0.0,0.0,0.0,0.0,0.0,,7.0,FW,,
Luka Modric,39,CRO,1.0,0.0,1.0,0.0,1.0,0.0,1.0,0.05,,7.0,MF,,
Cristian Volpato,39,AUS,0.0,1.0,4.0,0.0,2.0,2.0,0.0,0.28,,7.0,FW,,
Musab Aljuwayr,39,KSA,0.0,0.0,0.0,0.0,0.0,0.0,0.0,0.0,,7.0,MF,,
Raphinha,39,BRA,0.0,2.0,3.0,0.0,1.0,2.0,0.0,0.34,,7.0,FW,,
Haissem Hassan,37,EGY,1.0,0.0,1.0,0.0,1.0,0.0,0.0,0.09,,0.0,FW,,
Lamine Camara,37,SEN,1.0,0.0,3.0,0.0,0.0,3.0,0.0,0.14,,5.0,MF,,
Abdoulaye Seck,37,SEN,1.0,0.0,2.0,0.0,1.0,1.0,1.0,0.05,,0.0,DF,,
Karim Hafez,37,EGY,1.0,0.0,1.0,0.0,0.0,1.0,0.0,0.01,,0.0,DF,,
Tshepang Moremi,37,RSA,1.0,0.0,0.0,0.0,0.0,0.0,0.0,0.0,,0.0,FW,,
Marawan Attia,37,EGY,1.0,1.0,4.0,0.0,1.0,3.0,0.0,0.05,,0.0,MF,,
Yannick Semedo,37,CPV,1.0,0.0,1.0,0.0,0.0,1.0,0.0,0.01,,2.0,MF,,
Brandon Thomas Asante,37,GHA,1.0,0.0,0.0,0.0,0.0,0.0,0.0,0.0,,0.0,FW,,
Ibrahim Sangare,37,CIV,1.0,0.0,1.0,0.0,0.0,1.0,0.0,0.0,,0.0,MF,,
Hwang Inbeom,37,KOR,1.0,2.0,4.0,25.0,2.0,2.0,0.0,0.37,,0.0,MF,,
Takefusa Kubo,37,JPN,1.0,0.0,1.0,0.0,0.0,1.0,0.0,0.01,,0.0,MF,,
Amir Alammari,37,IRQ,1.0,0.0,0.0,0.0,0.0,0.0,0.0,0.0,,3.0,MF,,
Ryan Mendes,37,CPV,1.0,0.0,6.0,0.0,3.0,3.0,0.0,0.07,,0.0,FW,,
Ritsu Doan,37,JPN,1.0,0.0,1.0,0.0,0.0,1.0,0.0,0.02,,1.0,MF,,
Arthur Masuaku,37,COD,1.0,0.0,0.0,0.0,0.0,0.0,0.0,0.0,,6.0,DF,,
Noor Alrawabdeh,37,JOR,1.0,0.0,1.0,0.0,0.0,1.0,0.0,0.03,,0.0,MF,,
Kou Itakura,37,JPN,1.0,0.0,0.0,0.0,0.0,0.0,0.0,0.0,,0.0,DF,,
Ehsan Haddad,37,JOR,1.0,0.0,1.0,0.0,1.0,0.0,0.0,0.03,,0.0,DF,,
Chancel Mbemba,37,COD,1.0,0.0,1.0,0.0,1.0,0.0,0.0,0.05,,0.0,DF,,
Edmilson Junior,37,QAT,1.0,2.0,3.0,0.0,3.0,0.0,0.0,0.43,,0.0,FW,,
Meschack Elia,37,COD,1.0,2.0,2.0,0.0,0.0,2.0,0.0,0.05,,0.0,FW,,
Alexandr Sojka,37,CZE,1.0,0.0,0.0,0.0,0.0,0.0,0.0,0.0,,1.0,MF,,
Dennis Hadzikadunic,37,BIH,1.0,0.0,0.0,0.0,0.0,0.0,0.0,0.0,,0.0,DF,,
Tim Payne,37,NZL,1.0,0.0,1.0,0.0,0.0,1.0,0.0,0.02,,3.0,DF,,
Orkun Kokcu,37,TUR,1.0,0.0,3.0,0.0,2.0,1.0,0.0,0.56,,2.0,MF,,
Ricardo Rodriguez,37,SUI,1.0,0.0,1.0,0.0,0.0,1.0,0.0,0.02,,4.0,DF,,
Lucas Bergvall,37,SWE,1.0,0.0,2.0,0.0,2.0,0.0,1.0,0.68,,0.0,MF,,
Ivan Basic,37,BIH,1.0,0.0,4.0,0.0,0.0,4.0,0.0,0.15,,5.0,MF,,
Paul Okon Engstler,37,AUS,1.0,0.0,0.0,0.0,0.0,0.0,0.0,0.0,,1.0,MF,,
Sead Kolasinac,37,BIH,1.0,0.0,0.0,0.0,0.0,0.0,0.0,0.0,,0.0,DF,,
Akmal Mozgovoy,37,UZB,1.0,0.0,1.0,0.0,1.0,0.0,0.0,0.08,,0.0,MF,,
Marcos Llorente,37,ESP,1.0,0.0,0.0,0.0,0.0,0.0,0.0,0.0,,0.0,DF,,
Bilal El Khannouss,37,MAR,0.0,4.0,6.0,0.0,2.0,4.0,1.0,0.28,,2.0,MF,,
Ali Olwan,59,JOR,0.0,3.0,6.0,17.0,4.0,2.0,1.0,0.25,,0.0,FW,,
Nestory Irankunda,59,AUS,0.0,3.0,6.0,17.0,4.0,2.0,1.0,0.81,,0.0,FW,,
Callum Mccowatt,59,NZL,0.0,3.0,4.0,0.0,3.0,1.0,1.0,0.21,,0.0,MF,,
Michal Sadilek,59,CZE,0.0,3.0,7.0,14.0,5.0,2.0,1.0,0.7,,5.0,MF,,
Pedro Porro,59,ESP,0.0,3.0,7.0,29.0,4.0,3.0,1.0,1.1,,0.0,DF,,
Jaminton Campaz,59,COL,0.0,3.0,6.0,17.0,3.0,3.0,1.0,0.64,,0.0,FW,,
Mauricio,59,PAR,0.0,3.0,4.0,25.0,2.0,2.0,0.0,0.32,,5.0,MF,,
John Yeboah,59,ECU,0.0,3.0,8.0,0.0,4.0,4.0,0.0,0.72,,3.0,FW,,
Laros Duarte,59,CPV,0.0,3.0,3.0,0.0,2.0,1.0,0.0,0.7,,1.0,MF,,
Evidence Makgopa,59,RSA,0.0,3.0,4.0,0.0,4.0,0.0,2.0,0.42,,0.0,FW,,
Tajon Buchanan,59,CAN,0.0,3.0,6.0,0.0,3.0,3.0,0.0,0.68,,1.0,FW,,
Oscar Bobb,59,NOR,0.0,3.0,4.0,0.0,4.0,0.0,0.0,0.62,,0.0,MF,,
Thapelo Maseko,62,RSA,0.0,1.0,8.0,13.0,4.0,4.0,0.0,0.47,,1.0,FW,,
Dodi Lukebakio,78,BEL,0.0,1.0,7.0,0.0,5.0,2.0,1.0,0.41,,0.0,FW,,
Son Heungmin,78,KOR,0.0,1.0,7.0,0.0,4.0,3.0,0.0,0.81,,3.0,FW,,
Kevin Rodriguez,91,ECU,1.0,1.0,6.0,0.0,6.0,0.0,2.0,0.68,,0.0,FW,,
Diego Gomez,91,PAR,0.0,0.0,6.0,0.0,2.0,4.0,0.0,0.25,,1.0,MF,,
Brian Gutierrez,91,MEX,0.0,0.0,6.0,0.0,3.0,3.0,0.0,0.35,,3.0,MF,,
Merih Demiral,91,TUR,0.0,2.0,6.0,0.0,3.0,3.0,2.0,0.24,,0.0,DF,,
Rafik Belghali,49,ALG,0.0,1.0,3.0,33.0,2.0,1.0,0.0,0.28,,0.0,DF,,
Ante Budimir,49,CRO,0.0,1.0,3.0,33.0,3.0,0.0,1.0,0.46,,0.0,FW,,
Neymar Jr,49,BRA,0.0,2.0,3.0,33.0,3.0,0.0,0.0,0.82,,5.0,FW,,
Abbosbek Fayzullaev,49,UZB,0.0,2.0,3.0,33.0,2.0,1.0,1.0,1.0,,5.0,MF,,
Alvaro Fidalgo,49,MEX,0.0,2.0,3.0,33.0,2.0,1.0,0.0,0.35,,0.0,MF,,
Amine Gouiri,49,ALG,0.0,2.0,3.0,33.0,2.0,1.0,0.0,0.62,,0.0,FW,,
Joao Neves,49,POR,0.0,1.0,3.0,33.0,3.0,0.0,2.0,0.25,,1.0,MF,,
Sasa Kalajdzic,49,AUT,0.0,1.0,3.0,33.0,2.0,1.0,2.0,0.39,,0.0,FW,,
Ezri Konsa,49,ENG,0.0,2.0,3.0,33.0,3.0,0.0,2.0,0.32,,0.0,DF,,
John Mcginn,49,SCO,0.0,1.0,3.0,33.0,3.0,0.0,0.0,0.56,,4.0,MF,,
Helio Varela,49,CPV,0.0,1.0,3.0,33.0,0.0,3.0,0.0,0.26,,0.0,MF,,
Auston Trusty,49,USA,0.0,2.0,3.0,33.0,3.0,0.0,1.0,0.27,,0.0,DF,,
Abdulelah Alamri,96,KSA,0.0,2.0,4.0,25.0,3.0,1.0,1.0,0.93,,0.0,DF,,
Agustin Canobbio,96,URU,0.0,1.0,4.0,25.0,4.0,0.0,1.0,0.75,,0.0,MF,,
Ricardo Pepi,59,USA,0.0,0.0,5.0,0.0,5.0,0.0,2.0,0.38,,0.0,FW,,
Alexander Sorloth,59,NOR,0.0,1.0,5.0,0.0,5.0,0.0,1.0,0.6,,0.0,FW,,
Denis Zakaria,59,SUI,0.0,2.0,5.0,0.0,5.0,0.0,1.0,0.61,,0.0,MF,,
Fiston Mayele,85,COD,0.0,1.0,5.0,20.0,4.0,1.0,1.0,0.72,,0.0,FW,,
Noni Madueke,85,ENG,0.0,1.0,6.0,0.0,4.0,2.0,0.0,0.61,,0.0,FW,,
Joao Felix,85,POR,0.0,1.0,6.0,0.0,4.0,2.0,1.0,0.62,,0.0,FW,,
Antonio Nusa,85,NOR,0.0,2.0,6.0,17.0,4.0,2.0,0.0,0.37,,0.0,FW,,
Jamal Musiala,85,GER,0.0,1.0,6.0,17.0,4.0,2.0,0.0,0.34,,0.0,MF,,
Leandro Paredes,38,ARG,0.0,1.0,4.0,0.0,0.0,4.0,0.0,0.07,,1.0,MF,,
Juan Quintero,38,COL,1.0,0.0,4.0,0.0,0.0,4.0,0.0,0.13,,6.0,MF,,
Aubrey Modiba,38,RSA,0.0,1.0,5.0,0.0,1.0,4.0,0.0,0.12,,2.0,DF,,
Pape Matar Sarr,38,SEN,0.0,0.0,4.0,0.0,0.0,4.0,0.0,0.23,,0.0,MF,,
Thalente Mbatha,38,RSA,0.0,1.0,4.0,0.0,0.0,4.0,0.0,0.11,,0.0,MF,,
Mbekezeli Mbokazi,38,RSA,0.0,1.0,4.0,0.0,0.0,4.0,0.0,0.06,,0.0,DF,,
Ayyoub Bouaddi,76,MAR,0.0,0.0,3.0,0.0,0.0,3.0,0.0,0.14,,0.0,MF,,
Antoine Semenyo,76,GHA,0.0,0.0,6.0,0.0,3.0,3.0,1.0,0.26,,0.0,MF,,
Teboho Mokoena,76,RSA,0.0,2.0,4.0,25.0,1.0,3.0,0.0,0.84,,0.0,MF,,
Relebohile Mofokeng,76,RSA,0.0,1.0,3.0,0.0,0.0,3.0,0.0,0.12,,1.0,FW,,
David Doudera,76,CZE,0.0,0.0,4.0,0.0,1.0,3.0,0.0,0.05,,0.0,DF,,
Pau Cubarsi,76,ESP,0.0,2.0,4.0,0.0,1.0,3.0,1.0,0.3,,0.0,DF,,
Sebastian Caceres,33,URU,0.0,0.0,3.0,0.0,2.0,1.0,2.0,0.13,,0.0,DF,,
Carlos Harvey,33,PAN,0.0,0.0,5.0,0.0,4.0,1.0,2.0,0.29,,0.0,DF,,
Alistair Johnston,33,CAN,0.0,2.0,5.0,0.0,4.0,1.0,2.0,0.18,,2.0,DF,,
Jonas Adjetey,33,GHA,0.0,1.0,2.0,0.0,2.0,0.0,2.0,0.1,,0.0,DF,,
Renato Veiga,33,POR,0.0,0.0,2.0,0.0,2.0,0.0,2.0,0.28,,0.0,DF,,
Dayot Upamecano,33,FRA,1.0,2.0,4.0,0.0,3.0,1.0,2.0,0.54,,0.0,DF,,
Igor Matanovic,33,CRO,0.0,2.0,4.0,0.0,3.0,1.0,2.0,0.12,,0.0,FW,,
Micky Van De Ven,33,NED,0.0,1.0,3.0,0.0,2.0,1.0,2.0,0.13,,0.0,DF,,
Kristoffer Ajer,33,NOR,0.0,1.0,2.0,0.0,2.0,0.0,2.0,0.2,,0.0,DF,,
Arthur Theate,33,BEL,0.0,1.0,5.0,0.0,3.0,2.0,2.0,0.25,,0.0,DF,,
Alessandro Circati,33,AUS,0.0,0.0,3.0,0.0,2.0,1.0,2.0,0.13,,0.0,DF,,
Victor Lindelof,33,SWE,0.0,0.0,2.0,0.0,2.0,0.0,2.0,0.26,,0.0,DF,,
Lawrence Shankland,33,SCO,0.0,0.0,4.0,0.0,4.0,0.0,2.0,0.35,,0.0,FW,,
Patrik Schick,33,CZE,0.0,1.0,2.0,0.0,2.0,0.0,2.0,0.27,,0.0,FW,,
Nico Elvedi,33,SUI,0.0,0.0,3.0,0.0,3.0,0.0,2.0,0.3,,0.0,DF,,
Leandro Bacuna,33,CUW,0.0,1.0,6.0,0.0,3.0,3.0,2.0,0.33,,1.0,MF,,
Jean Philippe Mateta,74,FRA,0.0,1.0,3.0,0.0,3.0,0.0,1.0,0.92,,0.0,FW,,
Jorgen Strand Larsen,80,NOR,0.0,1.0,2.0,0.0,2.0,0.0,0.0,0.85,,0.0,FW,,
Marcos Senesi,82,ARG,0.0,0.0,2.0,0.0,2.0,0.0,1.0,0.84,,0.0,DF,,
Rayan,89,BRA,1.0,2.0,5.0,0.0,3.0,2.0,1.0,0.76,,1.0,FW,,
Ibrahim Mbaye,62,SEN,0.0,1.0,4.0,25.0,4.0,0.0,0.0,0.29,,0.0,FW,,
Livano Comenencia,64,CUW,0.0,2.0,5.0,20.0,2.0,3.0,0.0,0.31,,0.0,MF,,
Rafael Leao,72,POR,1.0,1.0,4.0,25.0,3.0,1.0,0.0,0.33,,3.0,FW,,
Adam Arous,1,TUN,0.0,0.0,0.0,0.0,,,,0.0,0.0,0.0,df,0.0,0.0
Gabriel Avalos,1,PAR,0.0,0.0,0.0,0.0,,,,0.0,0.0,0.0,fw,0.0,0.0
Khalil Ayari,1,TUN,0.0,0.0,0.0,0.0,,,,0.0,0.0,0.0,mf,0.0,0.0
Oguz Aydin,1,TUR,0.0,0.0,0.0,0.0,,,,0.0,0.0,0.0,fw,0.0,0.0
Juninho Bacuna,1,CUW,0.0,0.0,1.0,0.0,,,,0.03,0.0,0.0,mf,0.0,0.0
Bae Junho,1,KOR,0.0,0.0,0.0,0.0,,,,0.0,0.0,0.0,mf,0.0,0.0
Esmir Bajraktarevic,1,BIH,0.0,0.0,0.0,0.0,,,,0.0,0.0,0.0,fw,0.0,0.0
Fabian Balbuena,1,PAR,0.0,0.0,0.0,0.0,,,,0.0,0.0,0.0,df,0.0,0.0
Abdulkerim Bardakci,1,TUR,0.0,0.0,1.0,0.0,,,,0.01,0.0,0.0,df,0.0,0.0
Meshaal Barsham,1,QAT,0.0,0.0,0.0,0.0,,,,0.0,0.0,0.0,gk,0.0,0.0
Oliver Baumann,1,GER,0.0,0.0,0.0,0.0,,,,0.0,0.0,0.0,gk,0.0,0.0
Altay Bayindir,1,TUR,0.0,0.0,0.0,0.0,,,,0.0,0.0,0.0,gk,0.0,0.0
Samed Bazdar,1,BIH,0.0,0.0,0.0,0.0,,,,0.0,0.0,0.0,fw,0.0,0.0
Riechedly Bazoer,1,CUW,0.0,0.0,0.0,0.0,,,,0.0,0.0,0.0,df,0.0,0.0
Patrick Beach,1,AUS,0.0,0.0,0.0,0.0,,,,0.0,0.0,0.0,gk,0.0,0.0
Alisson,1,BRA,0.0,0.0,0.0,0.0,,,,0.0,0.0,0.0,gk,0.0,0.0
Aziz Behich,1,AUS,0.0,0.0,0.0,0.0,,,,0.0,0.0,0.0,df,0.0,0.0
Maximilian Beier,1,GER,0.0,0.0,0.0,0.0,,,,0.0,0.0,0.0,fw,0.0,0.0
Youssef Belammari,1,MAR,0.0,0.0,0.0,0.0,,,,0.0,0.0,0.0,df,0.0,0.0
Mohamed Hadj Mahmoud,1,TUN,0.0,0.0,0.0,0.0,,,,0.0,0.0,0.0,mf,0.0,0.0
Mohamed Amine Ben Hmida,1,TUN,0.0,0.0,0.0,0.0,,,,0.0,0.0,0.0,df,0.0,0.0
Sabri Ben Hessen,1,TUN,0.0,0.0,0.0,0.0,,,,0.0,0.0,0.0,gk,0.0,0.0
Mortadha Ben Ouanes,1,TUN,0.0,0.0,0.0,0.0,,,,0.0,0.0,0.0,df,0.0,0.0
Anis Slimane,1,TUN,0.0,0.0,0.0,0.0,,,,0.0,0.0,0.0,mf,0.0,0.0
Alexander Bernhardsson,1,SWE,0.0,0.0,0.0,0.0,,,,0.0,0.0,0.0,df,0.0,0.0
Damian Bobadilla,1,PAR,0.0,0.0,0.0,0.0,,,,0.0,0.0,0.0,mf,0.0,0.0
Tyrick Bodak,1,CUW,0.0,0.0,0.0,0.0,,,,0.0,0.0,0.0,gk,0.0,0.0
Ange Yoan Bonny,1,CIV,0.0,0.0,0.0,0.0,,,,0.0,0.0,0.0,fw,0.0,0.0
Jovane Cabral,1,CPV,0.0,0.0,0.0,0.0,,,,0.0,0.0,0.0,mf,0.0,0.0
Jordan Bos,1,AUS,0.0,0.0,2.0,0.0,,,,0.14,0.0,0.0,df,0.0,0.0
Karim Boudiaf,1,QAT,0.0,0.0,1.0,0.0,,,,0.02,0.0,0.0,mf,0.0,0.0
Yassine Bounou,1,MAR,0.0,0.0,0.0,0.0,,,,0.0,0.0,0.0,gk,0.0,0.0
Chris Brady,1,USA,0.0,0.0,0.0,0.0,,,,0.0,0.0,0.0,gk,0.0,0.0
Joshua Brenet,1,CUW,0.0,0.0,0.0,0.0,,,,0.0,0.0,0.0,df,0.0,0.0
Dylan Bronn,1,TUN,0.0,0.0,0.0,0.0,,,,0.0,0.0,0.0,df,0.0,0.0
Cameron Burgess,1,AUS,0.0,0.0,0.0,0.0,,,,0.0,0.0,0.0,df,0.0,0.0
Dzenis Burnic,1,BIH,0.0,0.0,1.0,0.0,,,,0.02,0.0,0.0,mf,0.0,0.0
Gustavo Caballero,1,PAR,0.0,0.0,0.0,0.0,,,,0.0,0.0,0.0,mf,0.0,0.0
Jordan Ayew,50,GHA,0.0,0.0,0.0,0.0,0.0,0.0,0.0,0.0,,6.0,FW,,
Anis Hadj Moussa,54,ALG,0.0,1.0,2.0,0.0,2.0,0.0,0.0,0.15,,5.0,FW,,
Nathanael Mbuku,54,COD,0.0,2.0,3.0,0.0,0.0,3.0,0.0,0.13,,5.0,MF,,
El Hadji Malick Diouf,54,SEN,0.0,0.0,0.0,0.0,0.0,0.0,0.0,0.0,,5.0,DF,,
Zizo,70,EGY,0.0,1.0,3.0,0.0,2.0,1.0,0.0,0.14,,4.0,FW,,
Jamiro Monteiro,70,CPV,0.0,1.0,5.0,0.0,2.0,3.0,0.0,0.19,,4.0,MF,,
Cristian Martinez,70,PAN,0.0,0.0,1.0,0.0,1.0,0.0,0.0,0.24,,4.0,MF,,
Nicolas De La Cruz,70,URU,0.0,2.0,4.0,0.0,1.0,3.0,0.0,0.11,,4.0,MF,,
Aiden Oneill,70,AUS,0.0,0.0,2.0,0.0,1.0,1.0,0.0,0.07,,4.0,MF,,
Jesse Randall,84,NZL,0.0,0.0,1.0,0.0,0.0,1.0,0.0,0.01,,3.0,FW,,
Elliot Stroud,84,SWE,0.0,0.0,1.0,0.0,1.0,0.0,0.0,0.09,,3.0,DF,,
Benjamin Nygren,84,SWE,0.0,0.0,1.0,0.0,0.0,1.0,0.0,0.03,,3.0,MF,,
Nico Williams,84,ESP,1.0,2.0,4.0,0.0,2.0,2.0,1.0,0.56,,3.0,FW,,
Teun Koopmeiners,84,NED,0.0,0.0,2.0,0.0,2.0,0.0,1.0,0.11,,3.0,MF,,
Antonee Robinson,84,USA,0.0,0.0,0.0,0.0,0.0,0.0,0.0,0.0,,3.0,DF,,
Jose Luis Rodriguez,84,PAN,0.0,1.0,3.0,0.0,1.0,2.0,0.0,0.24,,3.0,MF,,
Edgar Yoel Barcenas,84,PAN,0.0,0.0,2.0,0.0,0.0,2.0,0.0,0.05,,3.0,MF,,
Timothy Castagne,37,BEL,1.0,1.0,3.0,0.0,2.0,1.0,1.0,0.14,,0.0,DF,,
Josip Stanisic,37,CRO,1.0,0.0,0.0,0.0,0.0,0.0,0.0,0.0,,0.0,DF,,
Thomas Meunier,37,BEL,1.0,1.0,2.0,0.0,1.0,1.0,0.0,0.11,,0.0,DF,,
Xaver Schlager,37,AUT,1.0,0.0,1.0,0.0,0.0,1.0,0.0,0.02,,0.0,MF,,
Morgan Rogers,37,ENG,1.0,1.0,3.0,0.0,1.0,2.0,0.0,0.13,,0.0,MF,,
Konrad Laimer,37,AUT,1.0,0.0,1.0,0.0,0.0,1.0,0.0,0.01,,0.0,MF,,
Memphis Depay,37,NED,1.0,0.0,0.0,0.0,0.0,0.0,0.0,0.0,,1.0,FW,,
David Moller Wolfe,37,NOR,1.0,0.0,0.0,0.0,0.0,0.0,0.0,0.0,,0.0,DF,,
Aurelien Tchouameni,37,FRA,1.0,0.0,3.0,0.0,1.0,2.0,0.0,0.11,,0.0,MF,,
Joao Cancelo,37,POR,1.0,0.0,3.0,0.0,1.0,2.0,0.0,0.06,,1.0,DF,,
Eberechi Eze,37,ENG,1.0,0.0,5.0,0.0,2.0,3.0,0.0,0.28,,1.0,MF,,
Pedro Neto,37,POR,1.0,0.0,1.0,0.0,0.0,1.0,0.0,0.0,,0.0,FW,,
Michael Gregoritsch,37,AUT,1.0,0.0,1.0,0.0,1.0,0.0,1.0,0.18,,0.0,FW,,
Christian Pulisic,37,USA,1.0,2.0,4.0,0.0,2.0,2.0,0.0,0.42,,1.0,FW,,
Gabriel Magalhaes,37,BRA,1.0,0.0,1.0,0.0,1.0,0.0,0.0,0.03,,0.0,DF,,
Pedro Vite,37,ECU,1.0,1.0,4.0,0.0,1.0,3.0,0.0,0.23,,2.0,MF,,
Rodrigo De Paul,37,ARG,1.0,1.0,2.0,0.0,0.0,2.0,0.0,0.06,,1.0,MF,,
Gonzalo Montiel,37,ARG,1.0,0.0,1.0,0.0,1.0,0.0,0.0,0.15,,0.0,DF,,
Facundo Medina,37,ARG,1.0,0.0,0.0,0.0,0.0,0.0,0.0,0.0,,0.0,DF,,
Jose Manuel Lopez,37,ARG,1.0,0.0,1.0,0.0,1.0,0.0,0.0,0.04,,0.0,FW,,
Donyell Malen,102,NED,0.0,2.0,4.0,0.0,2.0,2.0,1.0,0.22,,0.0,FW,,
Marco Pasalic,102,CRO,0.0,2.0,3.0,0.0,3.0,0.0,0.0,0.52,,1.0,FW,,
Djed Spence,102,ENG,0.0,2.0,2.0,0.0,1.0,1.0,0.0,0.71,,0.0,DF,,
Lukas Cerv,102,CZE,0.0,2.0,3.0,0.0,1.0,2.0,0.0,0.06,,0.0,MF,,
Sarpreet Singh,102,NZL,0.0,2.0,4.0,0.0,2.0,2.0,0.0,0.22,,0.0,MF,,
Tahith Chong,102,CUW,0.0,2.0,4.0,0.0,2.0,2.0,0.0,0.2,,0.0,MF,,
Thiago Almada,129,ARG,0.0,2.0,5.0,0.0,2.0,3.0,0.0,0.25,,0.0,FW,,
Richard Rios,129,COL,0.0,1.0,5.0,0.0,2.0,3.0,1.0,0.37,,0.0,MF,,
Jefferson Lerma,129,COL,0.0,1.0,5.0,0.0,2.0,3.0,0.0,0.24,,0.0,MF,,
Gilberto Mora,129,MEX,0.0,0.0,5.0,0.0,3.0,2.0,0.0,0.13,,2.0,MF,,
Amir Murillo,129,PAN,0.0,1.0,5.0,0.0,4.0,1.0,0.0,0.37,,0.0,DF,,
Lucas Paqueta,129,BRA,1.0,1.0,5.0,0.0,2.0,3.0,1.0,0.24,,1.0,MF,,
Franck Kessie,96,CIV,0.0,2.0,4.0,25.0,4.0,0.0,0.0,0.71,,1.0,MF,,
Ruben Providence,85,HAI,0.0,1.0,4.0,0.0,4.0,0.0,0.0,0.19,,1.0,FW,,
Mohamed Toure,85,AUS,0.0,1.0,4.0,0.0,4.0,0.0,1.0,0.26,,0.0,FW,,
Edin Dzeko,132,BIH,0.0,0.0,3.0,0.0,3.0,0.0,0.0,0.2,,0.0,FW,,
Can Uzun,132,TUR,0.0,1.0,4.0,0.0,3.0,1.0,0.0,0.39,,0.0,FW,,
Jackson Irvine,132,AUS,0.0,1.0,3.0,0.0,3.0,0.0,1.0,0.21,,0.0,MF,,
Ismail Yuksek,132,TUR,0.0,0.0,5.0,0.0,3.0,2.0,1.0,0.32,,0.0,MF,,
Luc De Fougerolles,132,CAN,0.0,1.0,3.0,0.0,3.0,0.0,1.0,0.17,,0.0,DF,,
Frantzdy Pierrot,132,HAI,0.0,1.0,3.0,0.0,3.0,0.0,1.0,0.25,,0.0,FW,,
Aleksandar Pavlovic,76,GER,0.0,1.0,4.0,0.0,1.0,3.0,0.0,0.37,,0.0,MF,,
Mario Pasalic,76,CRO,0.0,1.0,4.0,0.0,1.0,3.0,1.0,0.36,,0.0,MF,,
Samuel Moutoussamy,76,COD,0.0,0.0,3.0,0.0,0.0,3.0,0.0,0.13,,0.0,MF,,
Manuel Ugarte,76,URU,0.0,1.0,3.0,0.0,0.0,3.0,0.0,0.09,,0.0,MF,,
Ruben Neves,137,POR,0.0,0.0,2.0,0.0,0.0,2.0,0.0,0.03,,0.0,MF,,
Theo Hernandez,137,FRA,0.0,0.0,3.0,0.0,1.0,2.0,0.0,0.12,,0.0,DF,,
Jurien Gaari,101,CUW,0.0,0.0,2.0,0.0,1.0,1.0,1.0,0.11,,0.0,DF,,
Nikola Katic,101,BIH,0.0,0.0,2.0,0.0,1.0,1.0,1.0,0.08,,0.0,DF,,
Tarik Muharemovic,101,BIH,0.0,0.0,1.0,0.0,1.0,0.0,1.0,0.12,,0.0,DF,,
Liam Millar,101,CAN,0.0,0.0,1.0,0.0,1.0,0.0,1.0,0.04,,0.0,MF,,
Joao Paulo,101,CPV,0.0,0.0,2.0,0.0,1.0,1.0,1.0,0.08,,1.0,MF,,
Ime Okon,101,RSA,0.0,0.0,1.0,0.0,1.0,0.0,1.0,0.01,,0.0,DF,,
Pathe Ciss,101,SEN,0.0,1.0,2.0,0.0,1.0,1.0,1.0,0.2,,0.0,MF,,
Moise Bombito,101,CAN,0.0,1.0,1.0,0.0,1.0,0.0,1.0,0.2,,0.0,DF,,
Lyle Foster,101,RSA,0.0,0.0,1.0,0.0,1.0,0.0,1.0,0.07,,0.0,FW,,
Montassar Talbi,101,TUN,0.0,0.0,1.0,0.0,1.0,0.0,1.0,0.08,,0.0,DF,,
Evann Guessand,101,CIV,0.0,0.0,1.0,0.0,1.0,0.0,1.0,0.14,,0.0,FW,,
Mohanad Lashin,101,EGY,0.0,0.0,2.0,0.0,1.0,1.0,1.0,0.12,,0.0,MF,,
Ramy Rabia,101,EGY,0.0,1.0,1.0,0.0,1.0,0.0,1.0,0.1,,0.0,DF,,
Iqraam Rayners,101,RSA,0.0,0.0,1.0,0.0,1.0,0.0,1.0,0.11,,0.0,FW,,
Lee Jaesung,101,KOR,0.0,1.0,2.0,0.0,2.0,0.0,1.0,0.14,,0.0,MF,,
Shahriyar Moghanloo,101,IRN,0.0,0.0,3.0,0.0,2.0,1.0,1.0,0.51,,0.0,FW,,
Park Jinseob,101,KOR,0.0,1.0,1.0,0.0,1.0,0.0,1.0,0.24,,0.0,DF,,
Ali Azaizeh,101,JOR,0.0,0.0,2.0,0.0,1.0,1.0,1.0,0.06,,1.0,FW,,
Zaid Tahseen,101,IRQ,0.0,0.0,2.0,0.0,1.0,1.0,1.0,0.21,,0.0,DF,,
Kim Minjae,101,KOR,0.0,1.0,1.0,0.0,1.0,0.0,1.0,0.1,,0.0,DF,,
Ramy Bensebaini,101,ALG,0.0,0.0,2.0,0.0,1.0,1.0,1.0,0.04,,0.0,DF,,
Issa Laye,101,QAT,0.0,0.0,1.0,0.0,1.0,0.0,1.0,0.07,,0.0,DF,,
Deniz Gul,105,TUR,0.0,1.0,2.0,0.0,2.0,0.0,1.0,0.7,,0.0,FW,,
Endrick,111,BRA,0.0,0.0,3.0,0.0,2.0,1.0,0.0,0.68,,0.0,FW,,
Torbjorn Heggem,128,NOR,0.0,1.0,1.0,0.0,1.0,0.0,0.0,0.61,,0.0,DF,,
Carney Chukwuemeka,137,AUT,0.0,1.0,2.0,0.0,2.0,0.0,0.0,0.56,,0.0,MF,,
Juan Jose Caceres,1,PAR,0.0,0.0,0.0,0.0,,,,0.0,0.0,0.0,df,0.0,0.0
Jordy Caicedo,1,ECU,0.0,0.0,0.0,0.0,,,,0.0,0.0,0.0,fw,0.0,0.0
Ugurcan Cakir,1,TUR,0.0,0.0,0.0,0.0,,,,0.0,0.0,0.0,gk,0.0,0.0
Jose Canale,1,PAR,0.0,0.0,0.0,0.0,,,,0.0,0.0,0.0,df,0.0,0.0
Josue Casimir,1,HAI,0.0,0.0,1.0,0.0,,,,0.01,0.0,0.0,fw,0.0,0.0
Denil Castillo,1,ECU,0.0,0.0,0.0,0.0,,,,0.0,0.0,0.0,mf,0.0,0.0
Castrop Jens,1,KOR,0.0,0.0,0.0,0.0,,,,0.0,0.0,0.0,df,0.0,0.0
Zeki Celik,1,TUR,0.0,1.0,1.0,0.0,,,,0.1,0.0,1.0,df,0.0,0.0
Sipho Chaine,1,RSA,0.0,0.0,0.0,0.0,,,,0.0,0.0,0.0,gk,0.0,0.0
Stepan Chaloupek,1,CZE,0.0,0.0,0.0,0.0,,,,0.0,0.0,0.0,df,0.0,0.0
Mouhib Chamakh,1,TUN,0.0,0.0,0.0,0.0,,,,0.0,0.0,0.0,gk,0.0,0.0
Firas Chaouat,1,TUN,0.0,0.0,0.0,0.0,,,,0.0,0.0,0.0,fw,0.0,0.0
Luis Chavez,1,MEX,0.0,0.0,0.0,0.0,,,,0.0,0.0,0.0,mf,0.0,0.0
Raed Chikhaoui,1,TUN,0.0,0.0,0.0,0.0,,,,0.0,0.0,0.0,df,0.0,0.0
Cho Wije,1,KOR,0.0,0.0,0.0,0.0,,,,0.0,0.0,0.0,df,0.0,0.0
Mathieu Choiniere,1,CAN,0.0,0.0,0.0,0.0,,,,0.0,0.0,0.0,mf,0.0,0.0
Tomas Chory,1,CZE,0.0,0.0,0.0,0.0,,,,0.0,0.0,0.0,fw,0.0,0.0
Ryan Christie,1,SCO,0.0,0.0,0.0,0.0,,,,0.0,0.0,0.0,mf,0.0,0.0
Mojmir Chytil,1,CZE,0.0,0.0,0.0,0.0,,,,0.0,0.0,0.0,fw,0.0,0.0
Eray Coemert,1,SUI,0.0,0.0,0.0,0.0,,,,0.0,0.0,0.0,df,0.0,0.0
Pedro Miguel,1,QAT,0.0,0.0,0.0,0.0,,,,0.0,0.0,0.0,df,0.0,0.0
Maxime Crepeau,1,CAN,0.0,0.0,0.0,0.0,,,,0.0,0.0,0.0,gk,0.0,0.0
Bradley Cross,1,RSA,0.0,0.0,0.0,0.0,,,,0.0,0.0,0.0,df,0.0,0.0
Andres Cubas,1,PAR,0.0,0.0,0.0,0.0,,,,0.0,0.0,0.0,mf,0.0,0.0
Findlay Curtis,1,SCO,0.0,0.0,0.0,0.0,,,,0.0,0.0,0.0,fw,0.0,0.0
Danilo,1,BRA,0.0,0.0,0.0,0.0,,,,0.0,0.0,0.0,df,0.0,0.0
Aymen Dahmen,1,TUN,0.0,0.0,0.0,0.0,,,,0.0,0.0,0.0,gk,0.0,0.0
Vladimir Darida,1,CZE,0.0,0.0,0.0,0.0,,,,0.0,0.0,0.0,mf,0.0,0.0
Alphonso Davies,1,CAN,0.0,0.0,0.0,0.0,,,,0.0,0.0,0.0,df,0.0,0.0
Frenkie De Jong,1,NED,0.0,0.0,0.0,0.0,,,,0.0,0.0,0.0,mf,0.0,0.0
Marten De Roon,1,NED,0.0,0.0,0.0,0.0,,,,0.0,0.0,0.0,mf,0.0,0.0
Amar Dedic,1,BIH,0.0,0.0,0.0,0.0,,,,0.0,0.0,0.0,df,0.0,0.0
Milos Degenek,1,AUS,0.0,0.0,0.0,0.0,,,,0.0,0.0,0.0,df,0.0,0.0
Odeh Fakhoury,105,JOR,0.0,1.0,2.0,0.0,0.0,2.0,0.0,0.08,,2.0,FW,,
Mohannad Abutaha,105,JOR,0.0,0.0,1.0,0.0,0.0,1.0,0.0,0.04,,2.0,MF,,
Rayan Cherki,105,FRA,0.0,1.0,1.0,0.0,0.0,1.0,0.0,0.08,,2.0,MF,,
David Raum,105,GER,0.0,1.0,1.0,0.0,1.0,0.0,0.0,0.04,,2.0,DF,,
Dostonbek Khamdamov,105,UZB,0.0,0.0,2.0,0.0,1.0,1.0,1.0,0.08,,2.0,MF,,
Francis De Vries,105,NZL,0.0,0.0,0.0,0.0,0.0,0.0,0.0,0.0,,2.0,DF,,
Liberato Cacace,105,NZL,0.0,1.0,1.0,0.0,1.0,0.0,0.0,0.02,,2.0,DF,,
Eric Davis,105,PAN,0.0,0.0,1.0,0.0,0.0,1.0,0.0,0.0,,2.0,DF,,
Jean Michael Seri,105,CIV,0.0,0.0,0.0,0.0,0.0,0.0,0.0,0.0,,2.0,MF,,
Krepin Diatta,105,SEN,0.0,0.0,1.0,0.0,0.0,1.0,0.0,0.04,,2.0,DF,,
Abdul Fatawu,105,GHA,0.0,0.0,3.0,0.0,1.0,2.0,0.0,0.1,,2.0,FW,,
Bazoumana Toure,136,CIV,0.0,0.0,0.0,0.0,0.0,0.0,0.0,0.0,,1.0,FW,,
Ali Abdi,136,TUN,0.0,0.0,1.0,0.0,0.0,1.0,0.0,0.05,,1.0,DF,,
Elias Saad,136,TUN,0.0,0.0,1.0,0.0,0.0,1.0,0.0,0.06,,1.0,FW,,
Ismael Gharbi,136,TUN,0.0,0.0,3.0,0.0,2.0,1.0,0.0,0.26,,1.0,MF,,
Samir El Mourabet,136,MAR,0.0,0.0,0.0,0.0,0.0,0.0,0.0,0.0,,1.0,MF,,
Louicius Deedson,136,HAI,0.0,0.0,2.0,0.0,1.0,1.0,0.0,0.05,,1.0,FW,,
Telmo Arcanjo,136,CPV,0.0,0.0,0.0,0.0,0.0,0.0,0.0,0.0,,1.0,MF,,
Derrick Etienne,136,HAI,0.0,0.0,0.0,0.0,0.0,0.0,0.0,0.0,,1.0,FW,,
Jorge Sanchez,37,MEX,1.0,1.0,1.0,0.0,1.0,0.0,0.0,0.04,,0.0,DF,,
Erik Lira,37,MEX,1.0,0.0,0.0,0.0,0.0,0.0,0.0,0.0,,0.0,MF,,
David Alaba,37,AUT,1.0,0.0,2.0,0.0,0.0,2.0,0.0,0.02,,1.0,DF,,
Cucho Hernandez,37,COL,1.0,0.0,1.0,0.0,1.0,0.0,1.0,0.04,,0.0,FW,,
Matias Vina,167,URU,0.0,0.0,0.0,0.0,0.0,0.0,0.0,0.0,,0.0,DF,,
Ronald Araujo,167,URU,0.0,0.0,0.0,0.0,0.0,0.0,0.0,0.0,,0.0,DF,,
Kevin Castano,167,COL,0.0,0.0,0.0,0.0,0.0,0.0,0.0,0.0,,0.0,MF,,
Exequiel Palacios,167,ARG,0.0,0.0,0.0,0.0,0.0,0.0,0.0,0.0,,0.0,MF,,
Nicolas Tagliafico,167,ARG,0.0,0.0,0.0,0.0,0.0,0.0,0.0,0.0,,0.0,DF,,
Emiliano Martinez,167,ARG,0.0,0.0,0.0,0.0,0.0,0.0,0.0,0.0,,0.0,GK,,
Timothy Weah,167,USA,0.0,0.0,2.0,0.0,1.0,1.0,0.0,0.05,,0.0,FW,,
Antonio Sanabria,167,PAR,0.0,0.0,0.0,0.0,0.0,0.0,0.0,0.0,,0.0,FW,,
Miles Robinson,167,USA,0.0,0.0,1.0,0.0,1.0,0.0,1.0,0.06,,0.0,DF,,
Juan Portilla,167,COL,0.0,0.0,0.0,0.0,0.0,0.0,0.0,0.0,,0.0,MF,,
Fabinho,167,BRA,0.0,0.0,1.0,0.0,1.0,0.0,1.0,0.02,,0.0,MF,,
Fernando Muslera,167,URU,0.0,0.0,0.0,0.0,0.0,0.0,0.0,0.0,,0.0,GK,,
Sergio Rochet,167,URU,0.0,0.0,0.0,0.0,0.0,0.0,0.0,0.0,,0.0,GK,,
Danilo Santos,167,BRA,0.0,1.0,2.0,0.0,2.0,0.0,1.0,0.19,,0.0,MF,,
Juan Manuel Sanabria,167,URU,0.0,0.0,3.0,0.0,2.0,1.0,0.0,0.09,,0.0,MF,,
Cristian Roldan,167,USA,0.0,0.0,0.0,0.0,0.0,0.0,0.0,0.0,,0.0,MF,,
Giorgian De Arrascaeta,167,URU,0.0,0.0,0.0,0.0,0.0,0.0,0.0,0.0,,0.0,MF,,
Nahuel Molina,167,ARG,0.0,0.0,1.0,0.0,0.0,1.0,0.0,0.02,,0.0,DF,,
Fidel Escobar,167,PAN,0.0,0.0,0.0,0.0,0.0,0.0,0.0,0.0,,0.0,DF,,
Ramon Sosa,167,PAR,0.0,0.0,0.0,0.0,0.0,0.0,0.0,0.0,,0.0,MF,,
Yukinari Sugawara,102,JPN,0.0,2.0,2.0,0.0,1.0,1.0,0.0,0.09,,0.0,DF,,
Abdullah Alhamddan,102,KSA,0.0,2.0,2.0,0.0,1.0,1.0,0.0,0.2,,0.0,FW,,
Elye Wahi,102,CIV,0.0,2.0,3.0,0.0,3.0,0.0,0.0,0.48,,0.0,FW,,
Ayoub El Kaabi,102,MAR,0.0,2.0,3.0,0.0,3.0,0.0,0.0,0.31,,0.0,FW,,
Johan Mojica,102,COL,0.0,2.0,3.0,0.0,1.0,2.0,1.0,0.13,,0.0,DF,,
Tomas Rodriguez,192,PAN,0.0,1.0,1.0,0.0,0.0,1.0,0.0,0.06,,0.0,FW,,
Jesus Gallardo,175,MEX,0.0,0.0,4.0,0.0,2.0,2.0,0.0,0.12,,0.0,DF,,
Aaron Tshibola,179,COD,0.0,0.0,0.0,0.0,0.0,0.0,0.0,0.0,,0.0,MF,,
Achref Abada,179,ALG,0.0,0.0,0.0,0.0,0.0,0.0,0.0,0.0,,0.0,DF,,
Hamdy Fathy,179,EGY,0.0,0.0,0.0,0.0,0.0,0.0,0.0,0.0,,0.0,MF,,
Hossam Abdelmaguid,179,EGY,0.0,0.0,0.0,0.0,0.0,0.0,0.0,0.0,,0.0,DF,,
Saud Abdulhamid,179,KSA,0.0,0.0,2.0,0.0,0.0,2.0,0.0,0.11,,0.0,DF,,
Abdulla Abdullaev,179,UZB,0.0,0.0,0.0,0.0,0.0,0.0,0.0,0.0,,0.0,DF,,
Mohammed Abu Alshamat,179,KSA,0.0,1.0,1.0,0.0,1.0,0.0,0.0,0.02,,0.0,DF,,
Mohammad Abuzraiq,179,JOR,0.0,0.0,0.0,0.0,0.0,0.0,0.0,0.0,,0.0,FW,,
Mohammad Abualnadi,179,JOR,0.0,0.0,0.0,0.0,0.0,0.0,0.0,0.0,,0.0,DF,,
Husam Abudahab,179,JOR,0.0,0.0,0.0,0.0,0.0,0.0,0.0,0.0,,0.0,DF,,
Mohammad Abuhasheesh,179,JOR,0.0,0.0,0.0,0.0,0.0,0.0,0.0,0.0,,0.0,DF,,
Yazeed Abulaila,179,JOR,0.0,0.0,0.0,0.0,0.0,0.0,0.0,0.0,,0.0,GK,,
Ghislain Konan,132,CIV,0.0,0.0,4.0,0.0,3.0,1.0,0.0,0.28,,0.0,DF,,
Jeremy Doku,132,BEL,0.0,1.0,3.0,0.0,3.0,0.0,0.0,0.14,,0.0,FW,,
Stefan Posch,132,AUT,0.0,0.0,3.0,0.0,3.0,0.0,1.0,0.4,,0.0,DF,,
Amar Memic,199,BIH,0.0,1.0,3.0,0.0,2.0,1.0,0.0,0.19,,0.0,MF,,
Amadou Onana,137,BEL,0.0,0.0,2.0,0.0,0.0,2.0,0.0,0.07,,0.0,MF,,
Lucas Digne,137,FRA,0.0,1.0,2.0,0.0,0.0,2.0,0.0,0.03,,0.0,DF,,
Thomas Partey,137,GHA,0.0,0.0,2.0,0.0,0.0,2.0,0.0,0.09,,0.0,MF,,
Inaki Williams,137,GHA,0.0,0.0,3.0,0.0,1.0,2.0,0.0,0.06,,0.0,FW,,
Ben Gannon Doak,137,SCO,0.0,0.0,4.0,0.0,2.0,2.0,0.0,0.14,,0.0,FW,,
Ardon Jashari,137,SUI,0.0,0.0,2.0,0.0,0.0,2.0,0.0,0.03,,0.0,MF,,
Pavel Sulc,137,CZE,0.0,0.0,2.0,0.0,0.0,2.0,0.0,0.03,,0.0,FW,,
Behruzjon Karimov,137,UZB,0.0,0.0,2.0,0.0,0.0,2.0,0.0,0.03,,0.0,DF,,
Marko Stamenic,137,NZL,0.0,0.0,3.0,0.0,1.0,2.0,0.0,0.09,,0.0,MF,,
Otabek Shukurov,137,UZB,0.0,0.0,2.0,0.0,0.0,2.0,0.0,0.08,,0.0,MF,,
Steve Kapuadi,101,COD,0.0,0.0,1.0,0.0,1.0,0.0,1.0,0.08,,0.0,DF,,
Cedric Bakambu,101,COD,0.0,0.0,3.0,0.0,1.0,2.0,1.0,0.24,,0.0,FW,,
Joel Ordonez,101,ECU,0.0,0.0,2.0,0.0,2.0,0.0,1.0,0.26,,0.0,DF,,
Nicolas Otamendi,101,ARG,0.0,0.0,1.0,0.0,1.0,0.0,1.0,0.07,,0.0,DF,,
Darwin Nunez,101,URU,0.0,0.0,2.0,0.0,1.0,1.0,1.0,0.2,,0.0,FW,,
Willian Pacho,101,ECU,0.0,1.0,1.0,0.0,1.0,0.0,1.0,0.11,,0.0,DF,,
Yaimar Medina,101,ECU,0.0,0.0,1.0,0.0,1.0,0.0,1.0,0.04,,0.0,DF,,
Israel Reyes,101,MEX,0.0,0.0,2.0,0.0,2.0,0.0,1.0,0.06,,0.0,DF,,
Jose Fajardo,101,PAN,0.0,0.0,1.0,0.0,1.0,0.0,1.0,0.25,,0.0,FW,,
Johan Vasquez,101,MEX,0.0,0.0,1.0,0.0,1.0,0.0,1.0,0.22,,0.0,DF,,
Mathias Olivera,101,URU,0.0,0.0,1.0,0.0,1.0,0.0,1.0,0.05,,0.0,DF,,
Jhon Cordoba,101,COL,0.0,1.0,2.0,0.0,2.0,0.0,1.0,0.32,,0.0,FW,,
Cesar Montes,101,MEX,0.0,1.0,1.0,0.0,1.0,0.0,1.0,0.06,,0.0,DF,,
Igor Thiago,101,BRA,0.0,1.0,2.0,0.0,2.0,0.0,1.0,0.4,,0.0,FW,,
Chris Richards,101,USA,0.0,0.0,1.0,0.0,1.0,0.0,1.0,0.06,,0.0,DF,,
Tyler Bindon,101,NZL,0.0,1.0,2.0,0.0,2.0,0.0,1.0,0.33,,0.0,DF,,
Ibrahim Bayesh,169,IRQ,0.0,0.0,1.0,0.0,1.0,0.0,0.0,0.45,,0.0,MF,,
Alan Minda,170,ECU,0.0,0.0,2.0,0.0,1.0,1.0,0.0,0.44,,0.0,MF,,
Hannes Delcroix,1,HAI,0.0,0.0,0.0,0.0,,,,0.0,0.0,0.0,df,0.0,0.0
Sergino Dest,1,USA,0.0,0.0,0.0,0.0,,,,0.0,0.0,0.0,df,0.0,0.0
Cameron Devlin,1,AUS,0.0,0.0,0.0,0.0,,,,0.0,0.0,0.0,mf,0.0,0.0
Oumar Diakite,1,CIV,0.0,0.0,0.0,0.0,,,,0.0,0.0,0.0,fw,0.0,0.0
Ousmane Diomande,1,CIV,0.0,0.0,0.0,0.0,,,,0.0,0.0,0.0,df,0.0,0.0
Trevor Doornbusch,1,CUW,0.0,0.0,0.0,0.0,,,,0.0,0.0,0.0,gk,0.0,0.0
Douglas Santos,1,BRA,0.0,0.0,0.0,0.0,,,,0.0,0.0,0.0,df,0.0,0.0
Ederson Silva,1,BRA,0.0,0.0,0.0,0.0,,,,0.0,0.0,0.0,mf,0.0,0.0
Guela Doue,1,CIV,0.0,0.0,0.0,0.0,,,,0.0,0.0,0.0,df,0.0,0.0
Josue Duverger,1,HAI,0.0,0.0,0.0,0.0,,,,0.0,0.0,0.0,gk,0.0,0.0
Lyndon Dykes,1,SCO,0.0,0.0,0.0,0.0,,,,0.0,0.0,0.0,fw,0.0,0.0
Hjalmar Ekdal,1,SWE,0.0,0.0,0.0,0.0,,,,0.0,0.0,0.0,df,0.0,0.0
Munir El Kajoui,1,MAR,0.0,0.0,0.0,0.0,,,,0.0,0.0,0.0,gk,0.0,0.0
Zakaria El Ouahdi,1,MAR,0.0,0.0,0.0,0.0,,,,0.0,0.0,0.0,df,0.0,0.0
Rayan Elloumi,1,TUN,0.0,0.0,0.0,0.0,,,,0.0,0.0,0.0,fw,0.0,0.0
Eren Elmali,1,TUR,0.0,0.0,0.0,0.0,,,,0.0,0.0,0.0,df,0.0,0.0
Eom Jisung,1,KOR,0.0,0.0,0.0,0.0,,,,0.0,0.0,0.0,mf,0.0,0.0
Pervis Estupinan,1,ECU,0.0,0.0,0.0,0.0,,,,0.0,0.0,0.0,df,0.0,0.0
Vozinha,1,CPV,0.0,0.0,0.0,0.0,,,,0.0,0.0,0.0,gk,0.0,0.0
Martin Experience,1,HAI,0.0,0.0,1.0,0.0,,,,0.01,0.0,0.0,df,0.0,0.0
Christian Fassnacht,1,SUI,0.0,0.0,0.0,0.0,,,,0.0,0.0,0.0,fw,0.0,0.0
Kevin Felida,1,CUW,0.0,0.0,0.0,0.0,,,,0.0,0.0,0.0,mf,0.0,0.0
Benjamin Tahirovic,136,BIH,0.0,0.0,1.0,0.0,0.0,1.0,0.0,0.01,,1.0,MF,,
Theo Bongonda,136,COD,0.0,0.0,1.0,0.0,1.0,0.0,0.0,0.04,,1.0,MF,,
Mehdi Ghayedi,136,IRN,0.0,0.0,1.0,0.0,0.0,1.0,0.0,0.05,,1.0,FW,,
Mahmoud Almardi,136,JOR,0.0,1.0,1.0,0.0,1.0,0.0,0.0,0.02,,1.0,FW,,
Zidane Iqbal,136,IRQ,0.0,0.0,0.0,0.0,0.0,0.0,0.0,0.0,,1.0,MF,,
Bernardo Silva,136,POR,0.0,0.0,1.0,0.0,1.0,0.0,1.0,0.22,,1.0,MF,,
Francisco Trincao,136,POR,0.0,0.0,1.0,0.0,1.0,0.0,0.0,0.11,,1.0,FW,,
Jordan Henderson,136,ENG,0.0,0.0,0.0,0.0,0.0,0.0,0.0,0.0,,1.0,MF,,
Dominique Simon,136,HAI,0.0,1.0,1.0,0.0,0.0,1.0,0.0,0.01,,1.0,MF,,
Daniel Svensson,136,SWE,0.0,0.0,1.0,0.0,0.0,1.0,0.0,0.01,,1.0,DF,,
Amir Hadziahmetovic,136,BIH,0.0,0.0,0.0,0.0,0.0,0.0,0.0,0.0,,1.0,MF,,
Jamshid Iskanderov,136,UZB,0.0,0.0,0.0,0.0,0.0,0.0,0.0,0.0,,1.0,MF,,
Ajdin Hrustic,136,AUS,0.0,0.0,3.0,0.0,2.0,1.0,0.0,0.11,,1.0,FW,,
Azizjon Ganiev,136,UZB,0.0,0.0,1.0,0.0,0.0,1.0,0.0,0.01,,1.0,MF,,
Gabriel Gudmundsson,136,SWE,0.0,0.0,0.0,0.0,0.0,0.0,0.0,0.0,,1.0,DF,,
Joe Bell,200,NZL,0.0,0.0,1.0,0.0,0.0,1.0,0.0,0.01,,0.0,MF,,
Gaston Olveira,167,PAR,0.0,0.0,0.0,0.0,0.0,0.0,0.0,0.0,,0.0,GK,,
Bremer,167,BRA,0.0,0.0,0.0,0.0,0.0,0.0,0.0,0.0,,0.0,DF,,
Gonzalo Valle,167,ECU,0.0,0.0,0.0,0.0,0.0,0.0,0.0,0.0,,0.0,GK,,
Rodrigo Aguirre,167,URU,0.0,0.0,0.0,0.0,0.0,0.0,0.0,0.0,,0.0,FW,,
Felix Torres,167,ECU,0.0,0.0,0.0,0.0,0.0,0.0,0.0,0.0,,0.0,DF,,
Cesar Huerta,167,MEX,0.0,0.0,0.0,0.0,0.0,0.0,0.0,0.0,,0.0,FW,,
Alex Sandro,167,BRA,0.0,0.0,0.0,0.0,0.0,0.0,0.0,0.0,,0.0,DF,,
Roger Ibanez,167,BRA,0.0,0.0,0.0,0.0,0.0,0.0,0.0,0.0,,0.0,DF,,
Santiago Gimenez,167,MEX,0.0,1.0,2.0,0.0,2.0,0.0,0.0,0.34,,0.0,FW,,
Joe Scally,167,USA,0.0,0.0,0.0,0.0,0.0,0.0,0.0,0.0,,0.0,DF,,
Angelo Preciado,167,ECU,0.0,0.0,0.0,0.0,0.0,0.0,0.0,0.0,,0.0,DF,,
Jose Cordoba,167,PAN,0.0,0.0,0.0,0.0,0.0,0.0,0.0,0.0,,0.0,DF,,
Alex Zendejas,167,USA,0.0,0.0,1.0,0.0,1.0,0.0,0.0,0.0,,0.0,FW,,
Raul Rangel,167,MEX,0.0,0.0,0.0,0.0,0.0,0.0,0.0,0.0,,0.0,GK,,
Giuliano Simeone,167,ARG,0.0,0.0,1.0,0.0,1.0,0.0,0.0,0.05,,0.0,FW,,
Orlando Gill,167,PAR,0.0,0.0,0.0,0.0,0.0,0.0,0.0,0.0,,0.0,GK,,
Moises Ramirez,167,ECU,0.0,0.0,0.0,0.0,0.0,0.0,0.0,0.0,,0.0,GK,,
Isidro Pitta,167,PAR,0.0,0.0,0.0,0.0,0.0,0.0,0.0,0.0,,0.0,FW,,
Guillermo Varela,167,URU,0.0,0.0,2.0,0.0,0.0,2.0,0.0,0.01,,0.0,DF,,
Cecilio Waterman,167,PAN,0.0,1.0,2.0,0.0,2.0,0.0,0.0,0.05,,0.0,FW,,
Obed Vargas,167,MEX,0.0,1.0,1.0,0.0,0.0,1.0,0.0,0.02,,0.0,MF,,
Santiago Mele,167,URU,0.0,0.0,0.0,0.0,0.0,0.0,0.0,0.0,,0.0,GK,,
Cesar Blackman,192,PAN,0.0,1.0,2.0,0.0,2.0,0.0,0.0,0.08,,0.0,DF,,
Sontje Hansen,192,CUW,0.0,1.0,1.0,0.0,0.0,1.0,0.0,0.03,,0.0,FW,,
Anthony Ralston,192,SCO,0.0,1.0,1.0,0.0,1.0,0.0,0.0,0.02,,0.0,DF,,
Kristian Thorstvedt,192,NOR,0.0,1.0,3.0,0.0,2.0,1.0,0.0,0.17,,0.0,MF,,
Saman Ghoddos,175,IRN,0.0,0.0,4.0,0.0,2.0,2.0,0.0,0.16,,0.0,MF,,
Denis Visinsky,241,CZE,0.0,0.0,3.0,0.0,2.0,1.0,0.0,0.26,,0.0,FW,,
Rebin Sulaka,179,IRQ,0.0,0.0,1.0,0.0,1.0,0.0,0.0,0.07,,0.0,DF,,
Prince Adu,179,GHA,0.0,0.0,1.0,0.0,1.0,0.0,0.0,0.25,,0.0,FW,,
David Affengruber,179,AUT,0.0,0.0,0.0,0.0,0.0,0.0,0.0,0.0,,0.0,DF,,
Ahmed Qasem,179,IRQ,0.0,0.0,0.0,0.0,0.0,0.0,0.0,0.0,,0.0,FW,,
Aiman Yahya,179,KSA,0.0,0.0,0.0,0.0,0.0,0.0,0.0,0.0,,0.0,FW,,
Mohamed Abdelmoneim,179,EGY,0.0,0.0,0.0,0.0,0.0,0.0,0.0,0.0,,0.0,DF,,
Mohamed Alaa,179,EGY,0.0,0.0,0.0,0.0,0.0,0.0,0.0,0.0,,0.0,GK,,
Rayan Ait Nouri,179,ALG,0.0,0.0,1.0,0.0,1.0,0.0,0.0,0.02,,0.0,DF,,
Maghnes Akliouche,179,FRA,0.0,0.0,0.0,0.0,0.0,0.0,0.0,0.0,,0.0,MF,,
Ahmed Maknazi,179,IRQ,0.0,0.0,0.0,0.0,0.0,0.0,0.0,0.0,,0.0,DF,,
Zaid Ismael,179,IRQ,0.0,0.0,0.0,0.0,0.0,0.0,0.0,0.0,,0.0,MF,,
Ahmed Basil,179,IRQ,0.0,0.0,0.0,0.0,0.0,0.0,0.0,0.0,,0.0,GK,,
Mustafa Saadoon,179,IRQ,0.0,0.0,0.0,0.0,0.0,0.0,0.0,0.0,,0.0,DF,,
Mohanad Ali,179,IRQ,0.0,0.0,0.0,0.0,0.0,0.0,0.0,0.0,,0.0,FW,,
Munaf Younus,179,IRQ,0.0,0.0,0.0,0.0,0.0,0.0,0.0,0.0,,0.0,DF,,
Nawaf Alaqidi,179,KSA,0.0,0.0,0.0,0.0,0.0,0.0,0.0,0.0,,0.0,GK,,
Yazan Alarab,179,JOR,0.0,0.0,0.0,0.0,0.0,0.0,0.0,0.0,,0.0,DF,,
Feras Albrikan,179,KSA,0.0,0.0,0.0,0.0,0.0,0.0,0.0,0.0,,0.0,FW,,
Mohammad Aldaoud,179,JOR,0.0,0.0,0.0,0.0,0.0,0.0,0.0,0.0,,0.0,MF,,
Nasser Aldawsari,179,KSA,0.0,0.0,1.0,0.0,0.0,1.0,0.0,0.01,,0.0,MF,,
Salem Aldawsari,179,KSA,0.0,1.0,3.0,0.0,1.0,2.0,0.0,0.08,,0.0,FW,,
Abdallah Alfakhori,179,JOR,0.0,0.0,0.0,0.0,0.0,0.0,0.0,0.0,,0.0,GK,,
Khalid Alghannam,179,KSA,0.0,0.0,0.0,0.0,0.0,0.0,0.0,0.0,,0.0,FW,,
Willy Semedo,199,CPV,0.0,0.0,3.0,0.0,2.0,1.0,0.0,0.06,,0.0,MF,,
Adam Hlozek,199,CZE,0.0,1.0,3.0,0.0,2.0,1.0,0.0,0.31,,0.0,FW,,
Edo Kayembe,137,COD,0.0,1.0,2.0,0.0,0.0,2.0,0.0,0.1,,0.0,MF,,
Ao Tanaka,137,JPN,0.0,0.0,2.0,0.0,0.0,2.0,0.0,0.16,,0.0,MF,,
Boualem Khoukhi,137,QAT,0.0,0.0,2.0,0.0,0.0,2.0,0.0,0.07,,0.0,DF,,
Jaouen Hadjam,240,ALG,0.0,0.0,1.0,0.0,0.0,1.0,0.0,0.02,,0.0,DF,,
Joris Kayembe,240,COD,0.0,0.0,1.0,0.0,0.0,1.0,0.0,0.0,,0.0,DF,,
Kim Jingyu,240,KOR,0.0,0.0,1.0,0.0,0.0,1.0,0.0,0.01,,0.0,MF,,
Seol Youngwoo,240,KOR,0.0,0.0,2.0,0.0,1.0,1.0,0.0,0.03,,0.0,DF,,
Ehsan Hajisafi,240,IRN,0.0,0.0,1.0,0.0,0.0,1.0,0.0,0.08,,0.0,DF,,
Hwang Heechan,240,KOR,0.0,0.0,1.0,0.0,0.0,1.0,0.0,0.01,,0.0,MF,,
Harry Souttar,101,AUS,0.0,1.0,1.0,0.0,1.0,0.0,1.0,0.05,,0.0,DF,,
Jaroslav Zeleny,101,CZE,0.0,0.0,1.0,0.0,1.0,0.0,1.0,0.02,,0.0,DF,,
Gustaf Nilsson,101,SWE,0.0,0.0,1.0,0.0,1.0,0.0,1.0,0.01,,0.0,FW,,
Kevin Danso,101,AUT,0.0,0.0,1.0,0.0,1.0,0.0,1.0,0.06,,0.0,DF,,
Jules Kounde,101,FRA,0.0,0.0,2.0,0.0,2.0,0.0,1.0,0.06,,0.0,DF,,
Patrick Wimmer,101,AUT,0.0,0.0,1.0,0.0,1.0,0.0,1.0,0.12,,0.0,FW,,
William Saliba,101,FRA,0.0,0.0,1.0,0.0,1.0,0.0,1.0,0.06,,0.0,DF,,
Marin Pongracic,101,CRO,0.0,0.0,1.0,0.0,1.0,0.0,1.0,0.05,,0.0,DF,,
Ivan Toney,101,ENG,0.0,1.0,2.0,0.0,2.0,0.0,1.0,0.06,,0.0,FW,,
Paul Wanner,101,AUT,0.0,0.0,1.0,0.0,1.0,0.0,1.0,0.08,,0.0,MF,,
Marc Guehi,101,ENG,0.0,0.0,1.0,0.0,1.0,0.0,1.0,0.15,,0.0,DF,,
John Stones,101,ENG,0.0,0.0,1.0,0.0,1.0,0.0,1.0,0.07,,0.0,DF,,
Leon Goretzka,101,GER,0.0,0.0,2.0,0.0,2.0,0.0,1.0,0.19,,0.0,MF,,
Jonathan Tah,101,GER,0.0,1.0,1.0,0.0,1.0,0.0,1.0,0.03,,0.0,DF,,
Richie Laryea,211,CAN,0.0,1.0,2.0,0.0,1.0,1.0,0.0,0.34,,0.0,DF,,
Lenny Joseph,213,HAI,0.0,0.0,2.0,0.0,2.0,0.0,0.0,0.33,,0.0,FW,,
Gatito Fernandez,1,PAR,0.0,0.0,0.0,0.0,,,,0.0,0.0,0.0,gk,0.0,0.0
Mark Flekken,1,NED,0.0,0.0,0.0,0.0,,,,0.0,0.0,0.0,gk,0.0,0.0
Tyler Fletcher,1,SCO,0.0,0.0,0.0,0.0,,,,0.0,0.0,0.0,mf,0.0,0.0
Sherel Floranus,1,CUW,0.0,0.0,0.0,0.0,,,,0.0,0.0,0.0,df,0.0,0.0
Yahia Fofana,1,CIV,0.0,0.0,0.0,0.0,,,,0.0,0.0,0.0,gk,0.0,0.0
Deveron Fonville,1,CUW,0.0,0.0,0.0,0.0,,,,0.0,0.0,0.0,df,0.0,0.0
Yassin Fortune,1,HAI,0.0,0.0,0.0,0.0,,,,0.0,0.0,0.0,fw,0.0,0.0
Alan Franco,1,ECU,0.0,0.0,0.0,0.0,,,,0.0,0.0,0.0,mf,0.0,0.0
Matt Freese,1,USA,0.0,0.0,0.0,0.0,,,,0.0,0.0,0.0,gk,0.0,0.0
Remo Freuler,1,SUI,0.0,0.0,0.0,0.0,,,,0.0,0.0,0.0,mf,0.0,0.0
Hernan Galindez,1,ECU,0.0,0.0,0.0,0.0,,,,0.0,0.0,0.0,gk,0.0,0.0
Lutsharel Geertruida,1,NED,0.0,0.0,0.0,0.0,,,,0.0,0.0,0.0,df,0.0,0.0
Jason Geria,1,AUS,0.0,0.0,0.0,0.0,,,,0.0,0.0,0.0,df,0.0,0.0
Armin Gigovic,1,BIH,0.0,0.0,0.0,0.0,,,,0.0,0.0,0.0,mf,0.0,0.0
Armando Gonzalez,1,MEX,0.0,0.0,0.0,0.0,,,,0.0,0.0,0.0,fw,0.0,0.0
Owen Goodman,1,CAN,0.0,0.0,0.0,0.0,,,,0.0,0.0,0.0,gk,0.0,0.0
Craig Gordon,1,SCO,0.0,0.0,0.0,0.0,,,,0.0,0.0,0.0,gk,0.0,0.0
Kenji Gorre,1,CUW,0.0,0.0,0.0,0.0,,,,0.0,0.0,0.0,fw,0.0,0.0
Ricardo Goss,1,RSA,0.0,0.0,0.0,0.0,,,,0.0,0.0,0.0,gk,0.0,0.0
Keisuke Goto,1,JPN,0.0,0.0,0.0,0.0,,,,0.0,0.0,0.0,fw,0.0,0.0
Pascal Gross,1,GER,0.0,0.0,0.0,0.0,,,,0.0,0.0,0.0,mf,0.0,0.0
Parfait Guiagon,1,CIV,0.0,0.0,0.0,0.0,,,,0.0,0.0,0.0,mf,0.0,0.0
Angus Gunn,1,SCO,0.0,0.0,0.0,0.0,,,,0.0,0.0,0.0,gk,0.0,0.0
Mert Gunok,1,TUR,0.0,0.0,0.0,0.0,,,,0.0,0.0,0.0,gk,0.0,0.0
Martin Zubimendi,200,ESP,0.0,0.0,0.0,0.0,0.0,0.0,0.0,0.0,,0.0,MF,,
Miro Muheim,200,SUI,0.0,0.0,0.0,0.0,0.0,0.0,0.0,0.0,,0.0,DF,,
Lukas Provod,200,CZE,0.0,0.0,1.0,0.0,0.0,1.0,0.0,0.05,,0.0,MF,,
Tomas Soucek,200,CZE,0.0,0.0,1.0,0.0,1.0,0.0,0.0,0.12,,0.0,MF,,
Matej Kovar,200,CZE,0.0,0.0,0.0,0.0,0.0,0.0,0.0,0.0,,0.0,GK,,
Ryan Thomas,200,NZL,0.0,0.0,0.0,0.0,0.0,0.0,0.0,0.0,,0.0,MF,,
Yeremy Pino,200,ESP,0.0,0.0,0.0,0.0,0.0,0.0,0.0,0.0,,0.0,FW,,
Azizbek Amonov,200,UZB,0.0,0.0,1.0,0.0,0.0,1.0,0.0,0.01,,0.0,FW,,
Igor Sergeev,200,UZB,0.0,0.0,0.0,0.0,0.0,0.0,0.0,0.0,,0.0,FW,,
Kenny Mclean,200,SCO,0.0,0.0,1.0,0.0,0.0,1.0,0.0,0.01,,0.0,MF,,
John Souttar,200,SCO,0.0,0.0,0.0,0.0,0.0,0.0,0.0,0.0,,0.0,DF,,
Alex Paulsen,200,NZL,0.0,0.0,0.0,0.0,0.0,0.0,0.0,0.0,,0.0,GK,,
Gregor Kobel,200,SUI,0.0,0.0,0.0,0.0,0.0,0.0,0.0,0.0,,0.0,GK,,
Umar Eshmurodov,200,UZB,0.0,0.0,0.0,0.0,0.0,0.0,0.0,0.0,,0.0,DF,,
Odiljon Xamrobekov,200,UZB,0.0,0.0,1.0,0.0,1.0,0.0,0.0,0.16,,0.0,MF,,
Nathan Patterson,200,SCO,0.0,0.0,0.0,0.0,0.0,0.0,0.0,0.0,,0.0,DF,,
Besfort Zeneli,200,SWE,0.0,1.0,1.0,0.0,0.0,1.0,0.0,0.01,,0.0,MF,,
Marc Pubill,200,ESP,0.0,0.0,0.0,0.0,0.0,0.0,0.0,0.0,,0.0,DF,,
David Raya,200,ESP,0.0,0.0,0.0,0.0,0.0,0.0,0.0,0.0,,0.0,GK,,
Silvan Widmer,200,SUI,0.0,0.0,0.0,0.0,0.0,0.0,0.0,0.0,,0.0,DF,,
Jacob Italiano,200,AUS,0.0,0.0,1.0,0.0,0.0,1.0,0.0,0.03,,0.0,DF,,
Ken Sema,200,SWE,0.0,0.0,1.0,0.0,1.0,0.0,0.0,0.06,,0.0,MF,,
Isak Hien,200,SWE,0.0,0.0,0.0,0.0,0.0,0.0,0.0,0.0,,0.0,DF,,
Liam Kelly,200,SCO,0.0,0.0,0.0,0.0,0.0,0.0,0.0,0.0,,0.0,GK,,
Alexis Vega,167,MEX,0.0,0.0,0.0,0.0,0.0,0.0,0.0,0.0,,0.0,FW,,
Valentin Barco,167,ARG,0.0,0.0,0.0,0.0,0.0,0.0,0.0,0.0,,0.0,MF,,
Jorge Gutierrez,167,PAN,0.0,0.0,0.0,0.0,0.0,0.0,0.0,0.0,,0.0,DF,,
Camilo Vargas,167,COL,0.0,0.0,0.0,0.0,0.0,0.0,0.0,0.0,,0.0,GK,,
Joaquin Piquerez,167,URU,0.0,0.0,0.0,0.0,0.0,0.0,0.0,0.0,,0.0,MF,,
Gustavo Velazquez,167,PAR,0.0,0.0,0.0,0.0,0.0,0.0,0.0,0.0,,0.0,DF,,
Andres Andrade,167,PAN,0.0,0.0,0.0,0.0,0.0,0.0,0.0,0.0,,0.0,DF,,
Facundo Pellistri,167,URU,0.0,0.0,0.0,0.0,0.0,0.0,0.0,0.0,,0.0,FW,,
Mark Mckenzie,167,USA,0.0,0.0,0.0,0.0,0.0,0.0,0.0,0.0,,0.0,DF,,
Guillermo Ochoa,167,MEX,0.0,0.0,0.0,0.0,0.0,0.0,0.0,0.0,,0.0,GK,,
Orlando Mosquera,167,PAN,0.0,0.0,0.0,0.0,0.0,0.0,0.0,0.0,,0.0,GK,,
Santiago Arias,167,COL,0.0,0.0,0.0,0.0,0.0,0.0,0.0,0.0,,0.0,DF,,
Cesar Yanis,167,PAN,0.0,0.0,0.0,0.0,0.0,0.0,0.0,0.0,,0.0,MF,,
Nico Paz,167,ARG,0.0,0.0,1.0,0.0,0.0,1.0,0.0,0.08,,0.0,FW,,
Jackson Porozo,167,ECU,0.0,0.0,0.0,0.0,0.0,0.0,0.0,0.0,,0.0,DF,,
Jose Maria Gimenez,167,URU,0.0,0.0,0.0,0.0,0.0,0.0,0.0,0.0,,0.0,DF,,
Cesar Samudio,167,PAN,0.0,0.0,0.0,0.0,0.0,0.0,0.0,0.0,,0.0,GK,,
Roderick Miller,167,PAN,0.0,0.0,0.0,0.0,0.0,0.0,0.0,0.0,,0.0,DF,,
Haji Wright,167,USA,0.0,0.0,0.0,0.0,0.0,0.0,0.0,0.0,,0.0,FW,,
Azarias Londono,167,PAN,0.0,0.0,1.0,0.0,0.0,1.0,0.0,0.01,,0.0,FW,,
Andres Gomez,167,COL,0.0,0.0,0.0,0.0,0.0,0.0,0.0,0.0,,0.0,FW,,
Jorge Carrascal,167,COL,0.0,0.0,0.0,0.0,0.0,0.0,0.0,0.0,,0.0,MF,,
Anthony Valencia,167,ECU,0.0,0.0,0.0,0.0,0.0,0.0,0.0,0.0,,0.0,MF,,
Tete Yengi,192,AUS,0.0,1.0,1.0,0.0,1.0,0.0,0.0,0.1,,0.0,FW,,
Djibril Sow,192,SUI,0.0,1.0,2.0,0.0,1.0,1.0,0.0,0.23,,0.0,MF,,
Sherzod Nasrullaev,192,UZB,0.0,1.0,1.0,0.0,1.0,0.0,0.0,0.08,,0.0,DF,,
Matias Fernandez Pardo,241,BEL,0.0,0.0,3.0,0.0,2.0,1.0,0.0,0.25,,0.0,FW,,
Nicolas Seiwald,241,AUT,0.0,0.0,3.0,0.0,2.0,1.0,0.0,0.05,,0.0,MF,,
Ala Alhajji,179,KSA,0.0,0.0,0.0,0.0,0.0,0.0,0.0,0.0,,0.0,MF,,
Moteb Alharbi,179,KSA,0.0,0.0,0.0,0.0,0.0,0.0,0.0,0.0,,0.0,DF,,
Hussein Ali,179,IRQ,0.0,0.0,1.0,0.0,1.0,0.0,0.0,0.01,,0.0,DF,,
Khojiakbar Alijonov,179,UZB,0.0,0.0,0.0,0.0,0.0,0.0,0.0,0.0,,0.0,DF,,
Ali Alipour,179,IRN,0.0,0.0,1.0,0.0,1.0,0.0,0.0,0.04,,0.0,FW,,
Ziyad Aljohani,179,KSA,0.0,0.0,0.0,0.0,0.0,0.0,0.0,0.0,,0.0,MF,,
Ahmed Alkassar,179,KSA,0.0,0.0,0.0,0.0,0.0,0.0,0.0,0.0,,0.0,GK,,
Abdullah Alkhaibari,179,KSA,0.0,0.0,1.0,0.0,0.0,1.0,0.0,0.01,,0.0,MF,,
Mohammed Alowais,179,KSA,0.0,0.0,0.0,0.0,0.0,0.0,0.0,0.0,,0.0,GK,,
Saed Alrosan,179,JOR,0.0,0.0,0.0,0.0,0.0,0.0,0.0,0.0,,0.0,DF,,
Saleh Alshehri,179,KSA,0.0,0.0,0.0,0.0,0.0,0.0,0.0,0.0,,0.0,FW,,
Hassan Altambakti,179,KSA,0.0,0.0,0.0,0.0,0.0,0.0,0.0,0.0,,0.0,DF,,
Nabil Donga,179,EGY,0.0,0.0,0.0,0.0,0.0,0.0,0.0,0.0,,0.0,MF,,
Mohamed Amoura,179,ALG,0.0,0.0,0.0,0.0,0.0,0.0,0.0,0.0,,0.0,FW,,
Youssef Amyn,179,IRQ,0.0,0.0,0.0,0.0,0.0,0.0,0.0,0.0,,0.0,MF,,
Joseph Anang,179,GHA,0.0,0.0,0.0,0.0,0.0,0.0,0.0,0.0,,0.0,GK,,
Cj Dos Santos,179,CPV,0.0,0.0,0.0,0.0,0.0,0.0,0.0,0.0,,0.0,GK,,
Benjamin Asare,179,GHA,0.0,0.0,0.0,0.0,0.0,0.0,0.0,0.0,,0.0,GK,,
Jacob Shaffelburg,199,CAN,0.0,0.0,3.0,0.0,2.0,1.0,0.0,0.09,,0.0,MF,,
Kieran Tierney,199,SCO,0.0,0.0,2.0,0.0,2.0,0.0,0.0,0.06,,0.0,DF,,
Hiroki Ito,240,JPN,0.0,0.0,1.0,0.0,0.0,1.0,0.0,0.04,,0.0,DF,,
Mohammad Ghorbani,240,IRN,0.0,0.0,2.0,0.0,1.0,1.0,0.0,0.18,,0.0,MF,,
Akam Hashim,240,IRQ,0.0,0.0,1.0,0.0,0.0,1.0,0.0,0.03,,0.0,DF,,
Steven Moreira,240,CPV,0.0,0.0,2.0,0.0,1.0,1.0,0.0,0.06,,0.0,DF,,
Merchas Doski,240,IRQ,0.0,0.0,1.0,0.0,0.0,1.0,0.0,0.02,,0.0,DF,,
Ngalayel Mukau,240,COD,0.0,0.0,1.0,0.0,0.0,1.0,0.0,0.06,,0.0,MF,,
Nabil Bentaleb,240,ALG,0.0,0.0,1.0,0.0,0.0,1.0,0.0,0.02,,0.0,MF,,
Jayden Nelson,240,CAN,0.0,0.0,1.0,0.0,0.0,1.0,0.0,0.07,,0.0,FW,,
Rani Khedira,240,TUN,0.0,0.0,1.0,0.0,0.0,1.0,0.0,0.06,,0.0,MF,,
Marvin Senaya,240,GHA,0.0,0.0,2.0,0.0,1.0,1.0,0.0,0.1,,0.0,DF,,
Kamaldeen Sulemana,240,GHA,0.0,0.0,1.0,0.0,0.0,1.0,0.0,0.01,,0.0,FW,,
Duckens Nazon,240,HAI,0.0,1.0,1.0,0.0,0.0,1.0,0.0,0.12,,0.0,FW,,
Fredrik Aursnes,252,NOR,0.0,0.0,2.0,0.0,1.0,1.0,0.0,0.02,,0.0,MF,,
Michael Svoboda,252,AUT,0.0,0.0,0.0,0.0,0.0,0.0,0.0,0.0,,0.0,DF,,
Josip Sutalo,252,CRO,0.0,0.0,1.0,0.0,1.0,0.0,0.0,0.06,,0.0,DF,,
Brice Samba,252,FRA,0.0,0.0,0.0,0.0,0.0,0.0,0.0,0.0,,0.0,GK,,
Jordan Pickford,252,ENG,0.0,0.0,0.0,0.0,0.0,0.0,0.0,0.0,,0.0,GK,,
Kobbie Mainoo,252,ENG,0.0,0.0,0.0,0.0,0.0,0.0,0.0,0.0,,0.0,MF,,
Morten Thorsby,252,NOR,0.0,0.0,0.0,0.0,0.0,0.0,0.0,0.0,,0.0,MF,,
Mike Penders,252,BEL,0.0,0.0,0.0,0.0,0.0,0.0,0.0,0.0,,0.0,GK,,
Matheus Nunes,252,POR,0.0,0.0,0.0,0.0,0.0,0.0,0.0,0.0,,0.0,MF,,
Guus Til,252,NED,0.0,0.0,0.0,0.0,0.0,0.0,0.0,0.0,,0.0,MF,,
Dominik Livakovic,252,CRO,0.0,0.0,0.0,0.0,0.0,0.0,0.0,0.0,,0.0,GK,,
Goncalo Inacio,252,POR,0.0,0.0,0.0,0.0,0.0,0.0,0.0,0.0,,0.0,DF,,
Egil Selvik,252,NOR,0.0,0.0,0.0,0.0,0.0,0.0,0.0,0.0,,0.0,GK,,
Manuel Neuer,252,GER,0.0,0.0,0.0,0.0,0.0,0.0,0.0,0.0,,0.0,GK,,
Nelson Semedo,252,POR,0.0,0.0,0.0,0.0,0.0,0.0,0.0,0.0,,0.0,DF,,
Ruben Dias,252,POR,0.0,0.0,0.0,0.0,0.0,0.0,0.0,0.0,,0.0,DF,,
Koni De Winter,252,BEL,0.0,0.0,0.0,0.0,0.0,0.0,0.0,0.0,,0.0,DF,,
Florian Grillitsch,252,AUT,0.0,0.0,0.0,0.0,0.0,0.0,0.0,0.0,,0.0,MF,,
Robin Roefs,252,NED,0.0,0.0,0.0,0.0,0.0,0.0,0.0,0.0,,0.0,GK,,
Thibaut Courtois,252,BEL,0.0,0.0,0.0,0.0,0.0,0.0,0.0,0.0,,0.0,GK,,
Senne Lammens,252,BEL,0.0,0.0,0.0,0.0,0.0,0.0,0.0,0.0,,0.0,GK,,
Redouane Halhal,1,MAR,0.0,0.0,0.0,0.0,,,,0.0,0.0,0.0,df,0.0,0.0
Grant Hanley,1,SCO,0.0,0.0,0.0,0.0,,,,0.0,0.0,0.0,df,0.0,0.0
Salah Zakaria,1,QAT,0.0,0.0,0.0,0.0,,,,0.0,0.0,0.0,gk,0.0,0.0
Jorrel Hato,1,NED,0.0,0.0,0.0,0.0,,,,0.0,0.0,0.0,df,0.0,0.0
Tomoki Hayakawa,1,JPN,0.0,0.0,0.0,0.0,,,,0.0,0.0,0.0,gk,0.0,0.0
Jack Hendry,1,SCO,0.0,0.0,0.0,0.0,,,,0.0,0.0,0.0,df,0.0,0.0
Lucas Herrington,1,AUS,0.0,0.0,0.0,0.0,,,,0.0,0.0,0.0,df,0.0,0.0
Aaron Hickey,1,SCO,0.0,0.0,0.0,0.0,,,,0.0,0.0,0.0,df,0.0,0.0
George Hirst,1,SCO,0.0,0.0,0.0,0.0,,,,0.0,0.0,0.0,fw,0.0,0.0
Tomas Holes,1,CZE,0.0,0.0,0.0,0.0,,,,0.0,0.0,0.0,df,0.0,0.0
Lukas Hornicek,1,CZE,0.0,0.0,0.0,0.0,,,,0.0,0.0,0.0,gk,0.0,0.0
Robin Hranac,1,CZE,0.0,0.0,0.0,0.0,,,,0.0,0.0,0.0,df,0.0,0.0
Dominic Hyam,1,SCO,0.0,0.0,0.0,0.0,,,,0.0,0.0,0.0,df,0.0,0.0
Cedric Itten,1,SUI,0.0,0.0,0.0,0.0,,,,0.0,0.0,0.0,fw,0.0,0.0
Paul Izzo,1,AUS,0.0,0.0,0.0,0.0,,,,0.0,0.0,0.0,gk,0.0,0.0
Tahsin Mohammed,1,QAT,0.0,0.0,0.0,0.0,,,,0.0,0.0,0.0,fw,0.0,0.0
Luca Jaquez,1,SUI,0.0,0.0,0.0,0.0,,,,0.0,0.0,0.0,df,0.0,0.0
Danley Jean Jacques,1,HAI,0.0,0.0,0.0,0.0,,,,0.0,0.0,0.0,mf,0.0,0.0
Jo Hyeonwoo,1,KOR,0.0,0.0,0.0,0.0,,,,0.0,0.0,0.0,gk,0.0,0.0
Herman Johansson,1,SWE,0.0,0.0,0.0,0.0,,,,0.0,0.0,0.0,df,0.0,0.0
Viktor Johansson,1,SWE,0.0,0.0,0.0,0.0,,,,0.0,0.0,0.0,gk,0.0,0.0
Alfie Jones,1,CAN,0.0,0.0,0.0,0.0,,,,0.0,0.0,0.0,df,0.0,0.0
David Jurasek,1,CZE,0.0,0.0,0.0,0.0,,,,0.0,0.0,0.0,df,0.0,0.0
Mladen Jurkas,1,BIH,0.0,0.0,0.0,0.0,,,,0.0,0.0,0.0,gk,0.0,0.0
Ozan Kabak,1,TUR,0.0,0.0,0.0,0.0,,,,0.0,0.0,0.0,df,0.0,0.0
Samukele Kabini,1,RSA,0.0,0.0,0.0,0.0,,,,0.0,0.0,0.0,df,0.0,0.0
Victor Munoz,200,ESP,0.0,0.0,0.0,0.0,0.0,0.0,0.0,0.0,,0.0,FW,,
Ross Stewart,200,SCO,0.0,0.0,0.0,0.0,0.0,0.0,0.0,0.0,,0.0,FW,,
Mathew Leckie,200,AUS,0.0,0.0,1.0,0.0,1.0,0.0,0.0,0.1,,0.0,FW,,
Noah Okafor,200,SUI,0.0,0.0,1.0,0.0,1.0,0.0,0.0,0.18,,0.0,FW,,
Logan Rogerson,200,NZL,0.0,0.0,0.0,0.0,0.0,0.0,0.0,0.0,,0.0,FW,,
Max Crocombe,200,NZL,0.0,0.0,0.0,0.0,0.0,0.0,0.0,0.0,,0.0,GK,,
Alex Grimaldo,200,ESP,0.0,0.0,0.0,0.0,0.0,0.0,0.0,0.0,,0.0,DF,,
Gavi,200,ESP,0.0,0.0,1.0,0.0,1.0,0.0,0.0,0.01,,0.0,MF,,
Nishan Velupillay,200,AUS,0.0,0.0,0.0,0.0,0.0,0.0,0.0,0.0,,0.0,FW,,
Eric Smith,200,SWE,0.0,0.0,0.0,0.0,0.0,0.0,0.0,0.0,,0.0,DF,,
Abduvohid Nematov,200,UZB,0.0,0.0,0.0,0.0,0.0,0.0,0.0,0.0,,0.0,GK,,
Kosta Barbarouses,200,NZL,0.0,0.0,0.0,0.0,0.0,0.0,0.0,0.0,,0.0,FW,,
David Zima,200,CZE,0.0,0.0,0.0,0.0,0.0,0.0,0.0,0.0,,0.0,DF,,
Lachlan Bayliss,200,NZL,0.0,0.0,0.0,0.0,0.0,0.0,0.0,0.0,,0.0,MF,,
Abdukodir Khusanov,200,UZB,0.0,0.0,0.0,0.0,0.0,0.0,0.0,0.0,,0.0,DF,,
Yvon Mvogo,200,SUI,0.0,0.0,0.0,0.0,0.0,0.0,0.0,0.0,,0.0,GK,,
Ben Waine,200,NZL,0.0,0.0,0.0,0.0,0.0,0.0,0.0,0.0,,0.0,FW,,
Unai Simon,200,ESP,0.0,0.0,0.0,0.0,0.0,0.0,0.0,0.0,,0.0,GK,,
Ferdi Kadioglu,200,TUR,0.0,0.0,1.0,0.0,0.0,1.0,0.0,0.04,,0.0,DF,,
Nihad Mujakic,200,BIH,0.0,0.0,0.0,0.0,0.0,0.0,0.0,0.0,,0.0,DF,,
Braian Ojeda,167,PAR,0.0,0.0,0.0,0.0,0.0,0.0,0.0,0.0,,0.0,MF,,
Leo Pereira,167,BRA,0.0,0.0,0.0,0.0,0.0,0.0,0.0,0.0,,0.0,DF,,
Jiovany Ramos,167,PAN,0.0,0.0,2.0,0.0,1.0,1.0,0.0,0.15,,0.0,DF,,
Edgardo Farina,167,PAN,0.0,0.0,0.0,0.0,0.0,0.0,0.0,0.0,,0.0,DF,,
Tim Ream,167,USA,0.0,0.0,0.0,0.0,0.0,0.0,0.0,0.0,,0.0,DF,,
Anibal Godoy,167,PAN,0.0,0.0,0.0,0.0,0.0,0.0,0.0,0.0,,0.0,MF,,
Luiz Henrique,167,BRA,0.0,0.0,0.0,0.0,0.0,0.0,0.0,0.0,,0.0,FW,,
Alejandro Romero Gamarra,167,PAR,0.0,0.0,0.0,0.0,0.0,0.0,0.0,0.0,,0.0,FW,,
Santiago Bueno,167,URU,0.0,0.0,0.0,0.0,0.0,0.0,0.0,0.0,,0.0,DF,,
Alvaro Montero,167,COL,0.0,0.0,0.0,0.0,0.0,0.0,0.0,0.0,,0.0,GK,,
Matt Turner,167,USA,0.0,0.0,0.0,0.0,0.0,0.0,0.0,0.0,,0.0,GK,,
Alberto Quintero,167,PAN,0.0,0.0,0.0,0.0,0.0,0.0,0.0,0.0,,0.0,MF,,
Luis Mejia,167,PAN,0.0,0.0,0.0,0.0,0.0,0.0,0.0,0.0,,0.0,GK,,
Ederson,167,BRA,0.0,0.0,0.0,0.0,0.0,0.0,0.0,0.0,,0.0,GK,,
Alexandro Maidana,167,PAR,0.0,0.0,0.0,0.0,0.0,0.0,0.0,0.0,,0.0,DF,,
Emiliano Martinez,167,URU,0.0,0.0,0.0,0.0,0.0,0.0,0.0,0.0,,0.0,MF,,
Rodrigo Zalazar,167,URU,0.0,0.0,0.0,0.0,0.0,0.0,0.0,0.0,,0.0,MF,,
Adalberto Carrasquilla,167,PAN,0.0,0.0,0.0,0.0,0.0,0.0,0.0,0.0,,0.0,MF,,
Willer Ditta,167,COL,0.0,0.0,0.0,0.0,0.0,0.0,0.0,0.0,,0.0,DF,,
Ivan Sunjic,192,BIH,0.0,1.0,1.0,0.0,0.0,1.0,0.0,0.09,,0.0,MF,,
Ahmed Fatouh,192,EGY,0.0,1.0,1.0,0.0,1.0,0.0,0.0,0.13,,0.0,DF,,
Bara Sapoko Ndiaye,192,SEN,0.0,1.0,1.0,0.0,0.0,1.0,0.0,0.04,,0.0,MF,,
Christ Inao Oulai,347,CIV,0.0,0.0,2.0,0.0,1.0,1.0,0.0,0.13,,0.0,MF,,
Rustam Ashurmatov,179,UZB,0.0,0.0,0.0,0.0,0.0,0.0,0.0,0.0,,0.0,DF,,
Christopher Bonsu Baah,179,GHA,0.0,0.0,0.0,0.0,0.0,0.0,0.0,0.0,,0.0,FW,,
Baba Rahman,179,GHA,0.0,0.0,0.0,0.0,0.0,0.0,0.0,0.0,,0.0,DF,,
Anas Badawi,179,JOR,0.0,0.0,0.0,0.0,0.0,0.0,0.0,0.0,,0.0,DF,,
Nour Baniateyah,179,JOR,0.0,0.0,0.0,0.0,0.0,0.0,0.0,0.0,,0.0,GK,,
Simon Banza,179,COD,0.0,0.0,0.0,0.0,0.0,0.0,0.0,0.0,,0.0,FW,,
Dylan Batubinsika,179,COD,0.0,0.0,0.0,0.0,0.0,0.0,0.0,0.0,,0.0,DF,,
Zineddine Belaid,179,ALG,0.0,0.0,0.0,0.0,0.0,0.0,0.0,0.0,,0.0,DF,,
Oussama Benbot,179,ALG,0.0,0.0,0.0,0.0,0.0,0.0,0.0,0.0,,0.0,GK,,
Gilson Benchimol,179,CPV,0.0,0.0,0.0,0.0,0.0,0.0,0.0,0.0,,0.0,FW,,
Sander Berge,179,NOR,0.0,0.0,0.0,0.0,0.0,0.0,0.0,0.0,,0.0,MF,,
Francisco Conceicao,199,POR,0.0,0.0,2.0,0.0,2.0,0.0,0.0,0.17,,0.0,FW,,
Nick Woltemade,199,GER,0.0,0.0,2.0,0.0,2.0,0.0,0.0,0.09,,0.0,FW,,
Philipp Lienhart,319,AUT,0.0,0.0,1.0,0.0,1.0,0.0,0.0,0.1,,0.0,DF,,
Josko Gvardiol,319,CRO,0.0,0.0,1.0,0.0,1.0,0.0,0.0,0.18,,0.0,DF,,
Ollie Watkins,319,ENG,0.0,0.0,1.0,0.0,1.0,0.0,0.0,0.04,,0.0,FW,,
Niko Sigur,240,CAN,0.0,0.0,1.0,0.0,0.0,1.0,0.0,0.04,,0.0,DF,,
Dailon Livramento,240,CPV,0.0,0.0,1.0,0.0,0.0,1.0,0.0,0.0,,0.0,FW,,
Anass Salah Eddine,240,MAR,0.0,0.0,1.0,0.0,0.0,1.0,0.0,0.01,,0.0,DF,,
Ismael Kone,240,CAN,0.0,0.0,2.0,0.0,1.0,1.0,0.0,0.04,,0.0,MF,,
Gervane Kastaneer,240,CUW,0.0,0.0,1.0,0.0,0.0,1.0,0.0,0.03,,0.0,FW,,
Warren Zaire Emery,240,FRA,0.0,0.0,1.0,0.0,0.0,1.0,0.0,0.04,,0.0,MF,,
Diogo Dalot,240,POR,0.0,0.0,1.0,0.0,0.0,1.0,0.0,0.04,,0.0,DF,,
Luka Sucic,240,CRO,0.0,0.0,1.0,0.0,0.0,1.0,0.0,0.04,,0.0,MF,,
Patrick Pentz,252,AUT,0.0,0.0,0.0,0.0,0.0,0.0,0.0,0.0,,0.0,GK,,
Malo Gusto,252,FRA,0.0,0.0,0.0,0.0,0.0,0.0,0.0,0.0,,0.0,DF,,
Ibrahima Konate,252,FRA,0.0,0.0,0.0,0.0,0.0,0.0,0.0,0.0,,0.0,DF,,
Angelo Stiller,252,GER,0.0,0.0,0.0,0.0,0.0,0.0,0.0,0.0,,0.0,MF,,
Fredrik Andre Bjorkan,252,NOR,0.0,0.0,0.0,0.0,0.0,0.0,0.0,0.0,,0.0,DF,,
Justin Kluivert,252,NED,0.0,0.0,0.0,0.0,0.0,0.0,0.0,0.0,,0.0,MF,,
Diogo Costa,252,POR,0.0,0.0,0.0,0.0,0.0,0.0,0.0,0.0,,0.0,GK,,
Phillip Mwene,252,AUT,0.0,0.0,1.0,0.0,1.0,0.0,0.0,0.0,,0.0,DF,,
James Trafford,252,ENG,0.0,0.0,0.0,0.0,0.0,0.0,0.0,0.0,,0.0,GK,,
Zeno Debast,252,BEL,0.0,0.0,0.0,0.0,0.0,0.0,0.0,0.0,,0.0,DF,,
Nathan Ngoy,252,BEL,0.0,0.0,1.0,0.0,1.0,0.0,0.0,0.02,,0.0,DF,,
Axel Witsel,252,BEL,0.0,0.0,0.0,0.0,0.0,0.0,0.0,0.0,,0.0,MF,,
Henrik Falchener,252,NOR,0.0,0.0,0.0,0.0,0.0,0.0,0.0,0.0,,0.0,DF,,
Diego Moreira,252,BEL,0.0,0.0,0.0,0.0,0.0,0.0,0.0,0.0,,0.0,MF,,
Jose Sa,252,POR,0.0,0.0,0.0,0.0,0.0,0.0,0.0,0.0,,0.0,GK,,
Assan Ouedraogo,252,GER,0.0,0.0,0.0,0.0,0.0,0.0,0.0,0.0,,0.0,MF,,
Alexander Schlager,252,AUT,0.0,0.0,0.0,0.0,0.0,0.0,0.0,0.0,,0.0,GK,,
Mats Wieffer,252,NED,0.0,0.0,0.0,0.0,0.0,0.0,0.0,0.0,,0.0,DF,,
Kristijan Jakic,252,CRO,0.0,0.0,0.0,0.0,0.0,0.0,0.0,0.0,,0.0,DF,,
Dean Henderson,252,ENG,0.0,0.0,0.0,0.0,0.0,0.0,0.0,0.0,,0.0,GK,,
Sander Tangvik,252,NOR,0.0,0.0,0.0,0.0,0.0,0.0,0.0,0.0,,0.0,GK,,
Jamie Leweling,252,GER,0.0,0.0,1.0,0.0,0.0,1.0,0.0,0.08,,0.0,MF,,
Ivor Pandur,252,CRO,0.0,0.0,0.0,0.0,0.0,0.0,0.0,0.0,,0.0,GK,,
Reece James,252,ENG,0.0,0.0,1.0,0.0,0.0,1.0,0.0,0.04,,0.0,DF,,
Florian Wiegele,252,AUT,0.0,0.0,0.0,0.0,0.0,0.0,0.0,0.0,,0.0,GK,,
Martin Erlic,252,CRO,0.0,0.0,0.0,0.0,0.0,0.0,0.0,0.0,,0.0,DF,,
Duje Caleta Car,252,CRO,0.0,0.0,0.0,0.0,0.0,0.0,0.0,0.0,,0.0,DF,,
Dan Burn,252,ENG,0.0,0.0,0.0,0.0,0.0,0.0,0.0,0.0,,0.0,DF,,
Luka Vuskovic,252,CRO,0.0,0.0,0.0,0.0,0.0,0.0,0.0,0.0,,0.0,DF,,
Robin Risser,252,FRA,0.0,0.0,0.0,0.0,0.0,0.0,0.0,0.0,,0.0,GK,,
Takehiro Tomiyasu,306,JPN,0.0,0.0,1.0,0.0,1.0,0.0,0.0,0.2,,0.0,DF,,
Yang Hyunjun,323,KOR,0.0,1.0,1.0,0.0,1.0,0.0,0.0,0.19,,0.0,MF,,
Wagner Pina,330,CPV,0.0,0.0,1.0,0.0,1.0,0.0,0.0,0.18,,0.0,DF,,
Irfan Can Kahveci,1,TUR,0.0,0.0,0.0,0.0,,,,0.0,0.0,0.0,fw,0.0,0.0
Jesper Karlstrom,1,SWE,0.0,0.0,0.0,0.0,,,,0.0,0.0,0.0,mf,0.0,0.0
Marvin Keller,1,SUI,0.0,0.0,0.0,0.0,,,,0.0,0.0,0.0,gk,0.0,0.0
Kim Moonhwan,1,KOR,0.0,0.0,0.0,0.0,,,,0.0,0.0,0.0,df,0.0,0.0
Kim Seunggyu,1,KOR,0.0,0.0,0.0,0.0,,,,0.0,0.0,0.0,gk,0.0,0.0
Kim Taehyeon,1,KOR,0.0,0.0,0.0,0.0,,,,0.0,0.0,0.0,df,0.0,0.0
Mohamed Kone,1,CIV,0.0,0.0,0.0,0.0,,,,0.0,0.0,0.0,gk,0.0,0.0
Odilon Kossounou,1,CIV,0.0,0.0,0.0,0.0,,,,0.0,0.0,0.0,df,0.0,0.0
Jan Kuchta,1,CZE,0.0,0.0,0.0,0.0,,,,0.0,0.0,0.0,fw,0.0,0.0
Brandley Kuwas,1,CUW,0.0,0.0,0.0,0.0,,,,0.0,0.0,0.0,fw,0.0,0.0
Markhus Lacroix,1,HAI,0.0,0.0,0.0,0.0,,,,0.0,0.0,0.0,df,0.0,0.0
Alban Lafont,1,CIV,0.0,0.0,0.0,0.0,,,,0.0,0.0,0.0,gk,0.0,0.0
Noa Lang,1,NED,0.0,0.0,0.0,0.0,,,,0.0,0.0,0.0,fw,0.0,0.0
Lee Donggyeong,1,KOR,0.0,0.0,0.0,0.0,,,,0.0,0.0,0.0,mf,0.0,0.0
Lee Gihyuk,1,KOR,0.0,0.0,0.0,0.0,,,,0.0,0.0,0.0,mf,0.0,0.0
Lee Taeseok,1,KOR,0.0,0.0,0.0,0.0,,,,0.0,0.0,0.0,df,0.0,0.0
Juergen Locadia,1,CUW,0.0,0.0,0.0,0.0,,,,0.0,0.0,0.0,fw,0.0,0.0
Salih Ozcan,200,TUR,0.0,0.0,0.0,0.0,0.0,0.0,0.0,0.0,,0.0,MF,,
Carl Starfelt,200,SWE,0.0,0.0,0.0,0.0,0.0,0.0,0.0,0.0,,0.0,DF,,
Jakhongir Urozov,200,UZB,0.0,0.0,0.0,0.0,0.0,0.0,0.0,0.0,,0.0,DF,,
Michael Woud,200,NZL,0.0,0.0,0.0,0.0,0.0,0.0,0.0,0.0,,0.0,GK,,
Alex Rufer,200,NZL,0.0,0.0,0.0,0.0,0.0,0.0,0.0,0.0,,0.0,MF,,
Scott Mckenna,200,SCO,0.0,0.0,0.0,0.0,0.0,0.0,0.0,0.0,,0.0,DF,,
Kristoffer Nordfeldt,200,SWE,0.0,0.0,0.0,0.0,0.0,0.0,0.0,0.0,,0.0,GK,,
Kai Trewin,200,AUS,0.0,0.0,1.0,0.0,0.0,1.0,0.0,0.0,,0.0,DF,,
Avazbek Ulmasaliyev,200,UZB,0.0,0.0,0.0,0.0,0.0,0.0,0.0,0.0,,0.0,DF,,
Oston Urunov,200,UZB,0.0,0.0,0.0,0.0,0.0,0.0,0.0,0.0,,0.0,MF,,
Callan Elliot,200,NZL,0.0,0.0,0.0,0.0,0.0,0.0,0.0,0.0,,0.0,DF,,
Michael Boxall,200,NZL,0.0,0.0,0.0,0.0,0.0,0.0,0.0,0.0,,0.0,DF,,
Jacob Widell Zetterstrom,200,SWE,0.0,0.0,0.0,0.0,0.0,0.0,0.0,0.0,,0.0,GK,,
Jindrich Stanek,200,CZE,0.0,0.0,0.0,0.0,0.0,0.0,0.0,0.0,,0.0,GK,,
Borja Iglesias,200,ESP,0.0,0.0,0.0,0.0,0.0,0.0,0.0,0.0,,0.0,FW,,
Joan Garcia,200,ESP,0.0,0.0,0.0,0.0,0.0,0.0,0.0,0.0,,0.0,GK,,
Caglar Soyuncu,200,TUR,0.0,0.0,0.0,0.0,0.0,0.0,0.0,0.0,,0.0,DF,,
Mathew Ryan,200,AUS,0.0,0.0,0.0,0.0,0.0,0.0,0.0,0.0,,0.0,GK,,
Weverton,167,BRA,0.0,0.0,0.0,0.0,0.0,0.0,0.0,0.0,,0.0,GK,,
Deiver Machado,167,COL,0.0,0.0,0.0,0.0,0.0,0.0,0.0,0.0,,0.0,DF,,
Orbelin Pineda,167,MEX,0.0,0.0,1.0,0.0,1.0,0.0,0.0,0.09,,0.0,MF,,
Geronimo Rulli,167,ARG,0.0,0.0,0.0,0.0,0.0,0.0,0.0,0.0,,0.0,GK,,
Kendry Paez,167,ECU,0.0,0.0,0.0,0.0,0.0,0.0,0.0,0.0,,0.0,MF,,
Juan Musso,167,ARG,0.0,0.0,0.0,0.0,0.0,0.0,0.0,0.0,,0.0,GK,,
Guillermo Martinez,167,MEX,0.0,0.0,0.0,0.0,0.0,0.0,0.0,0.0,,0.0,FW,,
David Ospina,167,COL,0.0,0.0,0.0,0.0,0.0,0.0,0.0,0.0,,0.0,GK,,
Yerry Mina,167,COL,0.0,0.0,0.0,0.0,0.0,0.0,0.0,0.0,,0.0,DF,,
Utkir Yusupov,167,UZB,0.0,0.0,0.0,0.0,0.0,0.0,0.0,0.0,,0.0,GK,,
Botirali Ergashev,167,UZB,0.0,0.0,0.0,0.0,0.0,0.0,0.0,0.0,,0.0,GK,,
Awer Mabil,167,AUS,0.0,0.0,1.0,0.0,0.0,1.0,0.0,0.03,,0.0,FW,,
Farrukh Sayfiev,167,UZB,0.0,0.0,0.0,0.0,0.0,0.0,0.0,0.0,,0.0,DF,,
Ben Old,167,NZL,0.0,0.0,0.0,0.0,0.0,0.0,0.0,0.0,,0.0,MF,,
Arya Yousefi,192,IRN,0.0,1.0,1.0,0.0,1.0,0.0,0.0,0.06,,0.0,DF,,
Hossein Kanani,192,IRN,0.0,1.0,1.0,0.0,1.0,0.0,0.0,0.02,,0.0,DF,,
Milad Mohammadi,192,IRN,0.0,1.0,1.0,0.0,1.0,0.0,0.0,0.06,,0.0,DF,,
Gael Kakuta,395,COD,0.0,0.0,0.0,0.0,0.0,0.0,0.0,0.0,,0.0,FW,,
Aaron Wan Bissaka,179,COD,0.0,0.0,0.0,0.0,0.0,0.0,0.0,0.0,,0.0,DF,,
Augustine Boakye,179,GHA,0.0,0.0,0.0,0.0,0.0,0.0,0.0,0.0,,0.0,MF,,
Hicham Boudaoui,179,ALG,0.0,0.0,0.0,0.0,0.0,0.0,0.0,0.0,,0.0,MF,,
Adil Boulbina,179,ALG,0.0,0.0,0.0,0.0,0.0,0.0,0.0,0.0,,0.0,FW,,
Marcio Rosa,179,CPV,0.0,0.0,0.0,0.0,0.0,0.0,0.0,0.0,,0.0,GK,,
Nawaf Bu Washl,179,KSA,0.0,0.0,0.0,0.0,0.0,0.0,0.0,0.0,,0.0,DF,,
Antonio Ruediger,240,GER,0.0,0.0,1.0,0.0,0.0,1.0,0.0,0.04,,0.0,DF,,
Andrej Kramaric,240,CRO,0.0,0.0,1.0,0.0,0.0,1.0,0.0,0.01,,0.0,FW,,
Samu Costa,252,POR,0.0,0.0,0.0,0.0,0.0,0.0,0.0,0.0,,0.0,DF,,
Dominik Kotarski,252,CRO,0.0,0.0,0.0,0.0,0.0,0.0,0.0,0.0,,0.0,GK,,
Bart Verbruggen,252,NED,0.0,0.0,0.0,0.0,0.0,0.0,0.0,0.0,,0.0,GK,,
Andy Robertson,252,SCO,0.0,0.0,0.0,0.0,0.0,0.0,0.0,0.0,,0.0,DF,,
Tomas Araujo,252,POR,0.0,0.0,0.0,0.0,0.0,0.0,0.0,0.0,,0.0,DF,,
Marcus Thuram,252,FRA,0.0,0.0,0.0,0.0,0.0,0.0,0.0,0.0,,0.0,FW,,
Marco Friedl,252,AUT,0.0,0.0,0.0,0.0,0.0,0.0,0.0,0.0,,0.0,DF,,
Alexander Nuebel,252,GER,0.0,0.0,0.0,0.0,0.0,0.0,0.0,0.0,,0.0,GK,,
Orjan Nyland,252,NOR,0.0,0.0,0.0,0.0,0.0,0.0,0.0,0.0,,0.0,GK,,
Trevoh Chalobah,252,ENG,0.0,0.0,0.0,0.0,0.0,0.0,0.0,0.0,,0.0,DF,,
Sondre Langas,252,NOR,0.0,0.0,0.0,0.0,0.0,0.0,0.0,0.0,,0.0,DF,,
Rui Silva,252,POR,0.0,0.0,0.0,0.0,0.0,0.0,0.0,0.0,,0.0,GK,,
Wout Weghorst,252,NED,0.0,0.0,0.0,0.0,0.0,0.0,0.0,0.0,,0.0,FW,,
Nikola Moro,252,CRO,0.0,0.0,0.0,0.0,0.0,0.0,0.0,0.0,,0.0,MF,,
Mike Maignan,252,FRA,0.0,0.0,0.0,0.0,0.0,0.0,0.0,0.0,,0.0,GK,,
Dejan Ljubicic,252,AUT,0.0,0.0,0.0,0.0,0.0,0.0,0.0,0.0,,0.0,MF,,
Toni Fruk,252,CRO,0.0,0.0,0.0,0.0,0.0,0.0,0.0,0.0,,0.0,MF,,
Shuto Machino,1,JPN,0.0,0.0,0.0,0.0,,,,0.0,0.0,0.0,fw,0.0,0.0
Assim Madibo,1,QAT,0.0,0.0,0.0,0.0,,,,0.0,0.0,0.0,mf,0.0,0.0
Olwethu Makhanya,1,RSA,0.0,0.0,0.0,0.0,,,,0.0,0.0,0.0,df,0.0,0.0
Mohamed Manai,1,QAT,0.0,0.0,0.0,0.0,,,,0.0,0.0,0.0,fw,0.0,0.0
Jearl Margaritha,1,CUW,0.0,0.0,1.0,0.0,,,,0.05,0.0,0.0,fw,0.0,0.0
Arjany Martha,1,CUW,0.0,0.0,0.0,0.0,,,,0.0,0.0,0.0,mf,0.0,0.0
Thabang Matuludi,1,RSA,0.0,0.0,0.0,0.0,,,,0.0,0.0,0.0,df,0.0,0.0
Noussair Mazraoui,1,MAR,0.0,0.0,0.0,0.0,,,,0.0,0.0,0.0,df,0.0,0.0
Lucas Mendes,1,QAT,0.0,0.0,0.0,0.0,,,,0.0,0.0,0.0,df,0.0,0.0
Garven Metusala,1,HAI,0.0,0.0,0.0,0.0,,,,0.0,0.0,0.0,df,0.0,0.0
Abdulaziz Hatem,1,QAT,0.0,0.0,0.0,0.0,,,,0.0,0.0,0.0,mf,0.0,0.0
Alhashmi Alhussein,1,QAT,0.0,0.0,0.0,0.0,,,,0.0,0.0,0.0,df,0.0,0.0
Sherzod Esanov,200,UZB,0.0,0.0,0.0,0.0,0.0,0.0,0.0,0.0,,0.0,MF,,
Hugo Sochurek,200,CZE,0.0,0.0,0.0,0.0,0.0,0.0,0.0,0.0,,0.0,MF,,
Nikola Vasilj,200,BIH,0.0,0.0,0.0,0.0,0.0,0.0,0.0,0.0,,0.0,GK,,
Eric Garcia,200,ESP,0.0,0.0,0.0,0.0,0.0,0.0,0.0,0.0,,0.0,DF,,
Nando Pijnaker,200,NZL,0.0,0.0,0.0,0.0,0.0,0.0,0.0,0.0,,0.0,DF,,
Aimar Sher,200,IRQ,0.0,0.0,0.0,0.0,0.0,0.0,0.0,0.0,,0.0,MF,,
Haris Tabakovic,167,BIH,0.0,0.0,0.0,0.0,0.0,0.0,0.0,0.0,,0.0,FW,,
Axel Tuanzebe,395,COD,0.0,0.0,0.0,0.0,0.0,0.0,0.0,0.0,,0.0,DF,,
Logan Costa,395,CPV,0.0,0.0,0.0,0.0,0.0,0.0,0.0,0.0,,0.0,DF,,
Lionel Mpasi,395,COD,0.0,0.0,0.0,0.0,0.0,0.0,0.0,0.0,,0.0,GK,,
Song Bumkeun,395,KOR,0.0,0.0,0.0,0.0,0.0,0.0,0.0,0.0,,0.0,GK,,
Paik Seungho,395,KOR,0.0,0.0,0.0,0.0,0.0,0.0,0.0,0.0,,0.0,MF,,
Charles Pickel,395,COD,0.0,0.0,1.0,0.0,1.0,0.0,0.0,0.1,,0.0,MF,,
Gedeon Kalulu,395,COD,0.0,0.0,0.0,0.0,0.0,0.0,0.0,0.0,,0.0,DF,,
Nuno Da Costa,395,CPV,0.0,0.0,1.0,0.0,1.0,0.0,0.0,0.07,,0.0,MF,,
Garry Rodrigues,395,CPV,0.0,0.0,1.0,0.0,1.0,0.0,0.0,0.04,,0.0,MF,,
Noah Sadiki,395,COD,0.0,0.0,0.0,0.0,0.0,0.0,0.0,0.0,,0.0,MF,,
Mohammed Muntari,395,QAT,0.0,0.0,0.0,0.0,0.0,0.0,0.0,0.0,,0.0,FW,,
Timothy Fayulu,395,COD,0.0,0.0,0.0,0.0,0.0,0.0,0.0,0.0,,0.0,GK,,
Mohammad Abughoush,395,JOR,0.0,0.0,0.0,0.0,0.0,0.0,0.0,0.0,,0.0,MF,,
Stopira,395,CPV,0.0,0.0,0.0,0.0,0.0,0.0,0.0,0.0,,0.0,DF,,
Samir Chergui,179,ALG,0.0,0.0,0.0,0.0,0.0,0.0,0.0,0.0,,0.0,DF,,
Roozbeh Cheshmi,179,IRN,0.0,0.0,0.0,0.0,0.0,0.0,0.0,0.0,,0.0,MF,,
Stjepan Radeljic,319,BIH,0.0,0.0,1.0,0.0,1.0,0.0,0.0,0.01,,0.0,DF,,
Ali Nemati,319,IRN,0.0,0.0,1.0,0.0,1.0,0.0,0.0,0.06,,0.0,DF,,
Amirhossein Hosseinzadeh,319,IRN,0.0,0.0,1.0,0.0,1.0,0.0,0.0,0.09,,0.0,FW,,
Alireza Jahanbakhsh,319,IRN,0.0,0.0,1.0,0.0,1.0,0.0,0.0,0.04,,0.0,MF,,
Kevin Yakob,319,IRQ,0.0,0.0,1.0,0.0,1.0,0.0,0.0,0.07,,0.0,MF,,
Lucas Hernandez,252,FRA,0.0,0.0,0.0,0.0,0.0,0.0,0.0,0.0,,0.0,DF,,
Alexander Prass,252,AUT,0.0,0.0,0.0,0.0,0.0,0.0,0.0,0.0,,0.0,MF,,
Quinten Timber,252,NED,0.0,0.0,0.0,0.0,0.0,0.0,0.0,0.0,,0.0,MF,,
Goncalo Guedes,252,POR,0.0,0.0,0.0,0.0,0.0,0.0,0.0,0.0,,0.0,FW,,
Jens Petter Hauge,252,NOR,0.0,0.0,0.0,0.0,0.0,0.0,0.0,0.0,,0.0,MF,,
Maxence Lacroix,252,FRA,0.0,0.0,0.0,0.0,0.0,0.0,0.0,0.0,,0.0,DF,,
Malick Thiaw,252,GER,0.0,0.0,0.0,0.0,0.0,0.0,0.0,0.0,,0.0,DF,,
Alessandro Schoepf,252,AUT,0.0,0.0,0.0,0.0,0.0,0.0,0.0,0.0,,0.0,MF,,
Ngolo Kante,252,FRA,0.0,0.0,0.0,0.0,0.0,0.0,0.0,0.0,,0.0,MF,,
Joaquin Seys,252,BEL,0.0,0.0,0.0,0.0,0.0,0.0,0.0,0.0,,0.0,DF,,
Jarell Quansah,252,ENG,0.0,0.0,0.0,0.0,0.0,0.0,0.0,0.0,,0.0,DF,,
Amer Jamous,252,JOR,0.0,0.0,0.0,0.0,0.0,0.0,0.0,0.0,,0.0,MF,,
Abdallah Nasib,252,JOR,0.0,0.0,0.0,0.0,0.0,0.0,0.0,0.0,,0.0,DF,,
Marko Farji,252,IRQ,0.0,0.0,0.0,0.0,0.0,0.0,0.0,0.0,,0.0,FW,,
Danial Iri,252,IRN,0.0,0.0,0.0,0.0,0.0,0.0,0.0,0.0,,0.0,DF,,
Alireza Beiranvand,252,IRN,0.0,0.0,0.0,0.0,0.0,0.0,0.0,0.0,,0.0,GK,,
Khuliso Mudau,1,RSA,0.0,0.0,0.0,0.0,,,,0.0,0.0,0.0,df,0.0,0.0
Khulumani Ndamane,1,RSA,0.0,0.0,0.0,0.0,,,,0.0,0.0,0.0,df,0.0,0.0
Evan Ndicka,1,CIV,0.0,0.0,0.0,0.0,,,,0.0,0.0,0.0,df,0.0,0.0
Moutaz Neffati,1,TUN,0.0,0.0,0.0,0.0,,,,0.0,0.0,0.0,df,0.0,0.0
Tyrese Noslin,1,CUW,0.0,0.0,0.0,0.0,,,,0.0,0.0,0.0,fw,0.0,0.0
Armando Obispo,1,CUW,0.0,0.0,0.0,0.0,,,,0.0,0.0,0.0,df,0.0,0.0
Christopher Operi,1,CIV,0.0,0.0,0.0,0.0,,,,0.0,0.0,0.0,df,0.0,0.0
Keisuke Osako,1,JPN,0.0,0.0,0.0,0.0,,,,0.0,0.0,0.0,gk,0.0,0.0
Jonathan Osorio,1,CAN,0.0,0.0,0.0,0.0,,,,0.0,0.0,0.0,mf,0.0,0.0
Jalal Hassan,200,IRQ,0.0,0.0,0.0,0.0,0.0,0.0,0.0,0.0,,0.0,GK,,
Mohamed Amine Tougai,200,ALG,0.0,0.0,0.0,0.0,0.0,0.0,0.0,0.0,,0.0,DF,,
Kento Shiogai,200,JPN,0.0,0.0,0.0,0.0,0.0,0.0,0.0,0.0,,0.0,FW,,
Frans Putros,200,IRQ,0.0,0.0,0.0,0.0,0.0,0.0,0.0,0.0,,0.0,DF,,
Yuito Suzuki,200,JPN,0.0,0.0,0.0,0.0,0.0,0.0,0.0,0.0,,0.0,MF,,
Payam Niazmand,200,IRN,0.0,0.0,0.0,0.0,0.0,0.0,0.0,0.0,,0.0,GK,,
Fares Ghedjemis,200,ALG,0.0,0.0,0.0,0.0,0.0,0.0,0.0,0.0,,0.0,FW,,
Junnosuke Suzuki,200,JPN,0.0,0.0,0.0,0.0,0.0,0.0,0.0,0.0,,0.0,DF,,
Saleem Obaid,395,JOR,0.0,0.0,0.0,0.0,0.0,0.0,0.0,0.0,,0.0,DF,,
Matthieu Epolo,395,COD,0.0,0.0,0.0,0.0,0.0,0.0,0.0,0.0,,0.0,GK,,
Hossein Hosseini,395,IRN,0.0,0.0,0.0,0.0,0.0,0.0,0.0,0.0,,0.0,GK,,
Melvin Mastil,395,ALG,0.0,0.0,0.0,0.0,0.0,0.0,0.0,0.0,,0.0,GK,,
Mehdi Torabi,395,IRN,0.0,0.0,0.0,0.0,0.0,0.0,0.0,0.0,,0.0,MF,,
Yusuf Abdurisag,395,QAT,0.0,0.0,0.0,0.0,0.0,0.0,0.0,0.0,,0.0,FW,,
Ibrahim Sadeh,395,JOR,0.0,0.0,0.0,0.0,0.0,0.0,0.0,0.0,,0.0,MF,,
Saleh Hardani,395,IRN,0.0,0.0,0.0,0.0,0.0,0.0,0.0,0.0,,0.0,DF,,
Dennis Dargahi,179,IRN,0.0,0.0,0.0,0.0,0.0,0.0,0.0,0.0,,0.0,FW,,
Assane Diao,179,SEN,0.0,0.0,0.0,0.0,0.0,0.0,0.0,0.0,,0.0,FW,,
Mory Diaw,179,SEN,0.0,0.0,0.0,0.0,0.0,0.0,0.0,0.0,,0.0,GK,,
Bamba Dieng,179,SEN,0.0,0.0,0.0,0.0,0.0,0.0,0.0,0.0,,0.0,FW,,
Yehvann Diouf,179,SEN,0.0,0.0,0.0,0.0,0.0,0.0,0.0,0.0,,0.0,GK,,
Hassan Kadish,252,KSA,0.0,0.0,0.0,0.0,0.0,0.0,0.0,0.0,,0.0,DF,,
Ali Lajami,252,KSA,0.0,0.0,0.0,0.0,0.0,0.0,0.0,0.0,,0.0,DF,,
Tsuyoshi Watanabe,252,JPN,0.0,0.0,0.0,0.0,0.0,0.0,0.0,0.0,,0.0,DF,,
Zion Suzuki,252,JPN,0.0,0.0,0.0,0.0,0.0,0.0,0.0,0.0,,0.0,GK,,
Aissa Mandi,252,ALG,0.0,0.0,0.0,0.0,0.0,0.0,0.0,0.0,,0.0,DF,,
Wilguens Paugain,1,HAI,0.0,0.0,0.0,0.0,,,,0.0,0.0,0.0,df,0.0,0.0
Alexandre Pierre,1,HAI,0.0,0.0,0.0,0.0,,,,0.0,0.0,0.0,gk,0.0,0.0
Woodensky Pierre,1,HAI,0.0,0.0,0.0,0.0,,,,0.0,0.0,0.0,mf,0.0,0.0
Johny Placide,1,HAI,0.0,0.0,0.0,0.0,,,,0.0,0.0,0.0,gk,0.0,0.0
Godfried Roemeratoe,1,CUW,0.0,0.0,0.0,0.0,,,,0.0,0.0,0.0,mf,0.0,0.0
Eloy Room,1,CUW,0.0,0.0,0.0,0.0,,,,0.0,0.0,0.0,gk,0.0,0.0
Ayumu Seko,200,JPN,0.0,0.0,0.0,0.0,0.0,0.0,0.0,0.0,,0.0,DF,,
Ali Yousif,200,IRQ,0.0,0.0,0.0,0.0,0.0,0.0,0.0,0.0,,0.0,FW,,
Jehad Thikri,200,KSA,0.0,0.0,0.0,0.0,0.0,0.0,0.0,0.0,,0.0,DF,,
Amirmohammad Razaghinia,395,IRN,0.0,0.0,0.0,0.0,0.0,0.0,0.0,0.0,,0.0,MF,,
Ramiz Zerrouki,395,ALG,0.0,0.0,0.0,0.0,0.0,0.0,0.0,0.0,,0.0,MF,,
Rajaei Ayed,395,JOR,0.0,0.0,0.0,0.0,0.0,0.0,0.0,0.0,,0.0,MF,,
Yassine Titraoui,395,ALG,0.0,0.0,0.0,0.0,0.0,0.0,0.0,0.0,,0.0,MF,,
Fahad Talib,395,IRQ,0.0,0.0,0.0,0.0,0.0,0.0,0.0,0.0,,0.0,GK,,
Luca Zidane,395,ALG,0.0,0.0,0.0,0.0,0.0,0.0,0.0,0.0,,0.0,GK,,
Tarek Alaa,179,EGY,0.0,0.0,0.0,0.0,0.0,0.0,0.0,0.0,,0.0,DF,,
Mohamed Elshenawy,179,EGY,0.0,0.0,0.0,0.0,0.0,0.0,0.0,0.0,,0.0,GK,,
Kojo Peprah Oppong,545,GHA,0.0,0.0,0.0,0.0,0.0,0.0,0.0,0.0,,0.0,DF,,
Ellyes Skhiri,545,TUN,0.0,0.0,0.0,0.0,0.0,0.0,0.0,0.0,,0.0,MF,,
Shogo Taniguchi,252,JPN,0.0,0.0,0.0,0.0,0.0,0.0,0.0,0.0,,0.0,DF,,
Sultan Mandash,252,KSA,0.0,0.0,0.0,0.0,0.0,0.0,0.0,0.0,,0.0,FW,,
Carl Sainte,1,HAI,0.0,0.0,0.0,0.0,,,,0.0,0.0,0.0,mf,0.0,0.0
Shurandy Sambo,1,CUW,0.0,0.0,0.0,0.0,,,,0.0,0.0,0.0,df,0.0,0.0
Kamogelo Sebelebele,1,RSA,0.0,0.0,0.0,0.0,,,,0.0,0.0,0.0,fw,0.0,0.0
Nkosinathi Sibisi,1,RSA,0.0,0.0,0.0,0.0,,,,0.0,0.0,0.0,df,0.0,0.0
Sphephelo Sithole,1,RSA,0.0,0.0,0.0,0.0,,,,0.0,0.0,0.0,mf,0.0,0.0
Dayne St Clair,167,CAN,0.0,0.0,0.0,0.0,0.0,0.0,0.0,0.0,,0.0,GK,,
Ali Majrashi,395,KSA,0.0,0.0,0.0,0.0,0.0,0.0,0.0,0.0,,0.0,DF,,
Sebastian Tounekti,545,TUN,0.0,0.0,0.0,0.0,0.0,0.0,0.0,0.0,,0.0,MF,,
Joel Waterman,545,CAN,0.0,0.0,0.0,0.0,0.0,0.0,0.0,0.0,,0.0,DF,,
Edouard Mendy,545,SEN,0.0,0.0,0.0,0.0,0.0,0.0,0.0,0.0,,0.0,GK,,
Elisha Owusu,545,GHA,0.0,0.0,0.0,0.0,0.0,0.0,0.0,0.0,,0.0,MF,,
Themba Zwane,545,RSA,0.0,0.0,0.0,0.0,0.0,0.0,0.0,0.0,,0.0,MF,,
Ibrahim Adel,545,EGY,0.0,0.0,0.0,0.0,0.0,0.0,0.0,0.0,,0.0,FW,,
Alidu Seidu,545,GHA,0.0,0.0,0.0,0.0,0.0,0.0,0.0,0.0,,0.0,DF,,
Yan Valery,545,TUN,0.0,0.0,0.0,0.0,0.0,0.0,0.0,0.0,,0.0,DF,,
Gideon Mensah,545,GHA,0.0,0.0,0.0,0.0,0.0,0.0,0.0,0.0,,0.0,DF,,
Mostafa Shoubir,545,EGY,0.0,0.0,0.0,0.0,0.0,0.0,0.0,0.0,,0.0,GK,,
Roshon Van Eijma,435,CUW,0.0,0.0,0.0,0.0,0.0,0.0,0.0,0.0,,0.0,DF,,
Ahmed Reda Tagnaouti,1,MAR,0.0,0.0,0.0,0.0,,,,0.0,0.0,0.0,gk,0.0,0.0
Keeto Thermoncy,1,HAI,0.0,0.0,0.0,0.0,,,,0.0,0.0,0.0,df,0.0,0.0
Abdul Mumin,167,GHA,0.0,0.0,0.0,0.0,0.0,0.0,0.0,0.0,,0.0,DF,,
Mahdy Soliman,167,EGY,0.0,0.0,0.0,0.0,0.0,0.0,0.0,0.0,,0.0,GK,,
Kwasi Sibo,167,GHA,0.0,0.0,0.0,0.0,0.0,0.0,0.0,0.0,,0.0,MF,,
Kelvin Pires,545,CPV,0.0,0.0,0.0,0.0,0.0,0.0,0.0,0.0,,0.0,DF,,
Antoine Mendy,545,SEN,0.0,0.0,0.0,0.0,0.0,0.0,0.0,0.0,,0.0,DF,,
Hamza Abdelkarim,545,EGY,0.0,0.0,0.0,0.0,0.0,0.0,0.0,0.0,,0.0,FW,,
Kalidou Koulibaly,545,SEN,0.0,0.0,0.0,0.0,0.0,0.0,0.0,0.0,,0.0,DF,,
Mamadou Sarr,545,SEN,0.0,0.0,0.0,0.0,0.0,0.0,0.0,0.0,,0.0,DF,,
Martin Zlomislic,435,BIH,0.0,0.0,0.0,0.0,0.0,0.0,0.0,0.0,,0.0,GK,,
Ronwen Williams,1,RSA,0.0,0.0,0.0,0.0,,,,0.0,0.0,0.0,gk,0.0,0.0
Lawrence Ati Zigi,167,GHA,0.0,0.0,0.0,0.0,0.0,0.0,0.0,0.0,,0.0,GK,,
Jerome Opoku,167,GHA,0.0,0.0,0.0,0.0,0.0,0.0,0.0,0.0,,0.0,DF,,
Cherif Ndiaye,545,SEN,0.0,0.0,0.0,0.0,0.0,0.0,0.0,0.0,,0.0,FW,,
Facundo Torres,702,,,,,,,,,,,,,,
Fadel Haikal,703,,,,,,,,,,,,,,
Fafa Picault,704,,,,,,,,,,,,,,
Fahad Younis,706,,,,,,,,,,,,,,
Farid Chaal,709,,,,,,,,,,,,,,
Felix Horn Myhre,713,,,,,,,,,,,,,,
Fer Lopez,716,,,,,,,,,,,,,,
Ferjani Sassi,719,,,,,,,,,,,,,,
Fermin Lopez,720,,,,,,,,,,,,,,
Fezile Gcaba,723,RSA,,,,,,,,,,,,,
Fikayo Tomori,725,,,,,,,,,,,,,,
Filip Ugrinic,726,,,,,,,,,,,,,,
Finn Dahmen,728,,,,,,,,,,,,,,
Firdavs Abdurakhmonov,731,,,,,,,,,,,,,,
Flavius Daniliuc,733,,,,,,,,,,,,,,
Florian Thauvin,735,,,,,,,,,,,,,,
Fran Garcia,739,,,,,,,,,,,,,,
Fran Karacic,740,,,,,,,,,,,,,,
Francis Amuzu,741,,,,,,,,,,,,,,
Franco Israel,746,,,,,,,,,,,,,,
Franco Mastantuono,747,,,,,,,,,,,,,,
Francois Dulysse,748,,,,,,,,,,,,,,
Franjo Ivanovic,749,,,,,,,,,,,,,,
Franko Kovacevic,750,,,,,,,,,,,,,,
Fredrik Oppegard,755,,,,,,,,,,,,,,
Fredrik Sjovold,756,,,,,,,,,,,,,,
Fricio Caicedo,758,,,,,,,,,,,,,,
Gabriel Jesus,761,,,,,,,,,,,,,,
Gabriel Rojas,764,,,,,,,,,,,,,,
Gael Alette,765,,,,,,,,,,,,,,
Garissone Innocent,767,,,,,,,,,,,,,,
Gaya Merbah,773,,,,,,,,,,,,,,
George Campbell,775,,,,,,,,,,,,,,
George Stanger,777,,,,,,,,,,,,,,
Geovany Quenda,778,,,,,,,,,,,,,,
Gerard Martin,779,,,,,,,,,,,,,,
German Berterame,780,MEX,,,,,,,,,,,,,
German Pezzella,781,,,,,,,,,,,,,,
Gernot Trauner,782,,,,,,,,,,,,,,
Gerson,784,,,,,,,,,,,,,,
Ghaith Zaalouni,787,,,,,,,,,,,,,,
Gianluca Busio,789,,,,,,,,,,,,,,
Gianluca Prestianni,790,,,,,,,,,,,,,,
Gianni Stensness,791,,,,,,,,,,,,,,
Giovany Herbert,798,,,,,,,,,,,,,,
Gonzalo Garcia,804,,,,,,,,,,,,,,
Grady Diangana,808,,,,,,,,,,,,,,
Gu Sungyun,812,,,,,,,,,,,,,,
Guido Rodriguez,814,,,,,,,,,,,,,,
Gustavo Herrera,822,,,,,,,,,,,,,,
Habib Diallo,826,,,,,,,,,,,,,,
Hadi Alhourani,828,,,,,,,,,,,,,,
Hakon Evjen,832,,,,,,,,,,,,,,
Hamed Abdallah,834,,,,,,,,,,,,,,
Hamed Yousef,835,,,,,,,,,,,,,,
Hammam Alhammami,836,,,,,,,,,,,,,,
Hamza Jelassi,838,,,,,,,,,,,,,,
Hamza Khadhraoui,839,,,,,,,,,,,,,,
Hamza Rafia,840,,,,,,,,,,,,,,
Hannes Wolf,842,,,,,,,,,,,,,,
Haris Hajradinovic,845,,,,,,,,,,,,,,
Harrison Devenish Meares,847,,,,,,,,,,,,,,
Harry Maguire,849,,,,,,,,,,,,,,
Harry Milne,850,,,,,,,,,,,,,,
Harvey Barnes,852,,,,,,,,,,,,,,
Hasan Abdulkareem,853,,,,,,,,,,,,,,
Hashim Ali,854,,,,,,,,,,,,,,
Hassane Kamara,858,,,,,,,,,,,,,,
Hayden Matthews,859,,,,,,,,,,,,,,
Hayder Abdulkareem,860,,,,,,,,,,,,,,
Hazem Shehata,862,,,,,,,,,,,,,,
Henrik Heggheim,865,,,,,,,,,,,,,,
Henry Gray,866,,,,,,,,,,,,,,
Heri Tavares,867,,,,,,,,,,,,,,
Hidemasa Morita,871,,,,,,,,,,,,,,
Himad Abdelli,872,,,,,,,,,,,,,,
Hiroki Sekine,874,,,,,,,,,,,,,,
Hojimat Erkinov,876,,,,,,,,,,,,,,
Hong Hyunseok,878,,,,,,,,,,,,,,
Hossein Abarghouei,880,,,,,,,,,,,,,,
Houssem Tka,884,,,,,,,,,,,,,,
Hugo Bolin,885,,,,,,,,,,,,,,
Hugo Cuenca,886,,,,,,,,,,,,,,
Hugo Cuypers,887,,,,,,,,,,,,,,
Hugo Larsson,888,,,,,,,,,,,,,,
Hugo Souza,890,,,,,,,,,,,,,,
Hugo Vetlesen,891,,,,,,,,,,,,,,
Hussein Ali,893,,,,,,,,,,,,,,
Ian Maatsen,897,,,,,,,,,,,,,,
Ibrahim Alhassan,899,,,,,,,,,,,,,,
Ibrahim Osman,903,,,,,,,,,,,,,,
Ibrahim Sabra,904,,,,,,,,,,,,,,
Ibrahim Sulemana,907,,,,,,,,,,,,,,
Ibrokhim Ibragimov,909,,,,,,,,,,,,,,
Ibrokhimkhalil Yuldoshev,910,,,,,,,,,,,,,,
Ichnygel Thomas,911,,,,,,,,,,,,,,
Ieltsin Camoes,913,,,,,,,,,,,,,,
Ifet Djakovac,914,,,,,,,,,,,,,,
Ignace Van Der Brempt,915,,,,,,,,,,,,,,
Ignacio Laquintana,916,,,,,,,,,,,,,,
Igor Jesus,917,,,,,,,,,,,,,,
Ike Ugbo,921,,,,,,,,,,,,,,
Ikromjon Alibaev,922,,,,,,,,,,,,,,
Ilan Kebbal,923,,,,,,,,,,,,,,
Ilano Silva Timas,924,,,,,,,,,,,,,,
Ilay Camara,925,,,,,,,,,,,,,,
Ilias Akhomach,926,,,,,,,,,,,,,,
Imran Louza,929,,,,,,,,,,,,,,
Indiana Vassilev,931,,,,,,,,,,,,,,
Isaac Hughes,934,,,,,,,,,,,,,,
Isaac Schmidt,935,,,,,,,,,,,,,,
Isac Lidberg,936,,,,,,,,,,,,,,
Isaias Violante,937,MEX,,,,,,,,,,,,,
Isak Bjerkebo,938,,,,,,,,,,,,,,
Ismael Baouf,941,,,,,,,,,,,,,,
Ismael Bennacer,942,,,,,,,,,,,,,,
Ismail Mohamad,948,,,,,,,,,,,,,,
Issam Jebali,954,,,,,,,,,,,,,,
Issam Smeeri,955,,,,,,,,,,,,,,
Iuri Tavares,956,,,,,,,,,,,,,,
Ivan Anderson,957,,,,,,,,,,,,,,
Ivan Smolcic,960,,,,,,,,,,,,,,
Ivo Grbic,963,,,,,,,,,,,,,,
J D Gunn,965,,,,,,,,,,,,,,
Jacen Russell Rowe,966,,,,,,,,,,,,,,
Jack Hinshelwood,968,,,,,,,,,,,,,,
Jack Iredale,969,,,,,,,,,,,,,,
Jack Mcglynn,970,,,,,,,,,,,,,,
Jackson Muleka,972,,,,,,,,,,,,,,
Jahkeele Marshall Rutty,977,,,,,,,,,,,,,,
Jakub Markovic,979,,,,,,,,,,,,,,
Jaloliddin Masharipov,981,,,,,,,,,,,,mf,,
James Garner,983,,,,,,,,,,,,,,
James Mcgarry,984,,,,,,,,,,,,,,
James Monyane,985,RSA,,,,,,,,,,,,,
James Pantemis,986,,,,,,,,,,,,,,
James Wilson,989,,,,,,,,,,,,,,
Jamie Knight Lebel,990,,,,,,,,,,,,,,
Jan Gyamerah,995,,,,,,,,,,,,,,
Jan Kliment,996,,,,,,,,,,,,,,
Jan Koutny,997,,,,,,,,,,,,,,
Janis Blaswich,1000,,,,,,,,,,,,,,
Jankat Yilmaz,1001,,,,,,,,,,,,,,
Janner Corozo,1002,,,,,,,,,,,,,,
Janpol Morales,1003,,,,,,,,,,,,,,
Jarrod Bowen,1007,,,,,,,,,,,,,,
Jassim Alhail,1010,,,,,,,,,,,,,,
Javier Burrai,1011,,,,,,,,,,,,,,
Jawad El Yamiq,1012,,,,,,,,,,,,,,
Jayden Candelaria,1014,,,,,,,,,,,,,,
Jayden Hibbert,1015,,,,,,,,,,,,,,
Jean Butez,1017,,,,,,,,,,,,,,
Jean Philippe Krasso,1020,,,,,,,,,,,,,,
Jeevan Badwal,1024,,,,,,,,,,,,,,
Jeff Chabot,1025,,,,,,,,,,,,,,
Jens Cajuste,1028,,,,,,,,,,,,,,
Jens Hjerto Dahl,1029,,,,,,,,,,,,,,
Jeong Jaehee,1031,,,,,,,,,,,,,,
Jeong Sangbin,1032,,,,,,,,,,,,,,
Jeong Wooyeong,1033,,,,,,,,,,,,,,
Jeremie Boga,1034,,,,,,,,,,,,,,
Jeremie Frimpong,1035,,,,,,,,,,,,,,
Jeremy Marquez,1039,MEX,,,,,,,,,,,,,
Jeremy Ngakia,1040,,,,,,,,,,,,,,
Jeremy Sarmiento,1041,,,,,,,,,,,,,,
Jesurun Rak Sakyi,1045,,,,,,,,,,,,,,
Jesus Alejandro Gomez,1046,MEX,,,,,,,,,,,,,
Jesus Angulo,1047,MEX,,,,,,,,,,,,,
Jesus Ferreira,1048,,,,,,,,,,,,,,
Jesus Ricardo Angulo,1050,MEX,,,,,,,,,,,,,
Jesus Rodriguez,1051,,,,,,,,,,,,,,
Jhegson Mendez,1052,,,,,,,,,,,,,,
Jhohan Romana,1053,,,,,,,,,,,,,,
Jhon Duran,1056,,,,,,,,,,,,,,
Jhon Solis,1058,,,,,,,,,,,,,,
Joao Carvalho,1064,,,,,,,,,,,,,,
Joao Pedro,1068,,,,,,,,,,,,,,
Joe Gauci,1072,,,,,,,,,,,,,,
Joe Gomez,1073,,,,,,,,,,,,,,
Joel Chima Fujita,1075,,,,,,,,,,,,,,
Joel Monteiro,1076,,,,,,,,,,,,,,
Joelinton,1079,,,,,,,,,,,,,,
Johan Bakayoko,1080,,,,,,,,,,,,,,
Johan Carbonero,1081,,,,,,,,,,,,,,
Johan Martinez,1083,,,,,,,,,,,,,,
Johan Rojas,1085,,,,,,,,,,,,,,
John,1087,,,,,,,,,,,,,,
John Mercado,1089,,,,,,,,,,,,,,
John Tolkin,1092,,,,,,,,,,,,,,
Johnny Cardoso,1094,,,,,,,,,,,,,,
Jojo,1096,,,,,,,,,,,,,,
Jon Martin,1097,,,,,,,,,,,,,,
Jonah Mednard,1098,,,,,,,,,,,,,,
Jonas Omlin,1100,,,,,,,,,,,,,,
Jonathan Burkardt,1101,,,,,,,,,,,,,,
Jonathan Clauss,1102,,,,,,,,,,,,,,
Jordan Barrera,1107,,,,,,,,,,,,,,
Jordan Carrillo,1109,MEX,,,,,,,,,,,,,
Jordan Correia,1110,,,,,,,,,,,,,,
Jordan Holsgrove,1112,,,,,,,,,,,,,,
Jordan Larsson,1113,,,,,,,,,,,,,,
Jordan Semedo,1115,,,,,,,,,,,,,,
Jordi Paulina,1116,,,,,,,,,,,,,,
Jorge De Frutos,1120,,,,,,,,,,,,,,
Jorge Ruvalcaba,1122,MEX,,,,,,,,,,,,,
Jorginho,1125,,,,,,,,,,,,,,
Jose Antonio Rodriguez,1128,MEX,,,,,,,,,,,,,
Jose Guerra,1132,,,,,,,,,,,,,,
Jose Hurtado,1133,,,,,,,,,,,,,,
Jose Luis Rodriguez,1135,,,,,,,,,,,,,,
Jose Murillo,1138,,,,,,,,,,,,,,
Jose Tavares,1140,,,,,,,,,,,,,,
Joseph Jones,1142,,,,,,,,,,,,,,
Joseph Opoku,1143,,,,,,,,,,,,,,
Joseph Paintsil,1144,,,,,,,,,,,,,,
Josh Doig,1145,,,,,,,,,,,,,,
Josh Sargent,1146,,,,,,,,,,,,,,
Josha Vagnoman,1147,,,,,,,,,,,,,,
Joshua Zimmerman,1150,,,,,,,,,,,,,,
Josip Juranovic,1151,,,,,,,,,,,,,,
Jovani Welch,1158,,,,,,,,,,,,,,
Juan Angulo,1160,,,,,,,,,,,,,,
Juan Cabal,1161,,,,,,,,,,,,,,
Juan Cuadrado,1162,,,,,,,,,,,,,,
Juan Espinola,1163,,,,,,,,,,,,,,
Juan Manuel Rengifo,1165,,,,,,,,,,,,,,
Juan Rodriguez,1170,,,,,,,,,,,,,,
Julian Araujo,1175,MEX,,,,,,,,,,,,,
Julius Lindberg,1179,,,,,,,,,,,,,,
Jung Hoyeon,1180,,,,,,,,,,,,,,
Junior Adamu,1182,,,,,,,,,,,,,,
Junior Diaz,1184,,,,,,,,,,,,,,
Junior Hernandez,1185,,,,,,,,,,,,,,
Junior Hoilett,1186,,,,,,,,,,,,,,
Jurich Carolina,1189,,,,,,,,,,,,,,
Jurrien Timber,1191,,,,,,,,,,,,,,
Jussef Nasrawe,1192,,,,,,,,,,,,,,
Justin Bijlow,1193,,,,,,,,,,,,,,
Justin Lerma,1195,,,,,,,,,,,,,,
Justin Smith,1196,,,,,,,,,,,,,,
Jusuf Gazibegovic,1197,,,,,,,,,,,,,,
Kadir Barria,1199,,,,,,,,,,,,,,
Kaiki,1202,,,,,,,,,,,,,,
Kaio Jorge,1203,,,,,,,,,,,,,,
Kamal Miller,1206,,,,,,,,,,,,,,
Kamiel Van De Perre,1208,,,,,,,,,,,,,,
Kang Sangyoon,1210,,,,,,,,,,,,,,
Karar Nabeel,1211,,,,,,,,,,,,,,
Karel Spacil,1212,,,,,,,,,,,,,,
Karim Adeyemi,1213,,,,,,,,,,,,,,
Karim Konate,1216,,,,,,,,,,,,,,
Karim Sow,1217,,,,,,,,,,,,,,
Karlo Letica,1218,,,,,,,,,,,,,,
Kastriot Imeri,1219,,,,,,,,,,,,,,
Keegan Allan,1220,RSA,,,,,,,,,,,,,
Kees Sims,1221,,,,,,,,,,,,,,
Kees Smit,1222,,,,,,,,,,,,,,
Kenan Karaman,1229,,,,,,,,,,,,,,
Kenneth Taylor,1233,,,,,,,,,,,,,,
Kenny Rocha Santos,1235,,,,,,,,,,,,,,
Keny Arroyo,1237,,,,,,,,,,,,,,
Kevin Castaneda,1240,MEX,,,,,,,,,,,,,
Kevin Guitoun Van Den Kerkhof,1245,,,,,,,,,,,,,,
Kevin Mac Allister,1246,,,,,,,,,,,,,,
Kevin Mier,1247,,,,,,,,,,,,,,
Kevin Schade,1250,,,,,,,,,,,,,,
Kevin Stoeger,1251,,,,,,,,,,,,,,
Kevin Viveros,1252,,,,,,,,,,,,,,
Khaled Binsabaa,1254,,,,,,,,,,,,,,
Khaled Mohammed,1255,,,,,,,,,,,,,,
Khaled Sobhy,1256,,,,,,,,,,,,,,
Khaled Zakaria,1257,,,,,,,,,,,,,,
Khephren Thuram,1260,,,,,,,,,,,,,,
Khusain Norchaev,1264,,,,,,,,,,,,,,
Kiernan Dewsbury Hall,1266,,,,,,,,,,,,,,
Kieron Bowie,1267,,,,,,,,,,,,,,
Kilian Belazzoug,1268,,,,,,,,,,,,,,
Killian Sardella,1269,,,,,,,,,,,,,,
Kim Bongsoo,1270,,,,,,,,,,,,,,
Kim Jisoo,1272,,,,,,,,,,,,,,
Kim Jusung,1273,,,,,,,,,,,,,,
Kim Taehyun,1278,,,,,,,,,,,,,,
Kingsley Coman,1279,,,,,,,,,,,,,,
Kjell Scherpen,1280,,,,,,,,,,,,,,
Kodai Sano,1282,,,,,,,,,,,,,,
Koji Miyoshi,1283,,,,,,,,,,,,,,
Koki Machida,1285,,,,,,,,,,,,,,
Kosei Tani,1289,,,,,,,,,,,,,,
Kosi Thompson,1290,,,,,,,,,,,,,,
Kota Takai,1292,,,,,,,,,,,,,,
Kristian Arnstad,1295,,,,,,,,,,,,,,
Kristopher Da Graca,1300,,,,,,,,,,,,,,
Krystof Danek,1301,,,,,,,,,,,,,,
Kumel Saadi,1302,,,,,,,,,,,,,,
Kuryu Matsuki,1303,,,,,,,,,,,,,,
Kuvondik Ruziev,1304,,,,,,,,,,,,,,
Kwadwo Baah,1305,,,,,,,,,,,,,,
Kwadwo Duah,1306,,,,,,,,,,,,,,
Kwasi Poku,1307,,,,,,,,,,,,,,
Kwon Hyeokkyu,1309,,,,,,,,,,,,,,
Kwon Kyungwon,1310,,,,,,,,,,,,,,
Kye Rowles,1311,,,,,,,,,,,,,,
Kyle Adams,1312,,,,,,,,,,,,,,
Lautaro Di Lollo,1319,,,,,,,,,,,,,,
Leandro Merencia,1324,,,,,,,,,,,,,,
Lebohang Maboe,1327,RSA,,,,,,,,,,,,,
Lee Changgeun,1328,,,,,,,,,,,,,,
Lee Dongjun,1330,,,,,,,,,,,,,,
Lee Hojae,1333,,,,,,,,,,,,,,
Lee Hyunju,1334,,,,,,,,,,,,,,
Lee Myungjae,1337,,,,,,,,,,,,,,
Lee Seungwoo,1338,,,,,,,,,,,,,,
Lee Youhyeon,1340,,,,,,,,,,,,,,
Lennart Karl,1341,,,,,,,,,,,,,,
Lennon Miller,1342,,,,,,,,,,,,,,
Leo Ortiz,1344,,,,,,,,,,,,,,
Leo Roman,1347,,,,,,,,,,,,,,
Leobrian Kokubo,1348,,,,,,,,,,,,,,
Leonardo Balerdi,1350,,,,,,,,,,,,df,,
Leonardo Campana,1351,,,,,,,,,,,,,,
Leonardo Realpe,1352,,,,,,,,,,,,,,
Leonidas Stergiou,1353,,,,,,,,,,,,,,
Leopold Querfeld,1354,,,,,,,,,,,,,,
Leopold Wahlstedt,1355,,,,,,,,,,,,,,
Leverton Pierre,1357,,,,,,,,,,,,mf,,
Levi Colwill,1358,,,,,,,,,,,,,,
Lewis Hall,1360,,,,,,,,,,,,,,
Lewis Morgan,1361,,,,,,,,,,,,,,
Liam Gillion,1362,,,,,,,,,,,,,,
Liam Mcfarlane,1364,,,,,,,,,,,,,,
Liam Morrison,1366,,,,,,,,,,,,,,
Linus Wahlqvist,1368,,,,,,,,,,,,,,
Loic Bade,1375,,,,,,,,,,,,,,
Lois Openda,1376,,,,,,,,,,,,,,
Lorenzo Melgarejo,1377,,,,,,,,,,,,,,
Louey Ben Farhat,1378,,,,,,,,,,,,,,
Lovro Majer,1380,,,,,,,,,,,,,,
Luca Petrasso,1383,,,,,,,,,,,,,,
Lucas Chevalier,1386,,,,,,,,,,,,,,
Lucas Martinez Quarta,1390,,,,,,,,,,,,,,
Lucas Romero,1393,,,,,,,,,,,,,,
Lucas Stassin,1394,,,,,,,,,,,,,,
Luciano Juba,1395,,,,,,,,,,,,,,
Luciano Rodriguez,1396,,,,,,,,,,,,,,
Luciano Valente,1397,,,,,,,,,,,,,,
Luck Zogbe,1398,,,,,,,,,,,,,,
Ludwig Augustinsson,1399,,,,,,,,,,,,,,
Luis Fragozo,1402,,,,,,,,,,,,,,
Luis Maximiano,1403,,,,,,,,,,,,,,
Luis Rey,1405,MEX,,,,,,,,,,,,,
Luka Gavran,1409,,,,,,,,,,,,,,
Luka Kulenovic,1410,,,,,,,,,,,,,,
Luka Menalo,1411,,,,,,,,,,,,,,
Luka Stojkovic,1413,,,,,,,,,,,,,,
Lukas Ambros,1416,,,,,,,,,,,,,,
Lukas Kelly Heald,1419,,,,,,,,,,,,,,
Lukas Sadilek,1421,,,,,,,,,,,,,,
Luke Brooke Smith,1422,,,,,,,,,,,,,,
Luke Graham,1423,,,,,,,,,,,,,,
Luke Le Roux,1424,RSA,,,,,,,,,,,,,
Luke Shaw,1425,,,,,,,,,,,,,,
Maarten Vandevoordt,1429,,,,,,,,,,,,,,
Mahdi Mohebi,1431,,,,,,,,,,,,,,
Mahmoud Ghorbel,1435,,,,,,,,,,,,,,
Majeed Ashimeru,1437,,,,,,,,,,,,,,
Makhmudjon Makhamadjonov,1438,,,,,,,,,,,,,,
Malang Sarr,1439,,,,,,,,,,,,,,
Malcom Dacosta,1440,,,,,,,,,,,,,,
Malek Shalabiya,1441,,,,,,,,,,,,,,
Malick Fofana,1442,,,,,,,,,,,,,,
Malik Henry,1444,,,,,,,,,,,,,,
Mamadou Camara,1447,,,,,,,,,,,,,,
Mamadou Diakhon,1448,,,,,,,,,,,,,,
Mamadou Mbow,1449,,,,,,,,,,,,,,
Mandela Keita,1451,,,,,,,,,,,,,,
Manu Duah,1452,,,,,,,,,,,,,,
Mao Hosoya,1457,,,,,,,,,,,,,,
Marc Bernal,1459,,,,,,,,,,,,,,
Marc Bola,1460,,,,,,,,,,,,,,
Marcel Ruiz,1464,MEX,,,,,,,,,,,,,
Marcelo Flores,1466,,,,,,,,,,,,mf,,
Marcelo Saracchi,1467,,,,,,,,,,,,,,
Marco Gruell,1470,,,,,,,,,,,,,,
Marco Pellegrino,1472,,,,,,,,,,,,,,
Marcos Acuna,1473,,,,,,,,,,,,,,
Marcus Younis,1479,,,,,,,,,,,,,,
Mario Stroeykens,1482,,,,,,,,,,,,,,
Marouane Louadni,1489,,,,,,,,,,,,,,
Marouane Sahraoui,1490,,,,,,,,,,,,,,
Martial Godo,1493,,,,,,,,,,,,,,
Martin Boyle,1495,,,,,,,,,,,,,,
Martin Jedlicka,1498,,,,,,,,,,,,,,
Martin Krug,1499,,,,,,,,,,,,,,
Martin Vitik,1501,,,,,,,,,,,,,,
Marwan Alsahafi,1506,,,,,,,,,,,,,,
Marwan Badreldin,1507,,,,,,,,,,,,,,
Masindi Nemtajela,1508,RSA,,,,,,,,,,,,,
Masoud Mohebbi,1509,,,,,,,,,,,,,,
Matej Hadas,1510,,,,,,,,,,,,,,
Matej Rynes,1512,,,,,,,,,,,,,,
Matej Vydra,1513,,,,,,,,,,,,,,
Mateo Gamarra,1515,,,,,,,,,,,,,,
Mateus Fernandes,1517,,,,,,,,,,,,,,
Matheus Pereira,1520,,,,,,,,,,,,,,
Mathias Dyngeland,1523,,,,,,,,,,,,,,
Mathias Honsak,1524,,,,,,,,,,,,,,
Mathias Villasanti,1526,,,,,,,,,,,,,,
Matias Abaldo,1528,,,,,,,,,,,,,,
Matias Soule,1531,,,,,,,,,,,,,,
Matte Smets,1536,,,,,,,,,,,,,,
Matteo Guendouzi,1537,,,,,,,,,,,,,,
Matthew Dibley Dias,1538,,,,,,,,,,,,,,
Matthew Garbett,1539,,,,,,,,,,,,mf,,
Matthew Sheridan,1540,,,,,,,,,,,,,,
Matthias Ginter,1541,,,,,,,,,,,,,,
Matthias Seidl,1542,,,,,,,,,,,,,,
Matthieu Udol,1544,,,,,,,,,,,,,,
Matthijs De Ligt,1545,,,,,,,,,,,,,,
Matz Sels,1547,,,,,,,,,,,,,,
Mauro Arambarri,1549,,,,,,,,,,,,,,
Max Balard,1551,,,,,,,,,,,,,,
Max Johnston,1553,,,,,,,,,,,,,,
Max Mata,1554,,,,,,,,,,,,,,
Maximilian Mittelstaedt,1560,,,,,,,,,,,,,,
Maximilian Woeber,1561,,,,,,,,,,,,,,
Maximo Perrone,1562,,,,,,,,,,,,,,
Maytham Jabbar,1563,,,,,,,,,,,,,,
Mehdi Dorval,1565,,,,,,,,,,,,,,
Mehdi Hashemnejad,1567,,,,,,,,,,,,,,
Melker Ellborg,1570,,,,,,,,,,,,,,
Mersad Seifi,1575,,,,,,,,,,,,,,
Michael Heule,1582,,,,,,,,,,,,,,
Michal Beran,1586,,,,,,,,,,,,,,
Michy Batshuayi,1589,,,,,,,,,,,,,,
Miguel Joseph,1592,,,,,,,,,,,,,,
Miguel Merentiel,1593,,,,,,,,,,,,,,
Mihlali Mayambela,1594,RSA,,,,,,,,,,,,,
Mika Godts,1595,,,,,,,,,,,,,,
Mikael Cantave,1596,,,,,,,,,,,,,,
Mikael Ishak,1597,,,,,,,,,,,,,,
Milton Delgado,1605,,,,,,,,,,,,,,
Mio Backhaus,1606,,,,,,,,,,,,,,
Mislav Orsic,1608,,,,,,,,,,,,,,
Mitchell Duke,1609,,,,,,,,,,,,,,
Mohamed Abukhalil,1612,,,,,,,,,,,,,,
Mohamed Ali Ben Romdhane,1614,,,,,,,,,,,,,,
Mohamed Altaay,1615,,,,,,,,,,,,,,
Mohamed Azzi,1619,,,,,,,,,,,,,,
Mohamed Belloumi,1620,,,,,,,,,,,,,,
Mohamed Chibi,1621,,,,,,,,,,,,,,
Mohamed Diomande,1622,,,,,,,,,,,,,,
Mohamed Drager,1623,,,,,,,,,,,,,,
Mohamed Farsi,1625,,,,,,,,,,,,,,
Mohamed Khacef,1629,,,,,,,,,,,,,,
Mohamed Khaled,1630,,,,,,,,,,,,,,
Mohamed Rabia,1633,,,,,,,,,,,,,,
Mohamed Rabie Hrimat,1634,,,,,,,,,,,,,,
Mohamed Shehata,1636,,,,,,,,,,,,,,
Mohammad Alkloub,1643,,,,,,,,,,,,,,
Mohammad Khodabandelo,1645,,,,,,,,,,,,,,
Mohammadjavad Hosseinnezhad,1647,,,,,,,,,,,,,,
Mohammed Jawad,1650,,,,,,,,,,,,,,
Mohammed Khubrani,1651,,,,,,,,,,,,,,
Mohammed Qasim,1653,,,,,,,,,,,,,,
Mohammed Salih,1654,,,,,,,,,,,,,,
Mohammed Waad,1655,,,,,,,,,,,,,,
Mohanad Jeahze,1657,,,,,,,,,,,,,,
Mohannad Alsouliman,1660,,,,,,,,,,,,,,
Mohannad Semreen,1661,,,,,,,,,,,,,,
Mohau Nkota,1662,RSA,,,,,,,,,,,,,
Momen Alsaket,1667,,,,,,,,,,,,,,
Mondy Prunier,1668,,,,,,,,,,,,,,
Monsef Bakrar,1669,,,,,,,,,,,,,,
Montader Madjed,1670,,,,,,,,,,,,,,
Moon Seonmin,1672,,,,,,,,,,,,,,
Morgan Gibbs White,1673,,,,,,,,,,,,,,
Moritz Nicolas,1675,,,,,,,,,,,,,,
Morteza Pouraliganji,1678,,,,,,,,,,,,,,
Moses Dyer,1680,,,,,,,,,,,,,,
Mostafa Mohamed,1681,,,,,,,,,,,,,,
Moussa Diaby,1687,,,,,,,,,,,,,,
Moustafa Tarek,1689,,,,,,,,,,,,,,
Mrwan Hassan,1691,,,,,,,,,,,,,,
Mthetheleli Mthiyane,1692,RSA,,,,,,,,,,,,,
Mubarak Shanan,1693,,,,,,,,,,,,,,
Muhammadrasul Abdumajidov,1694,,,,,,,,,,,,,,
Muhammed Cham,1695,,,,,,,,,,,,,,
Mukhammadkodir Khamraliev,1696,,,,,,,,,,,,,,
Mukhtar Ali,1697,,,,,,,,,,,,,,
Murad Alhawsawi,1700,,,,,,,,,,,,,,
Musaab Khidir,1701,,,,,,,,,,,,,,
Mustafa Eskihellac,1703,,,,,,,,,,,,,,
Myles Lewis Skelly,1705,,,,,,,,,,,,,,
Na Sangho,1706,,,,,,,,,,,,,,
Nabil Irfan,1709,,,,,,,,,,,,,,
Nacim Dendani,1710,,,,,,,,,,,,,,
Nader Ghandri,1711,,,,,,,,,,,,,,
Nahitan Nandez,1714,,,,,,,,,,,,,,
Nail Omerovic,1716,,,,,,,,,,,,,,
Nampalys Mendy,1717,,,,,,,,,,,,,,
Naomichi Ueda,1719,,,,,,,,,,,,,,
Nasser Mansy,1721,,,,,,,,,,,,,,
Natan,1722,,,,,,,,,,,,,,
Nathan De Cat,1724,,,,,,,,,,,,,,
Nathan Harriel,1725,,,,,,,,,,,,,,
Nathangelo Markelo,1730,,,,,,,,,,,,,,
Nathaniel Adjei,1731,,,,,,,,,,,,,,
Nayef Aguerd,1735,,,,,,,,,,,,df,,
Ndamulelo Maphandule,1736,RSA,,,,,,,,,,,,,
Neiser Villarreal,1738,,,,,,,,,,,,,,
Nelson Deossa,1739,,,,,,,,,,,,,,
Niall Mason,1745,,,,,,,,,,,,,,
Nicholas Dagostino,1746,,,,,,,,,,,,,,
Nick Pope,1747,,,,,,,,,,,,,,
Nicky Souren,1749,,,,,,,,,,,,,,
Niclas Fuellkrug,1750,,,,,,,,,,,,,,
Nicolas Capaldo,1757,,,,,,,,,,,,,,
Nicolas Dominguez,1759,,,,,,,,,,,,,,
Nicolas Fonseca,1760,,,,,,,,,,,,,,
Nicolas Kristof,1762,,,,,,,,,,,,,,
Nicolas Marichal,1763,,,,,,,,,,,,,,
Nicolo Tresoldi,1769,,,,,,,,,,,,,,
Nikita Haikin,1771,,,,,,,,,,,,,,
Niko Kirwan,1772,,,,,,,,,,,,,,
Nikola Markovic,1775,,,,,,,,,,,,,,
Nikola Tzanev,1777,,,,,,,,,,,,,,
Nikolas Polster,1780,,,,,,,,,,,,,,
Nikolas Veratschnig,1781,,,,,,,,,,,,,,
Nikolaus Wurmbrand,1782,,,,,,,,,,,,,,
Nino Fancito,1784,,,,,,,,,,,,,,
Nkosikhona Radebe,1787,RSA,,,,,,,,,,,,,
Noah Abatneh,1790,,,,,,,,,,,,,,
Noah Atubolu,1791,,,,,,,,,,,,,,
Noah Eile,1792,,,,,,,,,,,,,,
Nobel Mendy,1795,,,,,,,,,,,,,,
Nodirbek Abdurazzokov,1796,,,,,,,,,,,,,,
Noel Tornqvist,1797,,,,,,,,,,,,,,
Noureddine Farhati,1801,,,,,,,,,,,,,,
Nuno Tavares,1805,,,,,,,,,,,,,,
Odin Bjortuft,1810,,,,,,,,,,,,,,
Oh Sehun,1813,,,,,,,,,,,,,,
Okan Kocuk,1814,,,,,,,,,,,,,,
Oli Mcburnie,1815,,,,,,,,,,,,,,
Oliver Burke,1817,,,,,,,,,,,,,,
Olivier Deman,1818,,,,,,,,,,,,,,
Omar Ben Ali,1822,,,,,,,,,,,,,,
Omar Browne,1823,,,,,,,,,,,,,,
Omar El Hilali,1824,,,,,,,,,,,,,,
Omar Valencia,1827,,,,,,,,,,,,,,
Ondrej Kricfalusi,1828,,,,,,,,,,,,,,
Ondrej Mihalik,1829,,,,,,,,,,,,,,
Osama Faisal,1835,,,,,,,,,,,,,,
Osamah Rashid,1836,,,,,,,,,,,,,,
Oscar Mingueza,1838,,,,,,,,,,,,,,
Oscar Naasei,1839,,,,,,,,,,,,,,
Oscar Romero,1840,,,,,,,,,,,,,,
Oscar Zambrano,1841,,,,,,,,,,,,,,
Osman Hadzikic,1842,,,,,,,,,,,,,,
Othmane Maamma,1846,,,,,,,,,,,,,,
Otto Rosengren,1847,,,,,,,,,,,,,,
Oussama Targhalline,1852,,,,,,,,,,,,,,
Ousseynou Niang,1853,,,,,,,,,,,,,,
Owen Parker Price,1855,,,,,,,,,,,,,,
Oybek Bozorov,1856,,,,,,,,,,,,,,
Pablo Barrios,1858,,,,,,,,,,,,,,
Pablo Fornals,1859,,,,,,,,,,,,,,
Pape Sy,1863,,,,,,,,,,,,,,
Park Seungwook,1866,,,,,,,,,,,,,,
Pascal Loretz,1868,,,,,,,,,,,,,,
Patrick Andrade,1870,,,,,,,,,,,,,,
Patrick Maswanganyi,1873,RSA,,,,,,,,,,,,,
Patrick Schulte,1875,,,,,,,,,,,,,,
Patrick Yazbek,1877,,,,,,,,,,,,,,
Patrik Carlgren,1878,,,,,,,,,,,,,,
Patrik Hellebrand,1879,,,,,,,,,,,,,,
Pau Torres,1882,,,,,,,,,,,,,,
Paul Reverson,1885,,,,,,,,,,,,,,
Paulinho,1887,,,,,,,,,,,,,,
Paulo Cardoso,1888,,,,,,,,,,,,,,
Paulo Henrique,1889,,,,,,,,,,,,,,
Pavel Bucha,1890,,,,,,,,,,,,,,
Paxten Aaronson,1892,,,,,,,,,,,,,,
Pedro,1895,,,,,,,,,,,,,,
Pedro Goncalves,1896,,,,,,,,,,,,,,
Peter Gwargis,1904,,,,,,,,,,,,,,
Phil Foden,1905,,,,,,,,,,,,,,
Philipp Koehn,1906,,,,,,,,,,,,,,
Philipp Treu,1908,,,,,,,,,,,,,,
Pierre Kalulu,1912,,,,,,,,,,,,,,
Pouria Latififar,1913,,,,,,,,,,,,,,
Pourya Shahrabadi,1914,,,,,,,,,,,,,,
Prince Amoako,1916,,,,,,,,,,,,,,
Quilindschy Hartman,1918,,,,,,,,,,,,,,
Rafael Mosquera,1922,,,,,,,,,,,,,,
Rafael Santos Borre,1923,,,,,,,,,,,,,,
Raheem Edwards,1925,,,,,,,,,,,,,,
Ralph Priso,1927,,,,,,,,,,,,,,
Ramon Juarez,1930,MEX,,,,,,,,,,,,,
Randal Kolo Muani,1934,,,,,,,,,,,,,,
Rangelo Janga,1935,,,,,,,,,,,,,,
Ransford Yeboah Koenigsdoerffer,1937,,,,,,,,,,,,,,
Raphael Borges Rodrigues,1938,,,,,,,,,,,,,,
Rassoul Ndiaye,1940,,,,,,,,,,,,,,
Raul Florucz,1941,,,,,,,,,,,,,,
Rayan Hamed,1948,,,,,,,,,,,,,,
Rayan Kolli,1949,,,,,,,,,,,,,,
Rayane Bounida,1950,,,,,,,,,,,,,,
Rayyan Ahmed,1951,,,,,,,,,,,,,,
Razak Simpson,1952,,,,,,,,,,,,,,
Redouane Berkane,1954,,,,,,,,,,,,,,
Renaldo Leaner,1959,RSA,,,,,,,,,,,,,
Reo Hatate,1961,,,,,,,,,,,,,,
Reza Ghandipour,1962,,,,,,,,,,,,,,
Reziq Banihani,1963,,,,,,,,,,,,,,
Ricardo Horta,1966,,,,,,,,,,,,,,
Ricardo Phillips,1968,,,,,,,,,,,,,,
Ricardo Velho,1970,,,,,,,,,,,,,,
Richard Ledezma,1971,MEX,,,,,,,,,,,,,
Richarlison,1973,,,,,,,,,,,,,,
Ridle Baku,1975,,,,,,,,,,,,,,
Ridvan Yilmaz,1976,,,,,,,,,,,,,,
Rihito Yamamoto,1978,,,,,,,,,,,,,,
Riley Mcgree,1979,,,,,,,,,,,,,,
Ritchy Valme,1980,,,,,,,,,,,,,,
Robbie Ure,1983,,,,,,,,,,,,,,
Robby Mccrorie,1984,,,,,,,,,,,,,,
Robert Andrich,1985,,,,,,,,,,,,,,
Robert Morales,1986,,,,,,,,,,,,,,
Robert Piris Da Motta,1987,,,,,,,,,,,,,,
Robert Sanchez,1988,,,,,,,,,,,,,,
Robin Gosens,1990,,,,,,,,,,,,,,
Robin Koch,1992,,,,,,,,,,,,,,
Robin Le Normand,1993,,,,,,,,,,,,,,
Rocky Bushiri,1996,,,,,,,,,,,,,,
Rodney Redes,1998,,,,,,,,,,,,,,
Rodrigo Mora,2003,,,,,,,,,,,,,,
Roger Fernandes,2005,,,,,,,,,,,,,,
Romain Perraud,2007,,,,,,,,,,,,,,
Roman Celentano,2008,,,,,,,,,,,,,,
Romeo Lavia,2011,,,,,,,,,,,,,,
Romeo Vermant,2012,,,,,,,,,,,,,,
Ronald Donkor,2014,,,,,,,,,,,,,,
Ronaldo Damus,2015,,,,,,,,,,,,,,
Ronaldo De Jesus,2016,,,,,,,,,,,,,,
Ronaldo Martinez,2017,,,,,,,,,,,,,,
Roony Bardghji,2019,,,,,,,,,,,,,,
Ross Mccrorie,2022,,,,,,,,,,,,,,
Ruairidh Adams,2024,,,,,,,,,,,,,,
Ruben Lezcano,2026,,,,,,,,,,,,,,
Ruben Loftus Cheek,2027,,,,,,,,,,,,,,
Rustam Turdimurodov,2033,,,,,,,,,,,,,,
Ryan Gauld,2035,,,,,,,,,,,,,,
Ryan One,2038,,,,,,,,,,,,,,
Ryan Porteous,2039,,,,,,,,,,,,,,
Ryoya Morishita,2041,,,,,,,,,,,,,,
Ryunosuke Sato,2042,,,,,,,,,,,,,,
Sacha Boey,2044,,,,,,,,,,,,,,
Said Benrahma,2048,,,,,,,,,,,,,,
Said El Mala,2049,,,,,,,,,,,,,,
Sajjad Jasim,2050,,,,,,,,,,,,,,
Salah Mohsen,2051,,,,,,,,,,,,,,
Saleh Abu Alshamat,2054,,,,,,,,,,,,,,
Salim Adams,2059,,,,,,,,,,,,,,
Salis Abdul Samed,2060,,,,,,,,,,,,,,
Sam Adekugbe,2061,,,,,,,,,,,,,,
Sam Sutton,2062,,,,,,,,,,,,,,
Saman Fallah,2063,,,,,,,,,,,,,,
Samson Baidoo,2069,,,,,,,,,,,,,,
Samuel Dahl,2071,,,,,,,,,,,,,,
Samuel Essende,2072,,,,,,,,,,,,,,
Samuel Lino,2073,,,,,,,,,,,,,,
Samuel Mbangula,2074,,,,,,,,,,,,,,
Samuel Piette,2076,,,,,,,,,,,,,,
Samuel Silvera,2077,,,,,,,,,,,,,,
Santiago Beltran,2082,,,,,,,,,,,,,,
Santiago Castro,2084,,,,,,,,,,,,,,
Santiago Homenchenko,2086,,,,,,,,,,,,,,
Santiago Rojas,2088,,,,,,,,,,,,,,
Sardor Bakhromov,2089,,,,,,,,,,,,,,
Sascha Britschgi,2092,,,,,,,,,,,,,,
Sascha Horvath,2093,,,,,,,,,,,,,,
Saul Salcedo,2095,,,,,,,,,,,,,,
Savinho,2096,,,,,,,,,,,,,,
Sayfallah Ltaief,2097,,,,,,,,,,,,,,
Scott Bain,2098,,,,,,,,,,,,,,
Sean Zawadzki,2102,,,,,,,,,,,,,,
Sebastiaan Bornauw,2103,,,,,,,,,,,,,,
Sebastian Gomez,2106,,,,,,,,,,,,,,
Sebastian Nanasi,2107,,,,,,,,,,,,,,
Sebastian Sebulonsen,2108,,,,,,,,,,,,,,
Sebastian Soria,2109,,,,,,,,,,,,,,
Sebastian Villa,2111,,,,,,,,,,,,,,
Sebastien Haller,2112,,,,,,,,,,,,,,
Seifeddine Jaziri,2113,,,,,,,,,,,,,,
Semih Kilicsoy,2115,,,,,,,,,,,,,,
Seo Minwoo,2117,,,,,,,,,,,,,,
Sergio Gomez,2120,,,,,,,,,,,,,,
Shahab Zahedi,2122,,,,,,,,,,,,,,
Shehab Mamdouh,2124,,,,,,,,,,,,,,
Shelton Guillaume,2125,,,,,,,,,,,,,,
Sherko Kareem,2127,,,,,,,,,,,,,,
Shin Minha,2130,,,,,,,,,,,,,,
Shunsuke Mito,2133,,,,,,,,,,,,,,
Simon Eriksson,2140,,,,,,,,,,,,,,
Simon Olsson,2141,,,,,,,,,,,,,,
Simon Sohm,2142,,,,,,,,,,,,,,
Sinaly Diomande,2143,,,,,,,,,,,,,,
Sindre Walle Egeli,2144,,,,,,,,,,,,,,
Siphesihle Mkhize,2145,RSA,,,,,,,,,,,,,
Slim Bouaskar,2147,,,,,,,,,,,,,,
Sofiane Boufal,2148,,,,,,,,,,,,,,
Sofiane Diop,2149,,,,,,,,,,,,,,
Sohaib Nair,2151,,,,,,,,,,,,,,
Solomon Agbasi,2152,,,,,,,,,,,,,,
Sondre Brunstad Fet,2154,,,,,,,,,,,,,,
Sondre Orjasaeter,2156,,,,,,,,,,,,,,
Sota Kawasaki,2159,,,,,,,,,,,,,,
Sota Kitano,2160,,,,,,,,,,,,,,
Souffian El Karouani,2161,,,,,,,,,,,,,,
Soufiane Benjdida,2162,,,,,,,,,,,,,,
Soufiane Bouftini,2163,,,,,,,,,,,,,,
Soufiane El Faouzi,2164,,,,,,,,,,,,,,
Sphesihle Maduna,2167,RSA,,,,,,,,,,,,,
Stefan De Vrij,2168,,,,,,,,,,,,,,
Stephane Cueni,2171,,,,,,,,,,,,,,
Stephane Lambese,2172,,,,,,,,,,,,,,
Stephen Welsh,2174,,,,,,,,,,,,,,
Stevenson Jeudi,2177,,,,,,,,,,,,,,
Stian Gregersen,2178,,,,,,,,,,,,,,
Stiven Mendoza,2179,,,,,,,,,,,,,,
Storm Roux,2182,,,,,,,,,,,,,,
Stuart Findlay,2183,,,,,,,,,,,,,,
Suad Natiq,2184,,,,,,,,,,,,,,
Sven Botman,2187,,,,,,,,,,,,,,
Taher Mohamed,2189,,,,,,,,,,,,,,
Taishi Brandon Nozawa,2192,,,,,,,,,,,,,,
Takuma Asano,2196,,,,,,,,,,,,,,
Tanner Tessmann,2198,,,,,,,,,,,,,,
Tarek Salman,2200,,,,,,,,,,,,,,
Tarik Karic,2201,,,,,,,,,,,,,,
Tatsuhiro Sakamoto,2203,,,,,,,,,,,,,,
Tawfik Bentayeb,2204,,,,,,,,,,,,,,
Teo Michel,2207,,,,,,,,,,,,,,
Terry Yegbe,2208,,,,,,,,,,,,,,
Thabo Moloisane,2212,RSA,,,,,,,,,,,,,
Thapelo Morena,2215,RSA,,,,,,,,,,,,,
Theo Bair,2218,,,,,,,,,,,,,,
Thiago Silva,2222,,,,,,,,,,,,,,
Thierno Ballo,2224,,,,,,,,,,,,,,
Thorgan Hazard,2227,,,,,,,,,,,,,,
Tiago Gabriel,2228,,,,,,,,,,,,,,
Tiago Palacios,2229,,,,,,,,,,,,,,
Tim Kleindienst,2231,,,,,,,,,,,,,,
Timothy Tillman,2236,,,,,,,,,,,,,,
Tino Livramento,2238,,,,,,,,,,,,df,,
Tobias Guddal,2239,,,,,,,,,,,,,,
Tobias Lawal,2240,,,,,,,,,,,,,,
Tom Bischof,2241,,,,,,,,,,,,,,
Tom Glover,2242,,,,,,,,,,,,,,
Toma Basic,2243,,,,,,,,,,,,,,
Tomas Aranda,2244,,,,,,,,,,,,,,
Tomas Ladra,2248,,,,,,,,,,,,,,
Tomas Vlcek,2251,,,,,,,,,,,,,,
Tommy Conway,2252,,,,,,,,,,,,,,
Tommy St Jago,2253,,,,,,,,,,,,,,
Tomoya Ando,2255,,,,,,,,,,,,,,
Toni Martinez,2257,,,,,,,,,,,,,,
Toni Silic,2258,,,,,,,,,,,,,,
Trent Alexander Arnold,2260,,,,,,,,,,,,,,
Tristan Blackmon,2264,,,,,,,,,,,,,,
Tylon Smith,2270,RSA,,,,,,,,,,,,,
Tyrique Mercera,2273,,,,,,,,,,,,,,
Ulisses Garcia,2275,,,,,,,,,,,,,,
Umut Nayir,2277,,,,,,,,,,,,,,
Uran Bislimi,2279,,,,,,,,,,,,,,
Vaclav Jemelka,2281,,,,,,,,,,,,,,
Vaclav Sejk,2282,,,,,,,,,,,,,,
Vakoun Issouf Bayo,2283,,,,,,,,,,,,,,
Vasil Kusej,2285,,,,,,,,,,,,,,
Victor Eriksson,2286,,,,,,,,,,,,,,
Victor Griffith,2287,,,,,,,,,,,,,,
Victor Guzman,2288,MEX,,,,,,,,,,,,,
Victor Joseph,2289,,,,,,,,,,,,,,
Viljar Myhra,2294,,,,,,,,,,,,,,
Vincent Sierro,2295,,,,,,,,,,,,,,
Vitinho,2299,,,,,,,,,,,,,,
Vitor Reis,2300,,,,,,,,,,,,,,
Vladimir Nazarov,2303,,,,,,,,,,,,,,
Vojtech Patrak,2304,,,,,,,,,,,,,,
Vuyo Letlapa,2306,RSA,,,,,,,,,,,,,
Wajdi Kechrida,2308,,,,,,,,,,,,,,
Walker Zimmerman,2310,,,,,,,,,,,,,,
Walter Benitez,2311,,,,,,,,,,,,,,
Warren Kamanzi,2312,,,,,,,,,,,,,,
Wataru Endo,2314,,,,,,,,,,,,mf,,
Wesley,2315,,,,,,,,,,,,,,
Wesley Delgado,2316,,,,,,,,,,,,,,
Wesley Fofana,2317,,,,,,,,,,,,,,
Williot Swedberg,2325,,,,,,,,,,,,,,
Wilmar Barrios,2327,,,,,,,,,,,,,,
Woobens Pacius,2329,,,,,,,,,,,,,,
Wout Faes,2331,,,,,,,,,,,,,,
Xander Severina,2333,,,,,,,,,,,,,,
Xavier Arreaga,2335,,,,,,,,,,,,,,
Yanela Mbuthuma,2340,RSA,,,,,,,,,,,,,
Yanis Begraoui,2342,,,,,,,,,,,,,,
Yann Bisseck,2343,,,,,,,,,,,,,,
Yann Gboho,2344,,,,,,,,,,,,,,
Yannick Carrasco,2345,,,,,,,,,,,,,,
Yaser Asprilla,2347,,,,,,,,,,,,,,
Yassine Benzia,2351,,,,,,,,,,,,,,
Yassir Zabiri,2354,,,,,,,,,,,,,,
Yazan Alnaimat,2356,,,,,,,,,,,,,,
Yerson Mosquera,2361,,,,,,,,,,,,,,
Yousef Abualjazar,2364,,,,,,,,,,,,,,
Yousef Abujalboush,2365,,,,,,,,,,,,,,
Yousef Qashi,2366,,,,,,,,,,,,,,
Youssef Ayman,2368,,,,,,,,,,,,,,
Youssef En Nesyri,2370,,,,,,,,,,,,,,
Youssef Enriquez Lekhedim,2371,,,,,,,,,,,,,,
Youssouf Fofana,2372,,,,,,,,,,,,,,
Yu Hirakawa,2373,,,,,,,,,,,,,,
Yuki Ohashi,2375,,,,,,,,,,,,,,
Yuki Soma,2376,,,,,,,,,,,,,,
Yunus Musah,2379,,,,,,,,,,,,,,
Yuran Fernandes,2380,,,,,,,,,,,,,,
Yusuf Akcicek,2382,,,,,,,,,,,,,,
Yusuf Sari,2383,,,,,,,,,,,,,,
Yuto Tsunashima,2384,,,,,,,,,,,,,,
Zac Sapsford,2386,,,,,,,,,,,,,,
Zach Brault Guillard,2387,,,,,,,,,,,,,,
Zachary Athekame,2388,,,,,,,,,,,,,,
Zack Steffen,2389,,,,,,,,,,,,,,
Zaid Romero,2391,,,,,,,,,,,,,,
Zakaria Hawsawi,2394,,,,,,,,,,,,,,
Zavier Gozo,2395,,,,,,,,,,,,,,
Zorhan Bassong,2404,,,,,,,,,,,,,,
