Crosses,LinebreaksAttemptedDefensiveLine,Passes,PassesCompleted,TimePlayed,player_id,team,team_id,advanced,position,linebreaks_per90,linebreaks_per100passes,crosses_per90,passing_accuracy_rate
8,13.0,165,142,500.45925,430740,MAR,43872,True,Forward,2.337852682311297,7.878787878787878,1.438678573730029,86.06060606060606
12,15.0,200,161,458.66215,430605,BRA,43924,True,Midfielder,2.943342937715702,7.5,2.3546743501725618,80.5
34,17.0,201,163,476.7946333333333,403585,MEX,43911,True,Forward,3.2089287358449714,8.45771144278607,6.417857471689943,81.09452736318407
2,17.0,229,207,535.375,430750,ESP,43969,True,Forward,2.857809946299323,7.423580786026202,0.3362129348587439,90.39301310043668
15,13.0,474,433,857.4236500000001,430735,ESP,43969,True,Defender,1.3645529838137773,2.7426160337552745,1.57448421209282,91.35021097046413
7,3.0,68,55,431.2478333333334,441234,PAR,43928,True,Forward,0.6260901020951988,4.411764705882353,1.4608769048887973,80.88235294117648
38,7.0,449,402,650.4326666666667,400721,MAR,43872,True,Defender,0.9685860386265962,1.55902004454343,5.2580384954015225,89.53229398663697
0,1.0,226,212,390.04965000000004,448607,MAR,43872,True,Defender,0.23073985581066409,0.4424778761061947,0.0,93.80530973451327
2,1.0,69,59,186.09703333333334,431781,HAI,43908,False,Defender,0.4836186713347212,1.4492753623188406,0.9672373426694424,85.5072463768116
5,5.0,37,27,215.49868333333336,433426,MAR,43872,True,Forward,2.0881798117714716,13.513513513513514,2.0881798117714716,72.97297297297297
9,3.0,54,47,217.78018333333335,494293,MAR,43872,True,Midfielder,1.2397822238341092,5.555555555555555,3.719346671502327,87.03703703703704
3,5.0,218,193,286.9562166666667,395084,KOR,43822,False,Midfielder,1.5681834853667858,2.293577981651376,0.9409100912200716,88.53211009174312
20,12.0,159,140,300.0228,418490,KOR,43822,False,Midfielder,3.59972642079202,7.547169811320755,5.999544034653367,88.0503144654088
6,12.0,86,63,349.2808333333333,405545,ESP,43969,True,Forward,3.092067748731322,13.953488372093023,1.546033874365661,73.25581395348837
5,1.0,65,52,155.35448333333335,523097,CZE,43995,False,Midfielder,0.5793202620801953,1.5384615384615385,2.896601310400976,80.0
20,10.0,110,79,301.0626833333333,472908,CZE,43995,False,Defender,2.989410676990246,9.090909090909092,5.978821353980492,71.81818181818181
0,12.0,660,618,824.1481833333335,335999,ESP,43969,True,Defender,1.3104439490867448,1.8181818181818181,0.0,93.63636363636364
44,18.0,218,178,522.9011166666667,447860,ESP,43969,True,Midfielder,3.0981000964905188,8.256880733944955,7.573133569199046,81.65137614678899
6,5.0,152,142,217.34131666666667,382739,ESP,43969,True,Defender,2.0704760921742213,3.289473684210526,2.4845713106090654,93.42105263157895
8,4.0,149,124,664.9475333333335,430751,ESP,43969,True,Forward,0.5413960981182174,2.684563758389262,1.0827921962364349,83.22147651006712
9,6.0,50,45,159.79630000000003,447855,ESP,43969,True,Forward,3.3793022742078502,12.0,5.068953411311775,90.0
1,1.0,138,130,265.09478333333334,385531,AUT,43934,True,Midfielder,0.33950121110770004,0.7246376811594203,0.33950121110770004,94.20289855072464
7,8.0,150,130,412.32820000000004,385259,AUT,43934,True,Midfielder,1.746181803718494,5.333333333333334,1.5279090782536824,86.66666666666667
0,2.0,29,20,207.01103333333333,401131,AUT,43934,True,Forward,0.8695188710553431,6.896551724137931,0.0,68.96551724137932
2,5.0,106,93,284.68021666666664,430763,MEX,43911,True,Midfielder,1.5807210113476449,4.716981132075472,0.632288404539058,87.73584905660378
6,7.0,81,71,253.85453333333334,390267,USA,43921,True,Forward,2.4817362594535766,8.641975308641975,2.127202508103066,87.65432098765432
0,2.0,431,413,520.8456000000001,430601,BRA,43924,True,Defender,0.3455918606204986,0.46403712296983757,0.0,95.82366589327145
10,5.0,99,93,327.07326666666665,475036,BRA,43924,True,Forward,1.3758385226225562,5.05050505050505,2.7516770452451125,93.93939393939394
15,21.0,142,116,505.95831666666675,405742,BRA,43924,True,Forward,3.7354855879267257,14.788732394366196,2.6682039913762323,81.69014084507043
5,1.0,131,121,388.0640000000001,403596,MEX,43911,True,Defender,0.23192050795745028,0.7633587786259541,1.1596025397872514,92.36641221374046
4,6.0,113,82,439.9449166666667,424422,PAR,43928,True,Midfielder,1.227426388038351,5.3097345132743365,0.818284258692234,72.56637168141593
15,18.0,163,129,415.9863666666667,448214,USA,43921,True,Midfielder,3.8943583968416915,11.042944785276074,3.2452986640347423,79.14110429447852
4,9.0,283,256,442.47535,464542,USA,43921,True,Defender,1.8306104509550645,3.180212014134275,0.8136046448689176,90.45936395759718
5,8.0,190,162,255.2108166666667,411726,BRA,43924,True,Midfielder,2.8211970378214763,4.2105263157894735,1.7632481486384228,85.26315789473684
2,2.0,199,182,391.34568333333334,419518,MEX,43911,True,Midfielder,0.4599514129473171,1.0050251256281406,0.4599514129473171,91.4572864321608
1,5.0,222,198,302.36645,316002,AUT,43934,True,Defender,1.488260354282031,2.2522522522522523,0.2976520708564062,89.1891891891892
4,7.0,135,111,440.15866666666665,429157,MEX,43911,True,Forward,1.4313020456259713,5.185185185185185,0.8178868832148407,82.22222222222221
9,10.0,136,114,231.85036666666667,499912,USA,43921,True,Midfielder,3.881814003313344,7.352941176470589,3.49363260298201,83.82352941176471
3,2.0,22,21,82.19483333333332,419055,USA,43921,True,Forward,2.189918668853882,9.090909090909092,3.284878003280823,95.45454545454545
4,8.0,224,200,425.69913333333335,308386,BRA,43924,True,Midfielder,1.6913353672163143,3.571428571428571,0.8456676836081571,89.28571428571429
2,2.0,34,30,90.04825,406304,USA,43921,True,Forward,1.9989283523000172,5.88235294117647,1.9989283523000172,88.23529411764706
0,0.0,10,7,95.12960000000001,369768,PAR,43928,True,Forward,0.0,0.0,0.0,70.0
0,0.0,58,54,104.90254999999999,436599,USA,43921,True,Defender,0.0,0.0,0.0,93.10344827586206
1,1.0,27,18,198.4358166666667,520066,PAR,43928,True,Defender,0.4535471544997462,3.7037037037037033,0.4535471544997462,66.66666666666666
18,13.0,221,181,399.23064999999997,441251,USA,43921,True,Defender,2.930636713388614,5.88235294117647,4.057804680076543,81.90045248868778
0,0.0,43,42,95.14646666666667,394456,BRA,43924,True,Midfielder,0.0,0.0,0.0,97.67441860465115
4,6.0,67,49,306.1456166666667,369761,PAR,43928,True,Midfielder,1.7638665086227756,8.955223880597014,1.1759110057485171,73.13432835820896
0,2.0,30,23,73.62925,429392,BRA,43924,True,Midfielder,2.4446806126641247,6.666666666666667,0.0,76.66666666666667
1,1.0,38,33,247.66133333333335,419082,USA,43921,True,Forward,0.3633994810117041,2.631578947368421,0.3633994810117041,86.8421052631579
0,4.0,23,12,170.38978333333336,463127,PAR,43928,True,Forward,2.112802733575477,17.391304347826086,0.0,52.17391304347826
0,6.0,231,211,397.65656666666666,390238,USA,43921,True,Midfielder,1.3579556966115736,2.5974025974025974,0.0,91.34199134199135
10,4.0,44,30,143.85648333333336,433872,BRA,43924,True,Forward,2.502494094519433,9.090909090909092,6.256235236298584,68.18181818181817
0,3.0,132,107,520.8456,308370,BRA,43924,True,Goalkeeper,0.518387790930748,2.272727272727273,0.0,81.06060606060606
11,27.0,220,173,504.27435,390259,USA,43921,True,Midfielder,4.818805477613525,12.272727272727273,1.9632170464351397,78.63636363636364
0,2.0,291,277,419.95593333333335,419062,USA,43921,True,Defender,0.42861639927617795,0.6872852233676976,0.0,95.1890034364261
3,3.0,77,72,117.45150000000001,416576,MEX,43911,True,Midfielder,2.2988212155655736,3.896103896103896,2.2988212155655736,93.5064935064935
0,1.0,22,22,49.02105,430594,BRA,43924,True,Defender,1.8359459864690781,4.545454545454546,0.0,100.0
0,0.0,13,7,117.51943333333334,430759,MEX,43911,True,Forward,0.0,0.0,0.0,53.84615384615385
1,8.0,66,48,348.98519999999996,356731,MEX,43911,True,Forward,2.0631247399603194,12.121212121212121,0.2578905924950399,72.72727272727273
0,1.0,117,97,554.4526166666667,385306,PAR,43928,True,Midfielder,0.16232225675310938,0.8547008547008548,0.0,82.90598290598291
4,2.0,53,46,100.61593333333333,423700,USA,43921,True,Defender,1.7889810692673593,3.7735849056603774,3.5779621385347187,86.79245283018868
7,2.0,26,21,55.3918,314197,BRA,43924,True,Forward,3.2495784574612125,7.6923076923076925,11.373524601114243,80.76923076923077
12,4.0,69,54,208.43691666666672,495046,PAR,43928,True,Midfielder,1.727141265362861,5.797101449275362,5.181423796088584,78.26086956521739
1,1.0,7,6,22.707716666666656,390278,USA,43921,True,Forward,3.9634103825204816,14.285714285714285,3.9634103825204816,85.71428571428571
0,4.0,155,120,42.18448333333333,485070,MEX,43911,True,Goalkeeper,8.53394356297675,2.5806451612903225,0.0,77.41935483870968
1,2.0,26,23,81.49375,500038,MEX,43911,True,Defender,2.208758340363525,7.6923076923076925,1.1043791701817625,88.46153846153845
0,10.0,159,68,30.777066666666666,494531,PAR,43928,True,Goalkeeper,29.24255289652902,6.289308176100629,0.0,42.76729559748428
2,3.0,52,43,208.59924999999998,510757,HAI,43908,False,Forward,1.2943478943476547,5.769230769230769,0.8628985962317698,82.6923076923077
1,9.0,94,79,155.80253333333337,419068,USA,43921,True,Midfielder,5.19888850758952,9.574468085106384,0.5776542786210578,84.04255319148936
0,3.0,22,20,85.9498,461177,MEX,43911,True,Midfielder,3.141368566302656,13.636363636363635,0.0,90.9090909090909
2,5.0,170,156,349.6178666666666,395516,MEX,43911,True,Defender,1.2871195751246887,2.941176470588235,0.5148478300498756,91.76470588235294
4,6.0,80,57,293.80675,486875,PAR,43928,True,Defender,1.8379427974340274,7.5,1.2252951982893516,71.25
5,5.0,87,79,236.43435000000002,500037,MEX,43911,True,Midfielder,1.9032767446862098,5.747126436781609,1.9032767446862098,90.80459770114942
0,1.0,51,47,104.90254999999999,419077,USA,43921,True,Defender,0.857939106342029,1.9607843137254901,0.0,92.15686274509804
0,1.0,8,5,117.35748333333333,485804,PAR,43928,True,Midfielder,0.76688761077443,12.5,0.0,62.5
5,11.0,90,78,324.12940000000003,430609,BRA,43924,True,Forward,3.0543357066653005,12.222222222222221,1.3883344121205912,86.66666666666667
1,1.0,28,28,31.60065,448051,MEX,43911,True,Midfielder,2.848042682666337,3.571428571428571,2.848042682666337,100.0
6,5.0,275,256,505.65366666666665,367981,BRA,43924,True,Defender,0.8899371836190911,1.8181818181818181,1.0679246203429094,93.0909090909091
0,0.0,10,7,64.94615000000002,485802,PAR,43928,True,Forward,0.0,0.0,0.0,70.0
2,3.0,153,138,278.97153333333335,400634,MEX,43911,True,Defender,0.9678406852981175,1.9607843137254901,0.6452271235320783,90.19607843137256
9,13.0,129,80,488.06975000000006,479601,PAR,43928,True,Defender,2.397198351260245,10.077519379844961,1.6595988585647847,62.01550387596899
1,0.0,32,25,173.85736666666665,299200,AUT,43934,True,Forward,0.0,0.0,0.5176657263684158,78.125
1,4.0,380,367,520.8456,332946,BRA,43924,True,Defender,0.6911837212409974,1.0526315789473684,0.17279593031024934,96.57894736842105
1,1.0,32,24,216.86845000000002,476348,PAR,43928,True,Midfielder,0.41499812443903195,3.125,0.41499812443903195,75.0
1,4.0,20,16,146.53865,463746,BRA,43924,True,Forward,2.4566897538635715,20.0,0.6141724384658929,80.0
0,0.0,7,6,28.74970000000002,406205,PAR,43928,True,Midfielder,0.0,0.0,0.0,85.71428571428571
1,2.0,30,22,68.607,523215,HAI,43908,False,Midfielder,2.623638987275351,6.666666666666667,1.3118194936376755,73.33333333333333
19,11.0,167,140,431.4214333333333,402772,MEX,43911,True,Defender,2.2947399538100526,6.58682634730539,3.963641738399182,83.8323353293413
2,2.0,102,93,237.23881666666668,441261,MEX,43911,True,Defender,0.7587291259040029,1.9607843137254901,0.7587291259040029,91.17647058823529
2,4.0,101,80,332.37576666666666,463128,PAR,43928,True,Midfielder,1.083111454274695,3.9603960396039604,0.5415557271373475,79.20792079207921
0,6.0,298,281,419.95593333333335,339510,USA,43921,True,Defender,1.285849197828534,2.013422818791946,0.0,94.29530201342283
2,2.0,50,38,123.08418333333333,390272,USA,43921,True,Defender,1.4624137328232398,4.0,1.4624137328232398,76.0
0,3.0,12,12,38.946716666666674,448420,BRA,43924,True,Forward,6.932548443321921,25.0,0.0,100.0
7,6.0,294,262,471.82455,335656,BRA,43924,True,Defender,1.1444932231695024,2.0408163265306123,1.3352420936977527,89.1156462585034
1,7.0,116,69,456.2400166666667,369749,PAR,43928,True,Defender,1.3808521326183538,6.0344827586206895,0.19726459037405056,59.48275862068966
0,0.0,33,24,104.90254999999999,448217,USA,43921,True,Goalkeeper,0.0,0.0,0.0,72.72727272727273
1,0.0,19,13,69.49130000000001,505495,PAR,43928,True,Defender,0.0,0.0,1.295126152482397,68.42105263157895
0,0.0,91,80,554.4526166666667,369744,PAR,43928,True,Defender,0.0,0.0,0.0,87.91208791208791
6,2.0,60,53,226.1673166666667,464533,MEX,43911,True,Midfielder,0.7958709624931807,3.3333333333333335,2.387612887479542,88.33333333333333
0,2.0,95,63,419.95593333333335,499913,USA,43921,True,Goalkeeper,0.42861639927617795,2.1052631578947367,0.0,66.3157894736842
6,6.0,44,30,348.7864333333333,466624,USA,43921,True,Forward,1.548225356242354,13.636363636363635,1.548225356242354,68.18181818181817
0,4.0,237,221,412.8016,425701,MEX,43911,True,Defender,0.8720896430633989,1.6877637130801686,0.0,93.24894514767934
7,14.0,102,89,335.66993333333335,406280,USA,43921,True,Defender,3.753687402049116,13.725490196078432,1.876843701024558,87.25490196078431
3,3.0,65,59,171.50476666666668,430597,BRA,43924,True,Forward,1.5743002672617648,4.615384615384616,1.5743002672617648,90.76923076923077
0,3.0,97,70,363.09106666666673,431202,PAR,43928,True,Defender,0.7436151004174157,3.0927835051546393,0.0,72.16494845360825
1,0.0,13,12,87.7687,386339,MEX,43911,True,Forward,0.0,0.0,1.025422502555011,92.3076923076923
2,1.0,31,29,85.83313333333334,447866,ESP,43969,True,Midfielder,1.0485461325346777,3.225806451612903,2.0970922650693553,93.54838709677419
0,1.0,22,15,99.60738333333333,514334,CZE,43995,False,Defender,0.9035474779898345,4.545454545454546,0.0,68.18181818181817
0,0.0,14,14,59.519333333333336,519985,CZE,43995,False,Forward,0.0,0.0,0.0,100.0
0,2.0,44,35,152.65538333333333,404885,CZE,43995,False,Midfielder,1.1791264485377357,4.545454545454546,0.0,79.54545454545455
2,1.0,47,35,142.47899999999998,441166,CZE,43995,False,Defender,0.6316720358789717,2.127659574468085,1.2633440717579434,74.46808510638297
1,7.0,690,668,857.4236500000001,474973,ESP,43969,True,Defender,0.7347592989766494,1.0144927536231882,0.10496561413952132,96.81159420289856
0,1.0,66,55,169.3678,441167,CZE,43995,False,Defender,0.531387902541097,1.5151515151515151,0.0,83.33333333333334
40,36.0,265,225,697.6448833333333,484320,ESP,43969,True,Forward,4.644196606903136,13.584905660377359,5.160218452114594,84.90566037735849
2,2.0,160,135,301.0626833333333,441170,CZE,43995,False,Defender,0.5978821353980491,1.25,0.5978821353980491,84.375
0,3.0,28,24,199.70201666666668,401481,CZE,43995,False,Forward,1.3520143887714036,10.714285714285714,0.0,85.71428571428571
1,4.0,101,89,262.03216666666674,430733,ESP,43969,True,Midfielder,1.373877125772726,3.9603960396039604,0.3434692814431815,88.11881188118812
1,1.0,26,18,172.08943333333337,433754,CZE,43995,False,Forward,0.5229838826052267,3.8461538461538463,0.5229838826052267,69.23076923076923
4,3.0,47,34,100.11358333333334,483936,CZE,43995,False,Defender,2.6969367293648965,6.382978723404255,3.595915639153195,72.3404255319149
7,12.0,297,266,366.81455000000005,430718,ESP,43969,True,Midfielder,2.9442670690134833,4.040404040404041,1.7174891235911987,89.56228956228956
0,1.0,8,7,43.13613333333333,483961,CZE,43995,False,Forward,2.0864178832286,12.5,0.0,87.5
0,5.0,314,253,857.4236500000001,430753,ESP,43969,True,Goalkeeper,0.5248280706976067,1.5923566878980893,0.0,80.57324840764332
19,17.0,420,379,640.0823333333334,430144,ESP,43969,True,Defender,2.390317495613845,4.0476190476190474,2.6715313186272387,90.23809523809524
2,3.0,48,37,137.64870000000002,484011,CZE,43995,False,Midfielder,1.9615150742433454,6.25,1.3076767161622302,77.08333333333334
1,0.0,29,25,83.8494,423658,ESP,43969,True,Forward,0.0,0.0,1.0733529399137023,86.20689655172413
1,2.0,116,104,301.0626833333333,486080,CZE,43995,False,Defender,0.5978821353980491,1.7241379310344827,0.29894106769902457,89.65517241379311
11,4.0,84,69,204.00071666666668,433668,CZE,43995,False,Midfielder,1.7646996828360817,4.761904761904762,4.852924127799223,82.14285714285714
14,16.0,469,420,565.1375666666667,423646,ESP,43969,True,Midfielder,2.5480521645260765,3.411513859275053,2.229545643960317,89.55223880597015
1,2.0,42,36,172.187,486081,CZE,43995,False,Midfielder,1.0453750863886355,4.761904761904762,0.5226875431943178,85.71428571428571
0,0.0,24,22,29.62663333333333,430754,ESP,43969,True,Midfielder,0.0,0.0,0.0,91.66666666666666
1,3.0,51,39,209.14438333333334,486082,CZE,43995,False,Forward,1.290974185855497,5.88235294117647,0.4303247286184991,76.47058823529412
3,21.0,799,747,819.4039833333334,411375,ESP,43969,True,Midfielder,2.3065545670299095,2.6282853566958697,0.3295077952899871,93.4918648310388
0,0.0,11,10,29.499849999999995,405562,ESP,43969,True,Defender,0.0,0.0,0.0,90.9090909090909
0,1.0,18,14,58.453383333333335,358003,CZE,43995,False,Midfielder,1.5396884639982344,5.555555555555555,0.0,77.77777777777779
0,3.0,20,13,134.9916166666667,485676,HAI,43908,False,Forward,2.000124205243856,15.0,0.0,65.0
2,1.0,61,54,171.92673333333335,397775,HAI,43908,False,Defender,0.5234787996902556,1.639344262295082,1.0469575993805111,88.52459016393442
7,3.0,48,42,237.10235,485664,HAI,43908,False,Forward,1.138748730242446,6.25,2.657080370565707,87.5
1,2.0,39,34,101.50488333333334,505112,MAR,43872,True,Midfielder,1.7733136977153645,5.128205128205128,0.8866568488576823,87.17948717948718
1,0.0,9,8,33.98626666666665,523288,MAR,43872,True,Forward,0.0,0.0,2.6481284597307946,88.88888888888889
6,6.0,111,93,306.90215,489300,HAI,43908,False,Defender,1.7595184654131617,5.405405405405405,1.7595184654131617,83.78378378378379
2,1.0,116,102,288.64438333333334,466838,HAI,43908,False,Midfielder,0.31180236026302954,0.8620689655172413,0.6236047205260591,87.93103448275862
5,5.0,15,13,129.93523333333334,481027,HAI,43908,False,Forward,3.4632638773624906,33.33333333333333,3.4632638773624906,86.66666666666667
12,5.0,130,112,292.5059666666667,430697,HAI,43908,False,Midfielder,1.5384301562395475,3.8461538461538463,3.6922323749749144,86.15384615384616
0,5.0,136,121,306.90215,275917,HAI,43908,False,Defender,1.4662653878443015,3.6764705882352944,0.0,88.97058823529412
0,1.0,264,237,425.1304,485760,MAR,43872,True,Midfielder,0.21169975141744743,0.3787878787878788,0.0,89.77272727272727
0,0.0,119,113,208.51815,485767,MAR,43872,True,Defender,0.0,0.0,0.0,94.9579831932773
0,0.0,10,7,74.79993333333333,411678,MAR,43872,True,Forward,0.0,0.0,0.0,70.0
0,3.0,326,299,534.4722666666667,403083,MAR,43872,True,Defender,0.5051712068876913,0.9202453987730062,0.0,91.71779141104295
7,8.0,95,80,411.81245,448598,MAR,43872,True,Midfielder,1.7483687052200583,8.421052631578947,1.529822617067551,84.21052631578947
6,17.0,315,281,477.21636666666666,441307,MAR,43872,True,Midfielder,3.2060928896613,5.396825396825397,1.1315621963510472,89.20634920634922
0,3.0,433,405,634.7040666666667,485740,MAR,43872,True,Midfielder,0.42539510014168286,0.6928406466512702,0.0,93.53348729792148
1,2.0,151,146,306.90215,448363,HAI,43908,False,Defender,0.5865061551377205,1.3245033112582782,0.29325307756886027,96.68874172185431
3,1.0,166,152,240.65803333333332,424071,MAR,43872,True,Defender,0.37397463427012134,0.6024096385542169,1.121923902810364,91.56626506024097
0,3.0,106,98,175.12661666666668,372266,MAR,43872,True,Midfielder,1.5417416560608481,2.8301886792452833,0.0,92.45283018867924
1,4.0,110,100,121.32186666666668,505097,MAR,43872,True,Midfielder,2.967313394452662,3.6363636363636362,0.7418283486131655,90.9090909090909
0,0.0,17,13,168.96856666666667,431693,HAI,43908,False,Forward,0.0,0.0,0.0,76.47058823529412
0,2.0,105,67,306.90215,295922,HAI,43908,False,Goalkeeper,0.5865061551377205,1.9047619047619049,0.0,63.8095238095238
14,23.0,238,186,501.40958333333333,448612,MAR,43872,True,Midfielder,4.1283614609812505,9.663865546218489,2.5129156719016303,78.15126050420169
4,5.0,275,251,542.1143,411680,MAR,43872,True,Defender,0.8300832499714544,1.8181818181818181,0.6640665999771636,91.27272727272727
0,1.0,21,18,201.41621666666666,405879,HAI,43908,False,Forward,0.44683591763092895,4.761904761904762,0.0,85.71428571428571
0,1.0,14,14,22.713966666666664,485756,MAR,43872,True,Defender,3.962319806169186,7.142857142857142,0.0,100.0
0,0.0,226,221,268.94835,395088,KOR,43822,False,Defender,0.0,0.0,0.0,97.78761061946902
1,2.0,56,54,64.09340000000002,430385,KOR,43822,False,Midfielder,2.8084014890768776,3.571428571428571,1.4042007445384388,96.42857142857143
4,2.0,30,27,51.026816666666676,511828,KOR,43822,False,Defender,3.527556915334387,6.666666666666667,7.055113830668774,90.0
1,2.0,59,46,125.75956666666667,390525,KOR,43822,False,Midfielder,1.4313026417870927,3.389830508474576,0.7156513208935463,77.96610169491525
2,3.0,200,183,300.0228,423874,KOR,43822,False,Defender,0.899931605198005,1.5,0.5999544034653366,91.5
9,4.0,45,39,120.47548333333333,423880,KOR,43822,False,Defender,2.988159831689131,8.88888888888889,6.723359621300544,86.66666666666667
0,0.0,7,4,41.72641666666668,430387,KOR,43822,False,Forward,0.0,0.0,0.0,57.14285714285714
1,3.0,47,40,123.23641666666668,395083,KOR,43822,False,Midfielder,2.190910830605401,6.382978723404255,0.7303036102018003,85.1063829787234
0,0.0,13,9,25.352466666666686,448585,KOR,43822,False,Midfielder,0.0,0.0,0.0,69.23076923076923
4,3.0,236,217,300.0228,492315,KOR,43822,False,Midfielder,0.899931605198005,1.2711864406779663,1.1999088069306731,91.94915254237289
0,9.0,116,85,300.0228,274281,KOR,43822,False,Goalkeeper,2.699794815594015,7.758620689655173,0.0,73.27586206896551
3,2.0,58,49,183.8744666666667,307849,KOR,43822,False,Forward,0.9789287401513422,3.4482758620689653,1.4683931102270131,84.48275862068965
0,1.0,52,49,44.023766666666674,479316,KOR,43822,False,Defender,2.044350286549765,1.9230769230769231,0.0,94.23076923076923
11,6.0,123,113,274.67033333333336,429608,KOR,43822,False,Defender,1.9659931724212416,4.878048780487805,3.60432081610561,91.869918699187
3,2.0,9,9,53.77991666666668,423855,KOR,43822,False,Midfielder,3.346974319719721,22.22222222222222,5.020461479579582,100.0
1,7.0,152,135,216.4526666666667,402817,KOR,43822,False,Midfielder,2.910567052380967,4.605263157894736,0.4157952931972809,88.81578947368422
0,0.0,25,22,74.74058333333335,448580,KOR,43822,False,Defender,0.0,0.0,0.0,88.0
1,2.0,22,15,145.04273333333333,448586,KOR,43822,False,Forward,1.2410135679553749,9.090909090909092,0.6205067839776874,68.18181818181817
0,2.0,13,7,39.894116666666676,463286,AUT,43934,True,Forward,4.511943490414417,15.384615384615385,0.0,53.84615384615385
2,11.0,132,98,370.8797333333333,441067,AUT,43934,True,Defender,2.669328925315592,8.333333333333332,0.4853325318755622,74.24242424242425
0,0.0,31,30,30.350966666666665,463287,AUT,43934,True,Defender,0.0,0.0,0.0,96.7741935483871
6,2.0,64,56,160.33888333333334,463288,AUT,43934,True,Defender,1.1226222626597229,3.125,3.3678667879791684,87.5
3,2.0,153,141,361.2923166666667,441088,AUT,43934,True,Midfielder,0.49821153591281736,1.3071895424836601,0.747317303869226,92.15686274509804
30,16.0,126,94,412.32820000000004,358241,AUT,43934,True,Midfielder,3.492363607436988,12.698412698412698,6.548181763944353,74.60317460317461
0,0.0,30,25,108.19913333333332,463800,AUT,43934,True,Midfielder,0.0,0.0,0.0,83.33333333333334
1,4.0,80,68,270.9925666666667,520036,AUT,43934,True,Midfielder,1.3284497225446652,5.0,0.3321124306361663,85.0
1,2.0,24,16,88.35838333333332,430100,AUT,43934,True,Forward,2.0371581417571587,8.333333333333332,1.0185790708785794,66.66666666666666
0,3.0,140,128,207.58294999999998,372243,AUT,43934,True,Defender,1.3006848587516462,2.142857142857143,0.0,91.42857142857143
1,5.0,60,55,102.73196666666666,385248,AUT,43934,True,Midfielder,4.3803308220518185,8.333333333333332,0.8760661644103637,91.66666666666666
0,0.0,123,106,412.32820000000004,371739,AUT,43934,True,Goalkeeper,0.0,0.0,0.0,86.1788617886179
1,1.0,164,147,284.35603333333336,405263,AUT,43934,True,Defender,0.31650462606678176,0.6097560975609756,0.31650462606678176,89.63414634146342
3,3.0,25,22,41.44846666666666,463282,AUT,43934,True,Midfielder,6.514113107521469,12.0,6.514113107521469,88.0
4,5.0,91,65,283.87044999999995,463283,AUT,43934,True,Midfielder,1.5852301639709243,5.4945054945054945,1.2681841311767394,71.42857142857143
0,6.0,204,138,554.9256166666667,373235,NOR,43961,True,Goalkeeper,0.9731033922053878,2.941176470588235,0.0,67.64705882352942
0,3.0,225,179,810.0774333333334,448332,FRA,43946,True,Goalkeeper,0.33330147081001266,1.3333333333333335,0.0,79.55555555555556
0,12.0,265,190,756.7429999999999,336022,ENG,43942,True,Goalkeeper,1.4271688010328476,4.528301886792453,0.0,71.69811320754717
0,3.0,66,42,309.44849999999997,397894,JOR,43820,False,Goalkeeper,0.8725199831312803,4.545454545454546,0.0,63.63636363636363
0,2.0,123,89,432.60131666666666,424081,NED,43960,True,Goalkeeper,0.4160874991943121,1.6260162601626018,0.0,72.35772357723577
0,1.0,129,118,442.9462666666667,228912,GER,43948,True,Goalkeeper,0.20318491603345715,0.7751937984496124,0.0,91.47286821705426
12,15.0,271,223,405.9256833333334,430669,GER,43948,True,Midfielder,3.3257319145569375,5.535055350553505,2.66058553164555,82.28782287822878
4,5.0,81,65,389.2267333333333,430150,SWE,43970,True,Forward,1.1561384701050854,6.172839506172839,0.9249107760840684,80.24691358024691
1,8.0,70,48,400.9159166666667,483327,SWE,43970,True,Forward,1.7958877911016669,11.428571428571429,0.22448597388770836,68.57142857142857
25,9.0,368,336,392.5518666666667,386413,GER,43948,True,Defender,2.0634215979612374,2.4456521739130435,5.731726661003437,91.30434782608695
2,4.0,31,23,174.76788333333337,484851,GER,43948,True,Forward,2.059875036155098,12.903225806451612,1.029937518077549,74.19354838709677
8,6.0,67,56,282.13658333333336,489518,NED,43960,True,Forward,1.9139666101436092,8.955223880597014,2.551955480191479,83.5820895522388
5,3.0,126,111,374.26675,430176,NED,43960,True,Midfielder,0.7214105981896602,2.380952380952381,1.202350996982767,88.09523809523809
17,13.0,179,147,432.60131666666666,436612,NED,43960,True,Defender,2.704568744763028,7.262569832402235,3.536743743151652,82.12290502793296
9,11.0,123,94,298.7354833333333,433378,TUN,43888,False,Midfielder,3.313968561596494,8.94308943089431,2.711428823124404,76.42276422764228
1,0.0,92,79,190.212,430854,CIV,43854,True,Defender,0.0,0.0,0.4731562677433601,85.86956521739131
10,10.0,109,93,255.34333333333336,402261,CIV,43854,True,Forward,3.5246661357910263,9.174311926605505,3.5246661357910263,85.3211009174312
21,15.0,142,127,361.77293333333336,510922,CIV,43854,True,Forward,3.7316224504726163,10.56338028169014,5.2242714306616636,89.43661971830986
0,0.0,9,6,44.89193333333334,504193,RSA,43883,True,Forward,0.0,0.0,0.0,66.66666666666666
1,4.0,190,172,305.26345000000003,430831,CIV,43854,True,Midfielder,1.1793092163506635,2.1052631578947367,0.2948273040876659,90.52631578947368
0,2.0,16,12,77.528,403304,JPN,43819,True,Midfielder,2.321741822309359,12.5,0.0,75.0
1,4.0,35,26,349.8537166666666,430413,JPN,43819,True,Forward,1.0290015021992764,11.428571428571429,0.2572503755498191,74.28571428571429
5,5.0,105,89,295.09656666666666,391646,JPN,43819,True,Midfielder,1.524924552945776,4.761904761904762,1.524924552945776,84.76190476190476
0,1.0,110,107,138.28586666666666,400511,JPN,43819,True,Defender,0.6508257291176539,0.9090909090909091,0.0,97.27272727272728
1,1.0,131,124,303.75545,479294,JPN,43819,True,Midfielder,0.2962909801289162,0.7633587786259541,0.2962909801289162,94.65648854961832
9,10.0,117,100,330.25921666666665,405522,JPN,43819,True,Midfielder,2.7251321222274245,8.547008547008547,2.452618910004682,85.47008547008546
15,12.0,38,29,200.09721666666667,484139,TUR,43972,False,Forward,5.397376425275947,31.57894736842105,6.746720531594933,76.31578947368422
6,4.0,85,60,172.91901666666666,433118,TUR,43972,False,Midfielder,2.0818994170778016,4.705882352941177,3.122849125616703,70.58823529411765
2,2.0,88,80,207.3285,489689,SWE,43970,True,Midfielder,0.8681874416686564,2.272727272727273,0.8681874416686564,90.9090909090909
1,6.0,89,77,214.36255000000006,498421,AUS,43976,True,Midfielder,2.519096735880404,6.741573033707865,0.4198494559800673,86.51685393258427
0,1.0,347,330,432.60131666666666,397786,NED,43960,True,Defender,0.20804374959715605,0.2881844380403458,0.0,95.10086455331412
19,6.0,131,115,319.2588166666667,511015,GER,43948,True,Defender,1.6914176580558018,4.580152671755725,5.3561559171767055,87.78625954198473
10,18.0,100,79,394.13865000000004,448152,NED,43960,True,Forward,4.110228722811122,18.0,2.2834604015617344,79.0
1,2.0,17,15,68.4315166666667,336098,NED,43960,True,Forward,2.6303669532386507,11.76470588235294,1.3151834766193253,88.23529411764706
15,4.0,67,53,211.23113333333333,483526,NED,43960,True,Midfielder,1.7042942217798072,5.970149253731343,6.391103331674277,79.1044776119403
2,4.0,131,120,299.98248333333333,492363,GER,43948,True,Midfielder,1.2000700707580203,3.0534351145038165,0.6000350353790102,91.6030534351145
2,2.0,20,17,50.111333333333334,395471,GER,43948,True,Midfielder,3.592001809304615,10.0,3.592001809304615,85.0
5,0.0,31,27,90.67051666666669,404319,AUS,43976,True,Forward,0.0,0.0,4.963024548038492,87.09677419354838
2,2.0,16,12,182.86648333333335,498806,AUS,43976,True,Forward,0.9843247199755667,12.5,0.9843247199755667,75.0
1,0.0,8,5,31.229050000000015,406606,AUS,43976,True,Forward,0.0,0.0,2.8819320472444714,62.5
1,2.0,16,15,46.20801666666665,514202,SWE,43970,True,Forward,3.8954279578471422,12.5,1.9477139789235711,93.75
17,2.0,107,84,371.23356666666666,489688,SWE,43970,True,Midfielder,0.48486994755413193,1.8691588785046727,4.121394554210122,78.50467289719626
0,3.0,122,79,435.70925,494557,AUS,43976,True,Goalkeeper,0.6196792930147799,2.459016393442623,0.0,64.75409836065575
8,8.0,107,94,343.94795000000005,423522,AUS,43976,True,Defender,2.09333999519404,7.476635514018691,2.09333999519404,87.85046728971963
2,1.0,31,27,81.44271666666668,494411,AUS,43976,True,Defender,1.1050711921651268,3.225806451612903,2.2101423843302537,87.09677419354838
5,7.0,147,112,356.02708333333334,483276,SWE,43970,True,Defender,1.7695283013347534,4.761904761904762,1.263948786667681,76.19047619047619
2,2.0,52,41,103.4552,406231,TUR,43972,False,Forward,1.739883543794802,3.8461538461538463,1.739883543794802,78.84615384615384
2,3.0,109,94,204.07143333333335,433694,SCO,43967,False,Defender,1.3230661224345788,2.7522935779816518,0.8820440816230526,86.23853211009175
0,0.0,12,6,88.11825,491166,AUS,43976,True,Forward,0.0,0.0,0.0,50.0
1,7.0,206,173,400.9159166666667,483304,SWE,43970,True,Defender,1.5714018172139583,3.3980582524271843,0.22448597388770836,83.98058252427184
6,6.0,49,38,183.67756666666665,519958,SWE,43970,True,Defender,2.939934417685194,12.244897959183673,2.939934417685194,77.55102040816327
0,6.0,73,39,200.04465,489685,SWE,43970,True,Goalkeeper,2.699397359539483,8.21917808219178,0.0,53.42465753424658
0,2.0,34,20,183.83883333333335,484045,SCO,43967,False,Forward,0.9791184851223852,5.88235294117647,0.0,58.82352941176471
10,5.0,190,171,208.81293333333332,369304,TUR,43972,False,Midfielder,2.1550389279846653,2.631578947368421,4.310077855969331,90.0
8,12.0,172,142,406.97360000000003,430440,AUS,43976,True,Midfielder,2.6537347877110453,6.976744186046512,1.7691565251406969,82.55813953488372
1,1.0,44,32,285.9299666666667,486306,AUS,43976,True,Forward,0.3147623911169856,2.272727272727273,0.3147623911169856,72.72727272727273
0,1.0,96,87,306.7999,433787,SCO,43967,False,Midfielder,0.2933508126958321,1.0416666666666665,0.0,90.625
13,9.0,66,52,180.0079166666667,448015,AUS,43976,True,Forward,4.499802092037618,13.636363636363635,6.499714132943227,78.78787878787878
0,1.0,128,122,237.63005,483312,SWE,43970,True,Defender,0.3787399783823637,0.78125,0.0,95.3125
1,5.0,124,119,208.81293333333332,441179,TUR,43972,False,Defender,2.1550389279846653,4.032258064516129,0.43100778559693304,95.96774193548387
1,3.0,61,52,120.65668333333333,389907,TUR,43972,False,Midfielder,2.23775420093458,4.918032786885246,0.7459180669781933,85.24590163934425
1,10.0,221,177,438.20265000000006,448014,AUS,43976,True,Defender,2.053844265889309,4.524886877828054,0.20538442658893094,80.09049773755656
0,1.0,52,49,102.90988333333334,442431,SCO,43967,False,Defender,0.8745515696338203,1.9230769230769231,0.0,94.23076923076923
8,7.0,80,65,354.5715,430452,AUS,43976,True,Midfielder,1.7767925510087528,8.75,2.0306200582957175,81.25
9,2.0,43,33,183.24768333333333,430450,AUS,43976,True,Defender,0.9822770838121555,4.651162790697675,4.4202468771547,76.74418604651163
0,8.0,199,171,438.20265000000006,430442,AUS,43976,True,Defender,1.6430754127114475,4.0201005025125625,0.0,85.92964824120602
14,9.0,198,170,313.71548333333334,484087,TUR,43972,False,Forward,2.5819573563710514,4.545454545454546,4.016378109910525,85.85858585858585
2,2.0,38,34,69.17488333333333,503047,SWE,43970,True,Midfielder,2.6021005215525,5.263157894736842,2.6021005215525,89.47368421052632
0,0.0,24,22,55.25344999999999,486074,TUR,43972,False,Forward,0.0,0.0,0.0,91.66666666666666
3,3.0,46,39,97.06983333333332,486076,TUR,43972,False,Forward,2.781502663889743,6.521739130434782,2.781502663889743,84.78260869565217
6,3.0,242,222,300.14936666666665,484082,TUR,43972,False,Defender,0.8995521229929854,1.2396694214876034,1.7991042459859707,91.73553719008265
1,4.0,11,7,49.21558333333334,430098,SCO,43967,False,Forward,7.31475633564572,36.36363636363637,1.82868908391143,63.63636363636363
2,2.0,63,56,144.31038333333333,484051,SCO,43967,False,Midfielder,1.2473114951418949,3.1746031746031744,1.2473114951418949,88.88888888888889
2,0.0,15,9,143.9643,441188,TUR,43972,False,Forward,0.0,0.0,1.250309972680727,60.0
6,4.0,50,46,149.90486666666663,502946,SWE,43970,True,Midfielder,2.4015230993167673,8.0,3.6022846489751505,92.0
1,0.0,10,7,67.45988333333334,321697,AUS,43976,True,Forward,0.0,0.0,1.33412623255352,70.0
3,3.0,67,51,233.05701666666664,502945,SWE,43970,True,Defender,1.15851478690372,4.477611940298507,1.15851478690372,76.11940298507463
1,2.0,111,104,153.4686,484092,TUR,43972,False,Midfielder,1.172878360785203,1.8018018018018018,0.5864391803926015,93.69369369369369
1,1.0,79,70,173.60865,433072,TUR,43972,False,Defender,0.5184073489425786,1.2658227848101267,0.5184073489425786,88.60759493670885
0,0.0,98,77,313.71548333333334,441181,TUR,43972,False,Goalkeeper,0.0,0.0,0.0,78.57142857142857
0,3.0,66,45,200.87126666666666,360496,SWE,43970,True,Goalkeeper,1.3441444586897946,4.545454545454546,0.0,68.18181818181817
0,3.0,200,190,390.7919166666667,395283,SWE,43970,True,Defender,0.6909047717849844,1.5,0.0,95.0
9,3.0,201,185,306.7999,442434,SCO,43967,False,Midfielder,0.8800524380874961,1.4925373134328357,2.6401573142624883,92.03980099502488
0,2.0,180,171,306.7999,430147,SCO,43967,False,Defender,0.5867016253916641,1.1111111111111112,0.0,95.0
1,0.0,23,18,75.49021666666667,339112,AUS,43976,True,Defender,0.0,0.0,1.1922074670603011,78.26086956521739
7,1.0,52,47,204.07465000000002,485131,SCO,43967,False,Forward,0.4410150893312814,1.9230769230769231,3.0871056253189697,90.38461538461539
2,3.0,46,38,114.62848333333332,491255,SWE,43970,True,Defender,2.3554355091208428,6.521739130434782,1.5702903394138952,82.6086956521739
6,1.0,82,60,245.4124666666667,349342,AUS,43976,True,Defender,0.36672953588068197,1.2195121951219512,2.2003772152840915,73.17073170731707
0,0.0,7,7,25.859183333333334,433795,SWE,43970,True,Midfielder,0.0,0.0,0.0,100.0
1,1.0,42,38,79.13776666666668,442428,SCO,43967,False,Defender,1.1372572640201706,2.380952380952381,1.1372572640201706,90.47619047619048
1,1.0,35,29,114.56993333333335,430097,SCO,43967,False,Midfielder,0.785546411536709,2.857142857142857,0.785546411536709,82.85714285714286
6,4.0,81,72,132.43903333333333,430120,TUR,43972,False,Defender,2.718231860647327,4.938271604938271,4.07734779097099,88.88888888888889
8,10.0,121,108,249.02981666666665,484112,TUR,43972,False,Forward,3.6140250675471326,8.264462809917356,2.8912200540377064,89.25619834710744
2,2.0,124,103,255.06915000000004,355775,AUS,43976,True,Midfielder,0.7056909861502262,1.6129032258064515,0.7056909861502262,83.06451612903226
0,2.0,19,12,160.21568333333335,433191,SCO,43967,False,Forward,1.1234855181156318,10.526315789473683,0.0,63.1578947368421
0,2.0,56,45,152.46643333333333,382312,AUS,43976,True,Defender,1.1805877271784195,3.571428571428571,0.0,80.35714285714286
0,2.0,37,31,147.32668333333334,441135,SWE,43970,True,Midfielder,1.2217746027224532,5.405405405405405,0.0,83.78378378378379
4,1.0,59,52,134.03019999999998,484065,TUR,43972,False,Defender,0.6714904551362305,1.694915254237288,2.685961820544922,88.13559322033898
0,2.0,36,26,104.90254999999999,406249,TUR,43972,False,Defender,1.715878212684058,5.555555555555555,0.0,72.22222222222221
0,0.0,106,101,232.60048333333336,504931,AUS,43976,True,Defender,0.0,0.0,0.0,95.28301886792453
12,9.0,76,60,247.33688333333333,441137,SWE,43970,True,Forward,3.274885609795493,11.842105263157894,4.366514146393991,78.94736842105263
4,9.0,175,161,179.68528333333333,484113,TUR,43972,False,Defender,4.507881697230444,5.142857142857142,2.0035029765468644,92.0
0,0.0,13,12,52.846233333333345,479781,TUN,43888,False,Midfielder,0.0,0.0,0.0,92.3076923076923
3,0.0,30,26,258.40035,464103,CIV,43854,True,Forward,0.0,0.0,1.0448902255743848,86.66666666666667
0,0.0,113,107,298.7354833333333,433380,TUN,43888,False,Defender,0.0,0.0,0.0,94.69026548672566
1,3.0,78,70,100.30330000000001,486260,CIV,43854,True,Defender,2.6918356624358317,3.8461538461538463,0.8972785541452772,89.74358974358975
0,2.0,44,40,130.40365,463236,RSA,43883,True,Midfielder,1.3803294616370017,4.545454545454546,0.0,90.9090909090909
0,2.0,280,257,402.1005333333334,506039,RSA,43883,True,Defender,0.44764924460018946,0.7142857142857143,0.0,91.78571428571428
1,0.0,10,9,22.763000000000005,477778,CIV,43854,True,Forward,0.0,0.0,3.953784650529367,90.0
0,1.0,114,74,408.92733333333337,405873,CIV,43854,True,Goalkeeper,0.22008800259540812,0.8771929824561403,0.0,64.91228070175438
7,3.0,99,82,287.5561666666667,419223,RSA,43883,True,Forward,0.938946999919436,3.0303030303030303,2.1908763331453507,82.82828282828282
0,1.0,48,24,198.18926666666667,433365,TUN,43888,False,Goalkeeper,0.4541113730006906,2.083333333333333,0.0,50.0
7,4.0,73,69,211.64278333333334,430822,CIV,43854,True,Forward,1.7009793309749044,5.47945205479452,2.9767138292060826,94.52054794520548
7,8.0,80,54,274.07061666666664,419189,TUN,43888,False,Defender,2.627060167036026,10.0,2.298677646156523,67.5
9,9.0,149,124,303.6422166666667,407343,CIV,43854,True,Defender,2.667613248552998,6.0402684563758395,2.667613248552998,83.22147651006712
1,3.0,21,15,127.6534,464133,CIV,43854,True,Forward,2.1151023004479317,14.285714285714285,0.7050341001493104,71.42857142857143
0,0.0,20,16,49.03696666666666,411653,TUN,43888,False,Defender,0.0,0.0,0.0,80.0
4,2.0,75,59,257.30771666666664,433361,TUN,43888,False,Midfielder,0.6995515032811234,2.666666666666667,1.3991030065622467,78.66666666666666
0,0.0,23,16,100.54621666666667,520245,TUN,43888,False,Goalkeeper,0.0,0.0,0.0,69.56521739130434
0,1.0,52,42,101.00468333333333,463221,RSA,43883,True,Defender,0.891047791348289,1.9230769230769231,0.0,80.76923076923077
11,9.0,163,143,311.1920166666667,486317,CIV,43854,True,Defender,2.602894536551146,5.521472392638037,3.181315544673623,87.73006134969326
0,4.0,125,115,240.67673333333335,514208,CIV,43854,True,Midfielder,1.4957823093826268,3.2,0.0,92.0
3,1.0,18,16,98.39221666666667,504502,TUN,43888,False,Midfielder,0.9147064986339536,5.555555555555555,2.744119495901861,88.88888888888889
0,0.0,8,7,58.91465000000002,448662,TUN,43888,False,Forward,0.0,0.0,0.0,87.5
0,1.0,29,20,241.34380000000004,430917,RSA,43883,True,Forward,0.3729120035401779,3.4482758620689653,0.0,68.96551724137932
1,0.0,36,35,142.11405000000002,464484,TUN,43888,False,Midfielder,0.0,0.0,0.6332941746435344,97.22222222222221
0,1.0,149,141,316.45065,477825,CIV,43854,True,Defender,0.2844045351147169,0.6711409395973155,0.0,94.63087248322147
8,9.0,139,115,381.26880000000006,395050,RSA,43883,True,Defender,2.1244854024247455,6.474820143884892,1.8884314688219963,82.73381294964028
2,1.0,29,22,124.6227,482885,TUN,43888,False,Forward,0.7221798275916025,3.4482758620689653,1.444359655183205,75.86206896551724
0,7.0,237,179,402.1005333333334,395986,RSA,43883,True,Goalkeeper,1.5667723561006632,2.9535864978902953,0.0,75.52742616033755
0,2.0,45,38,103.66388333333335,405175,CIV,43854,True,Midfielder,1.7363810250210896,4.444444444444445,0.0,84.44444444444444
1,2.0,30,25,162.7532,336459,TUN,43888,False,Midfielder,1.10596903778236,6.666666666666667,0.55298451889118,83.33333333333334
5,5.0,74,51,293.00266666666664,433362,TUN,43888,False,Defender,1.535822199570425,6.756756756756757,1.535822199570425,68.91891891891892
0,1.0,129,109,252.61666666666667,390475,RSA,43883,True,Midfielder,0.35627102988718085,0.7751937984496124,0.0,84.49612403100775
2,5.0,49,37,255.94675,463234,RSA,43883,True,Forward,1.7581782148044467,10.204081632653061,0.7032712859217787,75.51020408163265
1,3.0,19,17,40.3434,477777,CIV,43854,True,Forward,6.69254450542096,15.789473684210526,2.2308481684736536,89.47368421052632
1,0.0,10,7,92.70866666666667,494374,TUN,43888,False,Forward,0.0,0.0,0.9707830263981072,70.0
3,6.0,196,176,301.99760000000003,403616,RSA,43883,True,Midfielder,1.788093680214677,3.061224489795918,0.8940468401073385,89.79591836734694
4,1.0,23,16,94.28641666666668,506202,CIV,43854,True,Forward,0.9545383437168838,4.3478260869565215,3.8181533748675354,69.56521739130434
2,3.0,24,21,182.0806,481242,RSA,43883,True,Forward,1.4828597884673052,12.5,0.9885731923115367,87.5
0,0.0,74,72,100.30330000000001,477802,CIV,43854,True,Defender,0.0,0.0,0.0,97.2972972972973
0,0.0,7,7,66.13913333333335,494375,TUN,43888,False,Forward,0.0,0.0,0.0,100.0
2,4.0,93,77,200.57511666666664,433367,TUN,43888,False,Defender,1.7948387914851853,4.301075268817205,0.8974193957425927,82.79569892473118
2,7.0,213,185,402.1005333333334,504199,RSA,43883,True,Defender,1.5667723561006632,3.286384976525822,0.44764924460018946,86.85446009389672
4,13.0,188,165,389.5302333333334,371609,CIV,43854,True,Midfielder,3.0036179476697864,6.914893617021277,0.9241901377445498,87.7659574468085
4,4.0,97,82,293.99396666666667,494248,RSA,43883,True,Midfielder,1.2245149248527663,4.123711340206185,1.2245149248527663,84.5360824742268
0,3.0,109,99,267.70141666666666,411658,TUN,43888,False,Midfielder,1.0085863697023145,2.7522935779816518,0.0,90.82568807339449
5,5.0,187,168,402.1005333333334,463218,RSA,43883,True,Defender,1.1191231115004736,2.6737967914438503,1.1191231115004736,89.83957219251337
2,6.0,54,44,184.20440000000002,486161,RSA,43883,True,Forward,2.9315260656097246,11.11111111111111,0.9771753552032416,81.48148148148148
0,1.0,154,142,308.62403333333333,486268,CIV,43854,True,Defender,0.2916169522766697,0.6493506493506493,0.0,92.20779220779221
0,1.0,98,81,221.79108333333335,425607,TUN,43888,False,Defender,0.40578727804281284,1.0204081632653061,0.0,82.6530612244898
0,0.0,30,19,100.25048333333334,483535,NOR,43961,True,Goalkeeper,0.0,0.0,0.0,63.33333333333333
17,10.0,85,65,242.72113333333328,395321,JPN,43819,True,Midfielder,3.7079589553663377,11.76470588235294,6.303530224122774,76.47058823529412
2,0.0,34,31,99.72338333333333,430401,JPN,43819,True,Defender,0.0,0.0,1.8049929112245993,91.17647058823529
0,2.0,50,42,97.65581666666665,405527,JPN,43819,True,Defender,1.8432081789290928,4.0,0.0,84.0
1,6.0,127,109,208.4399,403289,JPN,43819,True,Defender,2.5906748180170878,4.724409448818897,0.43177913633618137,85.8267716535433
3,1.0,30,28,271.51321666666666,430407,JPN,43819,True,Midfielder,0.3314755764191467,3.3333333333333335,0.9944267292574401,93.33333333333333
10,11.0,199,178,405.81909999999993,403274,JPN,43819,True,Defender,2.439510609530207,5.527638190954774,2.217736917754734,89.44723618090453
0,1.0,160,145,225.29958333333332,400514,JPN,43819,True,Midfielder,0.39946811560163414,0.625,0.0,90.625
1,1.0,127,122,267.5332333333333,390541,JPN,43819,True,Defender,0.3364068040394234,0.7874015748031495,0.3364068040394234,96.06299212598425
5,4.0,73,52,181.66254999999998,405528,JPN,43819,True,Defender,1.9816962824753919,5.47945205479452,2.47712035309424,71.23287671232876
0,6.0,109,76,405.81909999999993,405530,JPN,43819,True,Goalkeeper,1.3306421506528403,5.5045871559633035,0.0,69.72477064220183
1,1.0,7,6,58.25359999999999,498455,JPN,43819,True,Defender,1.5449688946262552,14.285714285714285,1.5449688946262552,85.71428571428571
4,6.0,200,170,359.58275,448557,JPN,43819,True,Midfielder,1.5017405590229231,3.0,1.0011603726819487,85.0
1,3.0,123,112,189.96725000000004,336088,NED,43960,True,Defender,1.4212976184052775,2.4390243902439024,0.47376587280175914,91.05691056910568
3,3.0,117,105,291.4253,448140,NED,43960,True,Defender,0.9264809884385468,2.564102564102564,0.9264809884385468,89.74358974358975
0,1.0,13,6,33.05566666666667,484850,GER,43948,True,Forward,2.722679923764962,7.6923076923076925,0.0,46.15384615384615
11,7.0,153,124,255.4343166666667,401339,SCO,43967,False,Defender,2.466387477694037,4.57516339869281,3.8757517506620585,81.04575163398692
1,1.0,260,240,300.04376666666667,484849,GER,43948,True,Midfielder,0.2999562397174723,0.38461538461538464,0.2999562397174723,92.3076923076923
1,1.0,30,23,122.22653333333336,379953,GER,43948,True,Midfielder,0.736337663726043,3.3333333333333335,0.736337663726043,76.66666666666667
9,7.0,55,47,277.69688333333335,401334,SCO,43967,False,Midfielder,2.268660679363044,12.727272727272727,2.9168494448953424,85.45454545454545
1,4.0,246,230,300.8625833333333,379955,GER,43948,True,Defender,1.1965595588905344,1.6260162601626018,0.2991398897226336,93.4959349593496
14,4.0,52,44,123.68744999999998,430657,GER,43948,True,Defender,2.9105620659169547,7.6923076923076925,10.186967230709342,84.61538461538461
0,0.0,38,33,50.194649999999996,514188,GER,43948,True,Defender,0.0,0.0,0.0,86.8421052631579
0,1.0,8,7,36.48650000000001,448157,NED,43960,True,Midfielder,2.4666657530867577,12.5,0.0,87.5
3,1.0,14,11,37.55675000000001,491218,GER,43948,True,Midfielder,2.3963734881213092,7.142857142857142,7.189120464363927,78.57142857142857
0,1.0,7,4,58.400183333333345,448159,NED,43960,True,Forward,1.5410910525109651,14.285714285714285,0.0,57.14285714285714
4,2.0,63,54,145.34430000000003,448149,NED,43960,True,Midfielder,1.2384386591011822,3.1746031746031744,2.4768773182023645,85.71428571428571
7,1.0,48,36,115.54021666666668,401712,SCO,43967,False,Defender,0.7789495519092702,2.083333333333333,5.452646863364891,75.0
1,0.0,7,7,32.760566666666705,478364,NED,43960,True,Midfielder,0.0,0.0,2.747205227422803,100.0
0,0.0,119,90,306.7999,411301,SCO,43967,False,Goalkeeper,0.0,0.0,0.0,75.63025210084034
0,5.0,101,94,203.89001666666667,359634,SCO,43967,False,Defender,2.2070722606084767,4.9504950495049505,0.0,93.06930693069307
0,3.0,123,110,152.47841666666667,430667,GER,43948,True,Defender,1.7707424165496646,2.4390243902439024,0.0,89.43089430894308
1,0.0,21,18,245.16461666666672,424051,NED,43960,True,Forward,0.0,0.0,0.36710028234770414,85.71428571428571
0,1.0,34,31,52.01958333333333,429640,GER,43948,True,Midfielder,1.7301176640207616,2.941176470588235,0.0,91.17647058823529
8,9.0,104,86,305.8442,429642,GER,43948,True,Midfielder,2.648407260951818,8.653846153846153,2.354139787512727,82.6923076923077
0,5.0,243,224,360.22103333333337,422657,NED,43960,True,Midfielder,1.2492329940755817,2.05761316872428,0.0,92.18106995884774
2,0.0,30,29,66.44733333333335,430658,GER,43948,True,Defender,0.0,0.0,2.7089123215378588,96.66666666666667
1,1.0,14,14,24.28758333333333,484848,GER,43948,True,Midfielder,3.705597167276833,7.142857142857142,3.705597167276833,100.0
8,5.0,34,27,197.08256666666665,433066,NED,43960,True,Forward,2.2833069794605545,14.705882352941178,3.6532911671368873,79.41176470588235
2,2.0,12,10,68.99381666666667,484859,NED,43960,True,Midfielder,2.6089294475422795,16.666666666666664,2.6089294475422795,83.33333333333334
1,5.0,360,335,432.60131666666666,489517,NED,43960,True,Defender,1.04021874798578,1.3888888888888888,0.20804374959715605,93.05555555555556
1,3.0,375,364,419.80853333333334,401378,GER,43948,True,Defender,0.6431503377412687,0.8,0.21438344591375622,97.06666666666666
11,9.0,189,161,360.78805000000006,404353,GER,43948,True,Midfielder,2.2450854455961053,4.761904761904762,2.7439933223952395,85.18518518518519
3,2.0,117,101,392.96203333333335,411367,GER,43948,True,Forward,0.4580595190663458,1.7094017094017095,0.6870892785995186,86.32478632478633
0,1.0,89,48,300.2891666666667,390650,CUW,1895293,False,Goalkeeper,0.2997111117894696,1.1235955056179776,0.0,53.93258426966292
0,3.0,147,114,86.97251666666666,416906,EGY,43855,True,Goalkeeper,3.104428966161916,2.0408163265306123,0.0,77.55102040816327
16,18.0,367,322,537.8812333333333,400716,NOR,43961,True,Midfielder,3.0118172927518017,4.904632152588556,2.6771709268904904,87.73841961852861
7,9.0,104,89,297.8012333333333,494626,NOR,43961,True,Midfielder,2.7199350081043994,8.653846153846153,2.1155050063034215,85.57692307692307
0,8.0,47,36,306.77251666666666,274078,NZL,43978,False,Forward,2.3470159837764695,17.02127659574468,0.0,76.59574468085107
7,7.0,54,43,220.75888333333333,502727,SUI,43971,True,Midfielder,2.853792293598151,12.962962962962962,2.853792293598151,79.62962962962963
1,8.0,72,56,531.4961666666667,393480,SUI,43971,True,Forward,1.3546664024230968,11.11111111111111,0.1693333003028871,77.77777777777779
8,8.0,230,197,396.3012166666666,495349,BEL,43935,True,Midfielder,1.8167998727230759,3.4782608695652173,1.8167998727230759,85.65217391304348
13,1.0,174,161,519.7920166666667,483442,NOR,43961,True,Midfielder,0.17314617599776527,0.5747126436781609,2.2509002879709485,92.52873563218391
3,2.0,164,153,362.2669833333333,448343,BEL,43935,True,Midfielder,0.49687111517523064,1.2195121951219512,0.7453066727628458,93.29268292682927
11,11.0,199,171,561.80265,448355,BEL,43935,True,Forward,1.7621846390365017,5.527638190954774,1.7621846390365017,85.92964824120602
4,4.0,93,79,206.59373333333338,423941,CAN,43899,True,Midfielder,1.7425504355408001,4.301075268817205,1.7425504355408001,84.94623655913979
16,9.0,136,112,469.05441666666667,344654,EGY,43855,True,Forward,1.7268785267096765,6.61764705882353,3.0700062697060915,82.35294117647058
17,9.0,282,245,546.8373,408950,EGY,43855,True,Defender,1.4812449699389563,3.1914893617021276,2.7979071654402503,86.87943262411348
2,7.0,83,57,398.27098333333333,483161,EGY,43855,True,Midfielder,1.581837558757628,8.433734939759036,0.4519535882164652,68.67469879518072
0,1.0,16,8,105.79888333333334,493970,CAN,43899,True,Forward,0.850670604116332,6.25,0.0,50.0
9,13.0,41,35,138.7773666666667,424106,EGY,43855,True,Forward,8.430769570734515,31.70731707317073,5.836686625893126,85.36585365853658
2,2.0,113,99,198.56878333333333,407022,EGY,43855,True,Defender,0.9064868957666811,1.7699115044247788,0.9064868957666811,87.61061946902655
3,5.0,81,68,204.59315000000004,363863,EGY,43855,True,Forward,2.19948712847913,6.172839506172839,1.3196922770874782,83.9506172839506
8,15.0,357,313,495.5316333333334,461788,EGY,43855,True,Midfielder,2.7243467605061737,4.201680672268908,1.452984938936626,87.6750700280112
7,7.0,125,99,279.24181666666664,433074,IRQ,43818,False,Midfielder,2.2561090868135856,5.6000000000000005,2.2561090868135856,79.2
17,12.0,98,68,309.48558333333335,384797,IRN,43817,False,Defender,3.4896617424559624,12.244897959183673,4.94368746847928,69.38775510204081
24,16.0,88,65,314.0156833333333,448131,SUI,43971,True,Forward,4.58575821664109,18.181818181818183,6.878637324961636,73.86363636363636
9,3.0,87,72,241.8867,331463,NZL,43978,False,Defender,1.1162250756242489,3.4482758620689653,3.3486752268727464,82.75862068965517
17,24.0,295,243,567.6545666666667,313559,SUI,43971,True,Defender,3.805131019527897,8.135593220338983,2.6953011388322605,82.37288135593221
5,13.0,91,72,385.95775000000003,448362,BEL,43935,True,Forward,3.031419889871365,14.285714285714285,1.165930726873602,79.12087912087912
20,8.0,263,230,546.7098,411443,BEL,43935,True,Defender,1.3169692586450803,3.041825095057034,3.2924231466127005,87.45247148288973
0,3.0,42,32,279.7895666666667,358112,BEL,43935,True,Forward,0.9650109659795509,7.142857142857142,0.0,76.19047619047619
8,8.0,116,98,226.56786666666665,358122,BEL,43935,True,Defender,3.177855759481045,6.896551724137931,3.177855759481045,84.48275862068965
7,7.0,186,162,477.59751666666665,483505,NOR,43961,True,Defender,1.319102336203521,3.763440860215054,1.319102336203521,87.09677419354838
1,3.0,27,23,146.07506666666666,448310,ECU,43927,True,Forward,1.8483647220652761,11.11111111111111,0.6161215740217587,85.18518518518519
7,9.0,297,269,407.5486833333333,424036,ECU,43927,True,Midfielder,1.9874926189799575,3.0303030303030303,1.545827592539967,90.57239057239057
1,1.0,33,31,49.44299999999999,419005,ECU,43927,True,Midfielder,1.8202778957587529,3.0303030303030303,1.8202778957587529,93.93939393939394
9,8.0,147,118,407.5486833333333,419020,ECU,43927,True,Forward,1.766660105759962,5.442176870748299,1.9874926189799575,80.27210884353741
2,1.0,16,12,59.66346666666667,463468,ECU,43927,True,Midfielder,1.5084607889585138,6.25,3.0169215779170275,75.0
8,5.0,47,32,137.03359999999998,402974,ECU,43927,True,Defender,3.2838661466968695,10.638297872340425,5.25418583471499,68.08510638297872
15,13.0,189,160,376.90566666666666,424031,ECU,43927,True,Defender,3.104225018284858,6.878306878306878,3.58179809802099,84.65608465608466
9,9.0,104,85,330.2797333333333,405920,ECU,43927,True,Forward,2.4524665556227494,8.653846153846153,2.4524665556227494,81.73076923076923
16,13.0,295,264,407.5486833333333,428885,ECU,43927,True,Midfielder,2.8708226718599383,4.406779661016949,3.533320211519924,89.49152542372882
1,1.0,40,33,311.66519999999997,373400,ECU,43927,True,Forward,0.2887714124002295,2.5,0.2887714124002295,82.5
0,0.0,12,12,36.85543333333334,419003,ECU,43927,True,Defender,0.0,0.0,0.0,100.0
4,3.0,148,140,270.5445833333333,389784,ECU,43927,True,Midfielder,0.9979870846918331,2.027027027027027,1.3306494462557774,94.5945945945946
0,5.0,105,70,407.5486833333333,441236,ECU,43927,True,Goalkeeper,1.1041625660999765,4.761904761904762,0.0,66.66666666666666
0,2.0,238,217,407.5486833333333,448290,ECU,43927,True,Defender,0.4416650264399905,0.8403361344537815,0.0,91.17647058823529
3,3.0,61,55,100.64024999999998,389782,ECU,43927,True,Defender,2.6828232243063788,4.918032786885246,2.6828232243063788,90.1639344262295
4,1.0,19,17,53.96144999999999,463489,ECU,43927,True,Defender,1.6678573314838652,5.263157894736842,6.671429325935461,89.47368421052632
8,14.0,78,63,240.16819999999998,448312,ECU,43927,True,Forward,5.246323201822722,17.94871794871795,2.9978989724701277,80.76923076923077
0,2.0,113,101,253.95265,463465,ECU,43927,True,Defender,0.7087935487186292,1.7699115044247788,0.0,89.38053097345133
0,0.0,10,9,20.565249999999992,463495,ECU,43927,True,Midfielder,0.0,0.0,0.0,90.0
0,0.0,6,6,40.2379333333333,402985,ECU,43927,True,Forward,0.0,0.0,0.0,100.0
4,7.0,97,83,276.7160166666667,411226,SUI,43971,True,Midfielder,2.276702330385526,7.216494845360824,1.3009727602203005,85.56701030927834
1,2.0,33,25,112.68400000000001,423575,NZL,43978,False,Midfielder,1.5973873841894146,6.0606060606060606,0.7986936920947073,75.75757575757575
0,8.0,479,444,673.6380666666668,405178,SUI,43971,True,Defender,1.0688232088230167,1.6701461377870561,0.0,92.69311064718163
5,1.0,16,12,79.14486666666667,416652,NZL,43978,False,Forward,1.1371552419066133,6.25,5.685776209533067,75.0
0,2.0,438,406,673.6380666666668,398509,SUI,43971,True,Defender,0.2672058022057542,0.45662100456621,0.0,92.69406392694064
4,5.0,73,57,210.77998333333335,356412,SUI,43971,True,Defender,2.134927581279658,6.8493150684931505,1.7079420650237265,78.08219178082192
6,4.0,88,75,237.32469999999998,405469,NZL,43978,False,Defender,1.5169091122837193,4.545454545454546,2.2753636684255794,85.22727272727273
4,15.0,470,427,673.6380666666668,311558,SUI,43971,True,Midfielder,2.004043516543156,3.1914893617021276,0.5344116044115084,90.85106382978724
1,5.0,99,85,291.59950000000003,405454,NZL,43978,False,Midfielder,1.543212522655217,5.05050505050505,0.3086425045310434,85.85858585858585
0,6.0,68,49,120.39001666666667,482775,NZL,43978,False,Defender,4.485421756316726,8.823529411764707,0.0,72.05882352941177
7,6.0,76,58,227.70136666666667,390209,NZL,43978,False,Midfielder,2.3715272679522785,7.894736842105263,2.7667818126109913,76.31578947368422
13,10.0,92,73,437.41328333333337,448114,SUI,43971,True,Forward,2.0575506832840045,10.869565217391305,2.6748158882692064,79.34782608695652
2,3.0,93,78,173.98475000000002,390196,NZL,43978,False,Midfielder,1.5518601486624544,3.225806451612903,1.0345734324416362,83.87096774193549
1,3.0,30,25,87.53646666666667,448120,SUI,43971,True,Midfielder,3.0844288132869577,10.0,1.0281429377623192,83.33333333333334
0,0.0,143,120,275.5247333333333,390181,NZL,43978,False,Midfielder,0.0,0.0,0.0,83.91608391608392
0,1.0,145,135,306.77251666666666,463580,NZL,43978,False,Defender,0.2933769979720587,0.6896551724137931,0.0,93.10344827586206
14,10.0,185,160,392.03280000000007,401448,SUI,43971,True,Midfielder,2.2957262759646637,5.405405405405405,3.2140167863505296,86.48648648648648
16,10.0,87,71,332.84105000000005,448103,SUI,43971,True,Midfielder,2.7039933926419226,11.494252873563218,4.326389428227076,81.60919540229885
3,5.0,40,31,115.03763333333336,493221,SUI,43971,True,Defender,3.9117633678717887,12.5,2.347058020723073,77.5
0,4.0,107,78,306.77251666666666,368535,NZL,43978,False,Goalkeeper,1.1735079918882347,3.7383177570093453,0.0,72.89719626168224
1,2.0,25,18,103.85764999999999,336641,NZL,43978,False,Midfielder,1.7331414681537662,8.0,0.8665707340768831,72.0
0,0.0,11,8,101.61866666666667,448112,SUI,43971,True,Forward,0.0,0.0,0.0,72.72727272727273
0,2.0,9,7,25.792116666666672,448127,SUI,43971,True,Forward,6.978876620569461,22.22222222222222,0.0,77.77777777777779
6,3.0,76,66,176.92998333333333,433147,SUI,43971,True,Midfielder,1.5260273861628313,3.9473684210526314,3.0520547723256626,86.8421052631579
2,4.0,41,31,89.55758333333334,510908,SUI,43971,True,Defender,4.019760098484122,9.75609756097561,2.009880049242061,75.60975609756098
2,0.0,16,7,32.041016666666664,440748,NZL,43978,False,Defender,0.0,0.0,5.6177992687497955,43.75
1,0.0,115,104,237.04723333333334,261367,NZL,43978,False,Defender,0.0,0.0,0.3796711682074051,90.43478260869566
5,7.0,324,299,654.8822666666666,402021,SUI,43971,True,Midfielder,0.9620049771796133,2.1604938271604937,0.6871464122711523,92.28395061728395
2,9.0,171,156,302.8543666666667,423595,NZL,43978,False,Midfielder,2.674552818620963,5.263157894736842,0.5943450708046585,91.22807017543859
10,8.0,67,50,176.42931666666667,441259,CAN,43899,True,Midfielder,4.080954421879433,11.940298507462686,5.101193027349291,74.6268656716418
0,0.0,32,28,73.8443,483182,EGY,43855,True,Defender,0.0,0.0,0.0,87.5
0,1.0,23,20,224.30125,390670,CAN,43899,True,Forward,0.40124609203024947,4.3478260869565215,0.0,86.95652173913044
3,7.0,207,176,395.8297,430482,EGY,43855,True,Midfielder,1.5915935565219081,3.3816425120772946,0.682111524223675,85.02415458937197
1,1.0,34,30,51.30566666666669,483183,EGY,43855,True,Midfielder,1.7541921944944345,2.941176470588235,1.7541921944944345,88.23529411764706
1,3.0,130,119,260.76005,429095,EGY,43855,True,Midfielder,1.0354346841090114,2.307692307692308,0.3451448947030038,91.53846153846153
0,1.0,260,239,533.0749166666666,369267,EGY,43855,True,Defender,0.16883180428517006,0.38461538461538464,0.0,91.92307692307692
2,7.0,191,169,409.74681666666663,433469,EGY,43855,True,Midfielder,1.5375348248587166,3.664921465968586,0.43929566424534766,88.48167539267016
7,11.0,182,163,301.154,430477,EGY,43855,True,Defender,3.287354642475278,6.043956043956044,2.09195295430245,89.56043956043956
19,6.0,41,37,126.08015000000003,448411,CAN,43899,True,Midfielder,4.2829898282957295,14.634146341463413,13.562801122936477,90.2439024390244
24,17.0,240,184,511.18878333333333,441252,CAN,43899,True,Defender,2.993023418908481,7.083333333333333,4.225444826694326,76.66666666666667
4,15.0,202,167,475.81683333333336,431696,CAN,43899,True,Defender,2.837226229561025,7.425742574257425,0.7565936612162734,82.67326732673267
5,12.0,77,65,369.5523166666667,430476,EGY,43855,True,Forward,2.922454957775712,15.584415584415584,1.21768956573988,84.4155844155844
17,9.0,95,76,401.87763333333334,430138,CAN,43899,True,Forward,2.0155388924771382,9.473684210526317,3.8071290191234826,80.0
1,0.0,18,14,22.046266666666668,412144,CAN,43899,True,Defender,0.0,0.0,4.0823238401664375,77.77777777777779
4,2.0,29,23,61.6724,448390,CAN,43899,True,Midfielder,2.9186475635778724,6.896551724137931,5.837295127155745,79.3103448275862
6,10.0,103,76,475.85498333333334,441257,CAN,43899,True,Forward,1.8913325099498977,9.70873786407767,1.1347995059699385,73.7864077669903
1,2.0,10,7,83.05588333333336,495488,EGY,43855,True,Forward,2.1672155273768476,20.0,1.0836077636884238,70.0
4,4.0,41,27,288.7708166666667,486929,CAN,43899,True,Forward,1.246663371858502,9.75609756097561,1.246663371858502,65.85365853658537
2,0.0,108,93,160.94411666666667,441258,CAN,43899,True,Midfielder,0.0,0.0,1.1184006208366113,86.11111111111111
1,6.0,191,170,421.32191666666665,480322,CAN,43899,True,Defender,1.2816802986948026,3.1413612565445024,0.21361338311580041,89.00523560209425
1,2.0,170,151,351.42331666666666,371958,CAN,43899,True,Defender,0.5122027807014703,1.1764705882352942,0.25610139035073515,88.8235294117647
6,1.0,27,23,84.15663333333335,433461,EGY,43855,True,Forward,1.0694344157461937,3.7037037037037033,6.416606494477162,85.18518518518519
15,5.0,65,51,258.05943333333335,466687,CAN,43899,True,Forward,1.7437843452858341,7.6923076923076925,5.231353035857502,78.46153846153847
0,2.0,123,92,511.18878333333333,331732,CAN,43899,True,Goalkeeper,0.3521204022245272,1.6260162601626018,0.0,74.79674796747967
4,8.0,64,52,147.76720000000003,485064,CAN,43899,True,Defender,4.872529221640526,12.5,2.436264610820263,81.25
0,4.0,111,96,221.12650000000002,466585,CAN,43899,True,Defender,1.6280273960832372,3.6036036036036037,0.0,86.48648648648648
42,15.0,281,244,444.18358333333333,433635,CAN,43899,True,Midfielder,3.0392838696762583,5.338078291814947,8.509994835093522,86.83274021352312
0,2.0,244,224,431.3935333333333,344661,EGY,43855,True,Defender,0.41725242983861754,0.819672131147541,0.0,91.80327868852459
0,3.0,16,12,128.68598333333333,395186,IRQ,43818,False,Forward,2.098130604485674,18.75,0.0,75.0
1,3.0,48,40,259.6850166666667,433585,IRQ,43818,False,Midfielder,1.0397211339558097,6.25,0.3465737113186032,83.33333333333334
1,6.0,64,45,228.77519999999998,411644,IRN,43817,False,Midfielder,2.360395707227007,9.375,0.39339928453783457,70.3125
0,1.0,8,4,42.36994999999999,416989,IRN,43817,False,Forward,2.1241469484858966,12.5,0.0,50.0
2,1.0,20,17,29.616699999999994,390535,IRN,43817,False,Midfielder,3.038826067725304,5.0,6.077652135450608,85.0
0,2.0,93,62,309.48558333333335,380007,IRN,43817,False,Goalkeeper,0.581610290409327,2.1505376344086025,0.0,66.66666666666666
0,0.0,71,63,126.83063333333334,484270,IRQ,43818,False,Midfielder,0.0,0.0,0.0,88.73239436619718
2,4.0,71,58,293.7564,388475,IRN,43817,False,Forward,1.2255052145246879,5.633802816901409,0.6127526072623439,81.69014084507043
3,13.0,141,115,303.8828666666667,479072,IRQ,43818,False,Defender,3.8501677071626057,9.219858156028367,0.8885002401144475,81.56028368794325
0,1.0,141,118,309.48558333333335,346743,IRN,43817,False,Defender,0.2908051452046635,0.7092198581560284,0.0,83.68794326241135
1,0.0,22,20,24.641049999999993,493983,IRQ,43818,False,Midfielder,0.0,0.0,3.652441758772456,90.9090909090909
4,4.0,80,66,235.64893333333333,390537,IRN,43817,False,Defender,1.5276962849255415,5.0,1.5276962849255415,82.5
0,0.0,19,17,89.54571666666666,434024,IRQ,43818,False,Defender,0.0,0.0,0.0,89.47368421052632
2,2.0,40,32,174.00081666666665,479553,IRQ,43818,False,Defender,1.0344779033125229,5.0,1.0344779033125229,80.0
1,0.0,29,21,107.24193333333335,448505,IRN,43817,False,Defender,0.0,0.0,0.839223960279219,72.41379310344827
0,4.0,99,78,298.6881666666667,371736,IRN,43817,False,Midfielder,1.2052703795318305,4.040404040404041,0.0,78.78787878787878
1,3.0,69,49,271.5443333333333,448497,IRN,43817,False,Midfielder,0.9943127764281584,4.3478260869565215,0.33143759214271945,71.01449275362319
1,2.0,128,118,210.04845,434026,IRQ,43818,False,Midfielder,0.8569451476552196,1.5625,0.4284725738276098,92.1875
0,3.0,148,126,303.8828666666667,481183,IRQ,43818,False,Defender,0.8885002401144475,2.027027027027027,0.0,85.13513513513513
2,1.0,11,7,58.462666666666685,379886,IRN,43817,False,Midfielder,1.5394439756425748,9.090909090909092,3.0788879512851497,63.63636363636363
0,0.0,29,23,41.91483333333333,396158,IRQ,43818,False,Defender,0.0,0.0,0.0,79.3103448275862
2,1.0,11,7,62.77426666666666,484262,IRQ,43818,False,Forward,1.4337085047588503,9.090909090909092,2.8674170095177005,63.63636363636363
1,2.0,28,26,105.23488333333333,436863,IRQ,43818,False,Defender,1.710459443660396,7.142857142857142,0.855229721830198,92.85714285714286
0,3.0,64,53,165.5404,434025,IRQ,43818,False,Defender,1.6310217928674813,4.6875,0.0,82.8125
0,0.0,51,33,154.3079833333333,347085,IRQ,43818,False,Goalkeeper,0.0,0.0,0.0,64.70588235294117
0,0.0,19,16,104.63373333333334,482670,IRN,43817,False,Midfielder,0.0,0.0,0.0,84.21052631578947
5,4.0,36,29,144.94455,464457,IRQ,43818,False,Forward,2.4837084250494414,11.11111111111111,3.1046355313118017,80.55555555555556
0,1.0,12,9,29.475583333333333,506069,IRQ,43818,False,Midfielder,3.053374685827535,8.333333333333332,0.0,75.0
0,0.0,18,16,51.177499999999995,481181,IRN,43817,False,Defender,0.0,0.0,0.0,88.88888888888889
3,3.0,129,114,309.48558333333335,489603,IRN,43817,False,Defender,0.8724154356139906,2.3255813953488373,0.8724154356139906,88.37209302325581
2,2.0,20,11,104.6295,288961,IRN,43817,False,Defender,1.7203561137155392,10.0,1.7203561137155392,55.00000000000001
0,3.0,71,42,149.57488333333333,433571,IRQ,43818,False,Goalkeeper,1.8051158990262737,4.225352112676056,0.0,59.154929577464785
0,0.0,34,33,154.11788333333334,390534,IRN,43817,False,Defender,0.0,0.0,0.0,97.05882352941177
3,1.0,9,6,50.24224999999999,403236,IRN,43817,False,Forward,1.7913210495150995,11.11111111111111,5.373963148545299,66.66666666666666
0,0.0,6,5,32.96058333333333,464458,IRQ,43818,False,Midfielder,0.0,0.0,0.0,83.33333333333334
0,0.0,35,26,201.13346666666666,436628,IRQ,43818,False,Forward,0.0,0.0,0.0,74.28571428571429
2,2.0,25,15,108.96733333333334,481180,IRN,43817,False,Forward,1.6518712029904985,8.0,1.6518712029904985,60.0
1,1.0,16,13,135.66948333333335,523236,IRQ,43818,False,Forward,0.6633768905780703,6.25,0.6633768905780703,81.25
0,3.0,14,10,26.526600000000002,405639,IRN,43817,False,Forward,10.178462373617425,21.428571428571427,0.0,71.42857142857143
2,5.0,111,102,279.70148333333333,477470,NOR,43961,True,Midfielder,1.6088581105725275,4.504504504504505,0.6435432442290111,91.8918918918919
0,4.0,301,282,503.2486666666667,491244,NOR,43961,True,Defender,0.7153521188332341,1.3289036544850499,0.0,93.68770764119601
0,1.0,13,6,26.445750000000004,495348,BEL,43935,True,Goalkeeper,3.4031933297410735,7.6923076923076925,0.0,46.15384615384615
0,0.0,23,18,71.22061666666667,520112,NOR,43961,True,Defender,0.0,0.0,0.0,78.26086956521739
0,0.0,18,17,50.05661666666667,433067,NOR,43961,True,Midfielder,0.0,0.0,0.0,94.44444444444444
14,13.0,149,131,248.28936666666664,483496,NOR,43961,True,Forward,4.712243684485885,8.724832214765101,5.074723967907876,87.91946308724832
0,5.0,198,144,625.0774666666667,358106,BEL,43935,True,Goalkeeper,0.719910769459828,2.525252525252525,0.0,72.72727272727273
3,3.0,15,13,57.804933333333345,494025,BEL,43935,True,Forward,4.670881608720823,20.0,4.670881608720823,86.66666666666667
11,16.0,90,74,341.66400000000004,448341,BEL,43935,True,Forward,4.214667041303736,17.77777777777778,2.897583590896319,82.22222222222221
0,0.0,7,7,36.94448333333334,506088,BEL,43935,True,Defender,0.0,0.0,0.0,100.0
4,3.0,15,10,76.73865,497902,BEL,43935,True,Midfielder,3.518435625333518,20.0,4.691247500444691,66.66666666666666
0,4.0,219,205,376.6632166666667,514166,BEL,43935,True,Defender,0.9557609664831885,1.82648401826484,0.0,93.60730593607306
7,6.0,83,62,357.44168333333334,483448,NOR,43961,True,Forward,1.510735947089924,7.228915662650602,1.7625252716049111,74.69879518072288
0,0.0,10,9,29.029866666666663,489696,NOR,43961,True,Defender,0.0,0.0,0.0,90.0
0,4.0,399,369,651.5232166666667,448360,BEL,43935,True,Defender,0.5525512994637976,1.0025062656641603,0.0,92.4812030075188
2,1.0,273,256,554.9256166666667,483516,NOR,43961,True,Defender,0.16218389870089797,0.3663003663003663,0.32436779740179594,93.77289377289377
21,21.0,185,153,412.94620000000003,358120,BEL,43935,True,Midfielder,4.576867398222819,11.351351351351353,4.576867398222819,82.70270270270271
14,10.0,255,221,538.9087666666667,401444,BEL,43935,True,Midfielder,1.6700414906345002,3.9215686274509802,2.3380580868883003,86.66666666666667
0,0.0,21,19,50.19386666666667,483530,NOR,43961,True,Defender,0.0,0.0,0.0,90.47619047619048
0,0.0,164,153,268.6363666666667,448346,BEL,43935,True,Defender,0.0,0.0,0.0,93.29268292682927
7,4.0,107,87,273.42813333333334,494625,NOR,43961,True,Defender,1.3166165295841297,3.7383177570093453,2.3040789267722266,81.30841121495327
4,5.0,178,158,355.49224999999996,483497,NOR,43961,True,Midfielder,1.265850380704502,2.8089887640449436,1.0126803045636017,88.76404494382022
16,9.0,246,203,492.7201166666667,448373,BEL,43935,True,Defender,1.6439353145956053,3.6585365853658534,2.9225516703921874,82.52032520325203
0,1.0,43,38,100.25048333333334,494627,NOR,43961,True,Midfielder,0.897751282662145,2.3255813953488373,0.0,88.37209302325581
5,5.0,110,88,363.11564999999996,398588,NOR,43961,True,Forward,1.2392745947468804,4.545454545454546,1.2392745947468804,80.0
1,4.0,47,34,537.7782333333333,419652,NOR,43961,True,Forward,0.6694209205318649,8.51063829787234,0.16735523013296622,72.3404255319149
2,4.0,425,412,554.9256166666667,404645,NOR,43961,True,Midfielder,0.6487355948035919,0.9411764705882352,0.32436779740179594,96.94117647058823
0,2.0,95,64,287.4710666666666,448821,SEN,43879,True,Goalkeeper,0.626149970802859,2.1052631578947367,0.0,67.36842105263158
0,1.0,24,19,75.20505,419681,NOR,43961,True,Midfielder,1.1967281452508842,4.166666666666666,0.0,79.16666666666666
0,0.0,99,84,184.69578333333334,419672,NOR,43961,True,Defender,0.0,0.0,0.0,84.84848484848484
0,1.0,64,57,127.48909999999998,448364,BEL,43935,True,Midfielder,0.7059427041213722,1.5625,0.0,89.0625
2,2.0,42,33,107.07663333333335,433092,BEL,43935,True,Midfielder,1.6810390315471875,4.761904761904762,1.6810390315471875,78.57142857142857
7,6.0,55,44,194.88106666666664,448377,BEL,43935,True,Forward,2.770920794084324,10.909090909090908,3.232740926431711,80.0
0,1.0,24,18,117.39786666666666,419662,NOR,43961,True,Forward,0.7666238114491575,4.166666666666666,0.0,75.0
0,0.0,9,8,42.67241666666668,290821,BEL,43935,True,Midfielder,0.0,0.0,0.0,88.88888888888889
1,3.0,63,49,193.20503333333335,401023,CUW,1895293,False,Defender,1.3974791201954537,4.761904761904762,0.46582637339848454,77.77777777777779
0,3.0,112,95,300.2891666666667,466350,CUW,1895293,False,Defender,0.8991333353684087,2.6785714285714284,0.0,84.82142857142857
0,1.0,97,87,300.2891666666667,511141,CUW,1895293,False,Defender,0.2997111117894696,1.0309278350515463,0.0,89.69072164948454
0,0.0,36,31,100.35128333333333,398569,CUW,1895293,False,Defender,0.0,0.0,0.0,86.11111111111111
0,1.0,48,37,250.2231333333333,407680,CUW,1895293,False,Forward,0.3596789745259365,2.083333333333333,0.0,77.08333333333334
0,11.0,61,51,267.53009999999995,485347,CUW,1895293,False,Midfielder,3.700518184682771,18.0327868852459,0.0,83.60655737704919
0,0.0,8,8,50.77969999999999,466363,CUW,1895293,False,Forward,0.0,0.0,0.0,100.0
4,4.0,125,108,300.2891666666667,466340,CUW,1895293,False,Midfielder,1.1988444471578783,3.2,1.1988444471578783,86.4
0,3.0,66,55,260.45285,506471,CUW,1895293,False,Defender,1.0366559628738943,4.545454545454546,0.0,83.33333333333334
5,4.0,75,60,280.02955,466317,CUW,1895293,False,Midfielder,1.2855786112572765,5.333333333333334,1.6069732640715952,80.0
0,0.0,9,7,45.19951666666667,466372,CUW,1895293,False,Forward,0.0,0.0,0.0,77.77777777777779
0,1.0,54,41,180.07026666666667,431698,CUW,1895293,False,Defender,0.49980489097959535,1.8518518518518516,0.0,75.92592592592592
6,2.0,35,25,85.3363,424047,CUW,1895293,False,Forward,2.10930166880917,5.714285714285714,6.327905006427511,71.42857142857143
0,0.0,6,5,50.18769999999999,424056,CUW,1895293,False,Forward,0.0,0.0,0.0,83.33333333333334
1,4.0,62,50,253.00663333333333,494989,CUW,1895293,False,Midfielder,1.4228875949102255,6.451612903225806,0.3557218987275564,80.64516129032258
0,8.0,93,50,310.32276666666667,419459,QAT,43834,False,Goalkeeper,2.3201649293536635,8.60215053763441,0.0,53.76344086021505
0,4.0,155,94,411.9070333333333,482978,BIH,44037,True,Goalkeeper,0.8739836197666286,2.5806451612903225,0.0,60.64516129032258
0,10.0,202,157,541.2107833333333,360642,COL,43926,True,Goalkeeper,1.6629380413613954,4.9504950495049505,0.0,77.72277227722772
46,36.0,367,288,853.23305,229397,ARG,43922,True,Forward,3.797321259414412,9.809264305177113,4.85213272036286,78.4741144414169
10,18.0,113,96,442.2114,448189,ENG,43942,True,Forward,3.663406235117412,15.929203539823009,2.03522568617634,84.95575221238938
23,11.0,101,81,411.64058333333327,448196,ENG,43942,True,Forward,2.4050106818508947,10.891089108910892,5.028658698415508,80.19801980198021
40,12.0,340,312,622.0375333333334,433097,ENG,43942,True,Midfielder,1.7362296358751341,3.5294117647058822,5.78743211958378,91.76470588235294
1,3.0,84,79,191.86515,430698,ALG,43843,True,Midfielder,1.4072383650704674,3.571428571428571,0.4690794550234892,94.04761904761905
0,2.0,29,20,109.22153333333333,448525,GHA,43860,True,Forward,1.6480266711753424,6.896551724137931,0.0,68.96551724137932
2,0.0,35,27,46.31631666666668,494313,CPV,43850,True,Midfielder,0.0,0.0,3.8863194000386465,77.14285714285715
2,0.0,6,3,70.37146666666666,486213,GHA,43860,True,Forward,0.0,0.0,2.557854888155427,50.0
9,9.0,147,127,288.37985000000003,379942,ALG,43843,True,Forward,2.808795413410472,6.122448979591836,2.808795413410472,86.39455782312925
5,4.0,82,70,366.04060000000004,355642,CPV,43850,True,Forward,0.983497459025037,4.878048780487805,1.2293718237812963,85.36585365853658
0,8.0,79,65,243.95411666666666,479106,UZB,44005,False,Midfielder,2.9513746676543753,10.126582278481013,0.0,82.27848101265823
19,19.0,104,92,258.79611666666665,401470,ENG,43942,True,Forward,6.60751800307153,18.269230769230766,6.60751800307153,88.46153846153845
6,17.0,445,396,713.3772166666666,481610,ENG,43942,True,Midfielder,2.1447278722315986,3.8202247191011236,0.7569627784346818,88.98876404494382
9,21.0,231,191,698.7366166666665,448202,ENG,43942,True,Midfielder,2.7048818609453638,9.090909090909092,1.1592350832622986,82.68398268398268
5,9.0,162,140,413.65509999999995,433667,CRO,43938,True,Defender,1.9581530603635735,5.555555555555555,1.0878628113130964,86.41975308641975
19,9.0,150,132,413.65509999999995,359381,CRO,43938,True,Forward,1.9581530603635735,6.0,4.133878682989767,88.0
9,9.0,248,225,360.5137833333333,241559,CRO,43938,True,Midfielder,2.246793430505454,3.6290322580645165,2.246793430505454,90.7258064516129
3,11.0,99,73,732.08485,369419,ENG,43942,True,Forward,1.3523022638700966,11.11111111111111,0.36880970832820814,73.73737373737373
6,13.0,121,102,411.6862666666666,492716,ENG,43942,True,Midfielder,2.8419699531714606,10.743801652892563,1.3116784399252897,84.29752066115702
3,7.0,97,89,247.7011333333333,473113,ENG,43942,True,Midfielder,2.5433876362293595,7.216494845360824,1.0900232726697254,91.75257731958763
0,3.0,208,198,293.71925,339987,CRO,43938,True,Midfielder,0.9192451635362682,1.4423076923076923,0.0,95.1923076923077
6,5.0,127,110,338.9916666666667,485066,CRO,43938,True,Midfielder,1.3274662602325524,3.937007874015748,1.592959512279063,86.61417322834646
2,2.0,71,60,368.9436833333334,402920,ARG,43922,True,Forward,0.487879338043507,2.8169014084507045,0.487879338043507,84.50704225352112
9,8.0,109,90,324.7864,430631,ARG,43922,True,Midfielder,2.2168415918893154,7.339449541284404,2.49394679087548,82.56880733944955
13,9.0,327,300,539.98195,428882,ARG,43922,True,Midfielder,1.5000501405648838,2.7522935779816518,2.1667390919270546,91.74311926605505
5,0.0,100,81,241.71780000000007,402926,ARG,43922,True,Defender,0.0,0.0,1.8616750607526622,81.0
5,2.0,163,150,350.0819333333333,418963,ARG,43922,True,Defender,0.5141653506255393,1.2269938650306749,1.2854133765638482,92.02453987730061
1,3.0,430,393,869.10485,430628,ARG,43922,True,Midfielder,0.31066447276183073,0.6976744186046512,0.10355482425394358,91.3953488372093
3,9.0,450,422,708.075,402921,ARG,43922,True,Defender,1.1439466158245948,2.0,0.3813155386081982,93.77777777777779
6,14.0,166,145,525.3198833333333,428886,COL,43926,True,Forward,2.3985385666441394,8.433734939759036,1.0279450999903457,87.34939759036145
3,2.0,53,39,365.92546666666664,428905,COL,43926,True,Forward,0.49190345137680136,3.7735849056603774,0.737855177065202,73.58490566037736
18,7.0,57,50,278.23105,419100,URU,43930,False,Midfielder,2.264305152138843,12.280701754385964,5.82249896264274,87.71929824561403
1,0.0,8,5,66.31509999999999,418881,COL,43926,True,Forward,0.0,0.0,1.3571569672668822,62.5
12,11.0,89,74,146.56571666666667,356704,COL,43926,True,Midfielder,6.754649194337511,12.359550561797752,7.368708212004558,83.14606741573034
2,4.0,290,264,520.12345,463902,COL,43926,True,Defender,0.6921433748084228,1.3793103448275863,0.3460716874042114,91.0344827586207
2,0.0,29,23,49.22578333333334,402895,URU,43930,False,Defender,0.0,0.0,3.6566203280327008,79.3103448275862
0,0.0,14,14,28.152416666666653,470759,COL,43926,True,Midfielder,0.0,0.0,0.0,100.0
0,0.0,94,89,100.13338333333334,389485,ARG,43922,True,Midfielder,0.0,0.0,0.0,94.68085106382979
4,8.0,217,190,543.3537,308322,ARG,43922,True,Defender,1.3251037031679365,3.686635944700461,0.6625518515839682,87.55760368663594
0,10.0,268,195,934.4354333333333,308300,ARG,43922,True,Goalkeeper,0.9631484080066457,3.731343283582089,0.0,72.76119402985076
2,8.0,565,532,557.6169166666667,332847,ARG,43922,True,Midfielder,1.2912090334418656,1.415929203539823,0.3228022583604664,94.15929203539824
14,7.0,26,19,61.81651666666666,419132,URU,43930,False,Forward,10.191450990309765,26.923076923076923,20.38290198061953,73.07692307692307
5,3.0,109,96,272.8433666666666,400416,PAN,43914,False,Midfielder,0.9895787583132253,2.7522935779816518,1.6492979305220423,88.07339449541286
0,1.0,71,57,261.73685,229498,URU,43930,False,Goalkeeper,0.34385681649335964,1.4084507042253522,0.0,80.28169014084507
0,3.0,19,10,51.522416666666665,368664,URU,43930,False,Goalkeeper,5.240437414782239,15.789473684210526,0.0,52.63157894736842
6,7.0,240,227,405.9166833333333,470760,COL,43926,True,Midfielder,1.5520426379781305,2.9166666666666665,1.3303222611241117,94.58333333333333
12,4.0,103,89,237.24518333333333,419134,URU,43930,False,Midfielder,1.5174175295866563,3.8834951456310676,4.552252588759969,86.40776699029125
6,6.0,276,234,592.58425,402925,ARG,43922,True,Defender,0.9112628288720127,2.1739130434782608,0.9112628288720127,84.78260869565217
1,1.0,27,20,98.92756666666666,385030,PAN,43914,False,Defender,0.9097565323046121,3.7037037037037033,0.9097565323046121,74.07407407407408
3,2.0,174,157,313.2592666666667,386538,URU,43930,False,Midfielder,0.5746039116906144,1.1494252873563218,0.8619058675359217,90.22988505747126
0,1.0,187,178,308.27203333333335,310116,ARG,43922,True,Defender,0.29194993469512476,0.53475935828877,0.0,95.18716577540107
12,9.0,78,57,264.78991666666667,395581,PAN,43914,False,Midfielder,3.059028871630623,11.538461538461538,4.078705162174163,73.07692307692307
9,5.0,68,61,261.5036166666667,402876,URU,43930,False,Midfielder,1.7208175004845376,7.352941176470589,3.0974715008721674,89.70588235294117
1,1.0,183,169,303.7823333333333,418715,PAN,43914,False,Defender,0.296264759745739,0.546448087431694,0.296264759745739,92.34972677595628
6,3.0,82,70,217.07101666666665,485595,ARG,43922,True,Forward,1.2438325675445232,3.6585365853658534,2.4876651350890464,85.36585365853658
1,3.0,107,85,295.1525833333333,418729,PAN,43914,False,Defender,0.9147810835694871,2.803738317757009,0.3049270278564957,79.43925233644859
9,5.0,213,194,451.55219999999997,431200,COL,43926,True,Defender,0.99656252366836,2.3474178403755865,1.793812542603048,91.07981220657277
0,1.0,9,7,53.651516666666666,418747,PAN,43914,False,Forward,1.6774921864588481,11.11111111111111,0.0,77.77777777777779
10,8.0,134,119,313.2592666666667,368660,URU,43930,False,Defender,2.2984156467624577,5.970149253731343,2.8730195584530724,88.80597014925374
0,1.0,10,7,85.93978333333332,337251,PAN,43914,False,Forward,1.0472449022930206,10.0,0.0,70.0
3,2.0,18,12,98.95519999999998,405755,COL,43926,True,Forward,1.819004963862435,11.11111111111111,2.7285074457936527,66.66666666666666
1,2.0,170,154,267.9313333333334,418975,ARG,43922,True,Forward,0.6718139224726731,1.1764705882352942,0.33590696123633657,90.58823529411765
0,1.0,20,17,24.639100000000013,463661,ARG,43922,True,Midfielder,3.652730822148534,5.0,0.0,85.0
0,1.0,23,19,90.27498333333332,441239,PAN,43914,False,Defender,0.9969539364818493,4.3478260869565215,0.0,82.6086956521739
1,0.0,51,47,64.77161666666667,395414,ARG,43922,True,Midfielder,0.0,0.0,1.3894975088110866,92.15686274509804
8,7.0,178,147,303.7823333333333,441240,PAN,43914,False,Defender,2.073853318220173,3.932584269662921,2.370118077965912,82.58426966292134
0,2.0,103,74,303.7823333333333,441241,PAN,43914,False,Goalkeeper,0.592529519491478,1.9417475728155338,0.0,71.84466019417476
0,2.0,79,69,187.2241,441242,PAN,43914,False,Defender,0.9614146896686913,2.5316455696202533,0.0,87.34177215189874
0,4.0,136,118,197.5157,441623,URU,43930,False,Midfielder,1.8226399217884957,2.941176470588235,0.0,86.76470588235294
3,6.0,226,213,313.2592666666667,402893,URU,43930,False,Defender,1.7238117350718434,2.6548672566371683,0.8619058675359217,94.24778761061947
5,1.0,43,37,89.65858333333333,315614,COL,43926,True,Defender,1.003807964100853,2.3255813953488373,5.019039820504265,86.04651162790698
1,4.0,215,183,690.6236666666668,416081,ARG,43922,True,Forward,0.5212679746953356,1.8604651162790697,0.1303169936738339,85.11627906976744
1,2.0,56,54,81.52016666666668,441422,ARG,43922,True,Forward,2.2080425906881933,3.571428571428571,1.1040212953440967,96.42857142857143
4,7.0,55,45,115.74356666666668,402898,URU,43930,False,Midfielder,5.443067102073635,12.727272727272727,3.1103240583277914,81.81818181818183
0,1.0,29,18,211.94870000000003,477536,URU,43930,False,Forward,0.42463105459009653,3.4482758620689653,0.0,62.06896551724138
12,8.0,202,161,442.13250000000005,394500,COL,43926,True,Defender,1.6284711031195396,3.9603960396039604,2.4427066546793097,79.70297029702971
1,2.0,21,20,76.34729999999999,466669,PAN,43914,False,Forward,2.3576472252456866,9.523809523809524,1.1788236126228433,95.23809523809523
0,0.0,15,13,52.84253333333332,372342,PAN,43914,False,Midfielder,0.0,0.0,0.0,86.66666666666667
0,2.0,121,108,186.41256666666666,480310,PAN,43914,False,Defender,0.9656001374728491,1.6528925619834711,0.0,89.25619834710744
0,1.0,79,75,126.71301666666668,402934,ARG,43922,True,Defender,0.7102664143554839,1.2658227848101267,0.0,94.9367088607595
2,2.0,274,242,459.2047666666666,395550,COL,43926,True,Midfielder,0.39198199379899007,0.7299270072992701,0.39198199379899007,88.32116788321169
8,12.0,120,98,272.8605166666666,402884,URU,43930,False,Midfielder,3.958066242758587,10.0,2.6387108285057246,81.66666666666667
0,1.0,430,415,685.9859166666668,431196,ARG,43922,True,Defender,0.13119802872532246,0.23255813953488372,0.0,96.51162790697676
3,3.0,25,20,182.71911666666665,419126,URU,43930,False,Forward,1.4776778966842277,12.0,1.4776778966842277,80.0
0,6.0,285,262,538.5115333333333,441622,COL,43926,True,Defender,1.002764038603692,2.1052631578947367,0.0,91.9298245614035
1,4.0,172,154,313.2592666666667,419108,URU,43930,False,Defender,1.1492078233812288,2.3255813953488373,0.2873019558453072,89.53488372093024
0,10.0,361,324,541.2107833333333,386013,COL,43926,True,Defender,1.6629380413613954,2.7700831024930745,0.0,89.75069252077562
2,1.0,56,47,175.17346666666668,473050,COL,43926,True,Midfielder,0.5137764395064397,1.7857142857142856,1.0275528790128794,83.92857142857143
0,0.0,12,9,108.97021666666669,369530,COL,43926,True,Forward,0.0,0.0,0.0,75.0
17,14.0,237,199,338.71984999999995,269058,COL,43926,True,Midfielder,3.719888279355344,5.9071729957805905,4.51700719636006,83.96624472573839
0,1.0,18,11,176.14315,411174,PAN,43914,False,Forward,0.5109480556013675,5.555555555555555,0.0,61.111111111111114
2,1.0,23,22,99.07828333333333,394376,COL,43926,True,Defender,0.908372621851038,4.3478260869565215,1.816745243702076,95.65217391304348
16,3.0,48,35,251.01396666666665,411176,PAN,43914,False,Midfielder,1.0756373582930778,6.25,5.736732577563082,72.91666666666666
5,21.0,519,480,755.1817000000001,448252,ARG,43922,True,Midfielder,2.5027089507068294,4.046242774566474,0.5958830835016261,92.48554913294798
8,12.0,112,88,303.7823333333333,385031,PAN,43914,False,Defender,3.555177116948868,10.714285714285714,2.370118077965912,78.57142857142857
1,2.0,14,12,55.52708333333332,385139,UZB,44005,False,Defender,3.241661351442615,14.285714285714285,1.6208306757213076,85.71428571428571
0,4.0,123,101,288.0335333333333,371415,UZB,44005,False,Defender,1.2498544729629861,3.2520325203252036,0.0,82.11382113821138
5,1.0,34,29,120.90943333333333,371393,UZB,44005,False,Midfielder,0.744358794171836,2.941176470588235,3.721793970859181,85.29411764705883
0,1.0,43,38,90.94428333333333,371345,UZB,44005,False,Midfielder,0.9896169028033098,2.3255813953488373,0.0,88.37209302325581
1,3.0,117,103,268.4691333333333,371348,UZB,44005,False,Midfielder,1.0057022073549364,2.564102564102564,0.3352340691183121,88.03418803418803
3,5.0,48,35,206.30771666666664,479075,UZB,44005,False,Defender,2.1812077961536906,10.416666666666668,1.3087246776922146,72.91666666666666
0,4.0,56,28,30.424733333333332,479110,UZB,44005,False,Goalkeeper,11.832478400248922,7.142857142857142,0.0,50.0
0,1.0,72,65,206.89091666666667,479042,UZB,44005,False,Defender,0.4350118480310276,1.3888888888888888,0.0,90.27777777777779
2,3.0,55,43,203.0727,475260,UZB,44005,False,Defender,1.3295731036224958,5.454545454545454,0.8863820690816638,78.18181818181819
9,2.0,36,24,240.24848333333333,464933,UZB,44005,False,Midfielder,0.7492242927097216,5.555555555555555,3.3715093171937474,66.66666666666666
0,2.0,10,8,75.83446666666666,479080,UZB,44005,False,Midfielder,2.3735909001799538,20.0,0.0,80.0
0,1.0,98,81,311.9538,464924,UZB,44005,False,Defender,0.2885042592845479,1.0204081632653061,0.0,82.6530612244898
6,3.0,59,48,140.93398333333334,479086,UZB,44005,False,Midfielder,1.915790596519245,5.084745762711865,3.83158119303849,81.35593220338984
0,1.0,45,31,112.24026666666666,464906,UZB,44005,False,Defender,0.8018512666874158,2.2222222222222223,0.0,68.88888888888889
1,0.0,6,5,23.718066666666658,481220,UZB,44005,False,Forward,0.0,0.0,3.794575724272075,83.33333333333334
1,4.0,72,52,304.27273333333335,385475,UZB,44005,False,Forward,1.1831490651698224,5.555555555555555,0.2957872662924556,72.22222222222221
4,2.0,41,27,155.18188333333333,479079,UZB,44005,False,Defender,1.159929214245692,4.878048780487805,2.319858428491384,65.85365853658537
3,2.0,38,30,99.37383333333332,482783,CPV,43850,True,Defender,1.8113420199482428,5.263157894736842,2.7170130299223643,78.94736842105263
2,2.0,41,33,187.66630000000004,480966,CPV,43850,True,Midfielder,0.9591492985155031,4.878048780487805,0.9591492985155031,80.48780487804879
0,0.0,120,105,257.2873166666667,494351,GHA,43860,True,Defender,0.0,0.0,0.0,87.5
0,1.0,93,88,282.54819999999995,507253,GHA,43860,True,Midfielder,0.3185297234241804,1.0752688172043012,0.0,94.6236559139785
0,4.0,59,41,259.28886666666665,494349,GHA,43860,True,Goalkeeper,1.3884128718214668,6.779661016949152,0.0,69.49152542372882
0,2.0,52,39,155.0258,386473,GHA,43860,True,Goalkeeper,1.1610970561029195,3.8461538461538463,0.0,75.0
4,3.0,23,15,140.27208333333334,411376,GHA,43860,True,Forward,1.9248306119357321,13.043478260869565,2.566440815914309,65.21739130434783
0,7.0,115,95,313.8529,486150,GHA,43860,True,Defender,2.0073097938556566,6.086956521739131,0.0,82.6086956521739
0,0.0,22,21,61.60835,511022,GHA,43860,True,Defender,0.0,0.0,0.0,95.45454545454545
1,2.0,34,27,148.18591666666669,477856,CPV,43850,True,Midfielder,1.214690329884025,5.88235294117647,0.6073451649420125,79.41176470588235
1,1.0,156,134,389.87508333333335,477852,CPV,43850,True,Midfielder,0.23084316963916432,0.641025641025641,0.23084316963916432,85.8974358974359
7,8.0,22,18,163.103,441342,GHA,43860,True,Forward,4.414388453921755,36.36363636363637,3.8625898971815356,81.81818181818183
0,3.0,125,109,205.15231666666665,520037,GHA,43860,True,Defender,1.316095301222937,2.4,0.0,87.2
1,4.0,70,62,307.58543333333336,506279,GHA,43860,True,Midfielder,1.1704065309551395,5.714285714285714,0.29260163273878487,88.57142857142857
9,3.0,47,33,323.8484666666667,353235,GHA,43860,True,Forward,0.8337232619288815,6.382978723404255,2.501169785786644,70.2127659574468
3,6.0,182,156,414.31466666666665,441333,GHA,43860,True,Defender,1.3033571906698935,3.296703296703297,0.6516785953349468,85.71428571428571
4,1.0,58,50,166.80685,441341,GHA,43860,True,Midfielder,0.5395461877015242,1.7241379310344827,2.1581847508060967,86.20689655172413
8,4.0,91,75,312.75865,520039,GHA,43860,True,Defender,1.1510473011697677,4.395604395604396,2.3020946023395354,82.41758241758241
0,2.0,11,9,93.26291666666668,477862,CPV,43850,True,Forward,1.9300275654399968,18.181818181818183,0.0,81.81818181818183
5,5.0,68,52,414.31466666666665,448531,GHA,43860,True,Midfielder,1.0861309922249114,7.352941176470589,1.0861309922249114,76.47058823529412
0,4.0,152,134,307.5749166666667,369089,GHA,43860,True,Midfielder,1.1704465497430299,2.631578947368421,0.0,88.1578947368421
1,0.0,27,25,92.28446666666667,448522,GHA,43860,True,Defender,0.0,0.0,0.9752453825743155,92.5925925925926
5,6.0,62,52,121.18205,477855,CPV,43850,True,Midfielder,4.456105504074242,9.67741935483871,3.7134212533952016,83.87096774193549
3,0.0,19,15,198.93423333333334,482782,CPV,43850,True,Forward,0.0,0.0,1.3572324656037917,78.94736842105263
1,0.0,14,12,69.66155,494314,CPV,43850,True,Midfielder,0.0,0.0,1.2919609167467563,85.71428571428571
4,4.0,31,27,136.32618333333335,448523,GHA,43860,True,Forward,2.640725289871559,12.903225806451612,2.640725289871559,87.09677419354838
2,2.0,14,11,90.23691666666666,373344,CPV,43850,True,Midfielder,1.9947490079355918,14.285714285714285,1.9947490079355918,78.57142857142857
1,3.0,280,255,313.63991666666664,379939,ALG,43843,True,Midfielder,0.8608598129649209,1.0714285714285714,0.2869532709883069,91.07142857142857
1,5.0,23,18,180.46980000000002,401893,CPV,43850,True,Midfielder,2.4934919859167572,21.73913043478261,0.4986983971833514,78.26086956521739
1,2.0,101,87,300.7483500000001,477827,CPV,43850,True,Midfielder,0.5985070242280629,1.9801980198019802,0.29925351211403145,86.13861386138613
0,0.0,8,7,31.751333333333335,477790,ALG,43843,True,Forward,0.0,0.0,0.0,87.5
1,3.0,29,27,130.15711666666667,477849,CPV,43850,True,Midfielder,2.074415959071005,10.344827586206897,0.6914719863570016,93.10344827586206
0,2.0,166,117,445.4629666666667,364752,CPV,43850,True,Goalkeeper,0.4040739937304178,1.2048192771084338,0.0,70.48192771084338
1,13.0,141,111,389.37784999999997,494291,ALG,43843,True,Midfielder,3.004793415958304,9.219858156028367,0.23113795507371568,78.72340425531915
0,0.0,24,23,25.859449999999995,511010,ALG,43843,True,Defender,0.0,0.0,0.0,95.83333333333334
0,8.0,385,359,403.12651666666665,395113,ALG,43843,True,Defender,1.78603979205701,2.0779220779220777,0.0,93.24675324675324
2,1.0,33,30,156.30538333333334,433724,CPV,43850,True,Midfielder,0.5757959072213656,3.0303030303030303,1.1515918144427313,90.9090909090909
0,1.0,67,56,125.39934999999998,482869,ALG,43843,True,Defender,0.7177070694545069,1.4925373134328357,0.0,83.5820895522388
9,7.0,211,190,315.7954833333333,431858,ALG,43843,True,Defender,1.9949620347641663,3.3175355450236967,2.564951187553928,90.04739336492891
7,10.0,244,220,403.12651666666665,477795,ALG,43843,True,Midfielder,2.232549740071262,4.098360655737705,1.5627848180498838,90.1639344262295
0,1.0,19,16,28.305366666666657,512132,ALG,43843,True,Forward,3.179609049402882,5.263157894736842,0.0,84.21052631578947
4,3.0,109,88,346.0891333333334,477847,CPV,43850,True,Defender,0.7801458468213486,2.7522935779816518,1.0401944624284647,80.73394495412845
1,0.0,58,51,270.77358333333336,405877,ALG,43843,True,Forward,0.0,0.0,0.3323810206744072,87.93103448275862
0,1.0,25,18,100.75461666666666,477817,ALG,43843,True,Goalkeeper,0.8932593163224778,4.0,0.0,72.0
11,3.0,105,87,324.2809166666667,477832,CPV,43850,True,Defender,0.8326114369460016,2.857142857142857,3.0529086021353398,82.85714285714286
0,1.0,44,43,38.491916666666654,480983,ALG,43843,True,Defender,2.3381532486257948,2.272727272727273,0.0,97.72727272727273
6,3.0,106,87,314.9173166666667,401894,CPV,43850,True,Midfielder,0.8573679048770421,2.8301886792452833,1.7147358097540841,82.0754716981132
0,2.0,105,97,126.38288333333333,433679,ALG,43843,True,Midfielder,1.4242434992185782,1.9047619047619049,0.0,92.38095238095238
0,8.0,195,158,445.4629666666667,409241,CPV,43850,True,Defender,1.6162959749216712,4.102564102564102,0.0,81.02564102564102
0,7.0,182,153,445.4629666666667,477770,CPV,43850,True,Defender,1.4142589780564623,3.8461538461538463,0.0,84.06593406593407
4,5.0,36,25,114.74666666666667,482874,ALG,43843,True,Forward,3.92168254706019,13.88888888888889,3.1373460376481526,69.44444444444444
0,0.0,104,91,302.3719,389879,ALG,43843,True,Goalkeeper,0.0,0.0,0.0,87.5
0,5.0,382,357,403.12651666666665,376285,ALG,43843,True,Defender,1.116274870035631,1.3089005235602094,0.0,93.45549738219894
0,4.0,86,83,143.15391666666665,441350,ALG,43843,True,Midfielder,2.514775762917187,4.651162790697675,0.0,96.51162790697676
5,3.0,183,168,362.7103666666667,511009,ALG,43843,True,Defender,0.7443955971849348,1.639344262295082,1.240659328641558,91.80327868852459
1,0.0,8,6,52.44958333333334,520071,ALG,43843,True,Forward,0.0,0.0,1.7159335552395554,75.0
0,1.0,43,38,71.5713,499290,CRO,43938,True,Defender,1.2574872888993214,2.3255813953488373,0.0,88.37209302325581
2,2.0,20,17,81.90133333333334,336472,CRO,43938,True,Forward,2.1977664181291305,10.0,2.1977664181291305,85.0
0,7.0,89,77,177.70013333333333,448180,CRO,43938,True,Defender,3.545298409080166,7.865168539325842,0.0,86.51685393258427
0,1.0,200,182,311.63829999999996,448174,CRO,43938,True,Defender,0.2887963385758426,0.5,0.0,91.0
0,4.0,267,241,413.65509999999995,448171,CRO,43938,True,Defender,0.8702902490504771,1.4981273408239701,0.0,90.2621722846442
0,0.0,129,95,41.70466666666667,369029,CRO,43938,True,Goalkeeper,0.0,0.0,0.0,73.64341085271317
0,1.0,184,178,380.0392,369434,ENG,43942,True,Defender,0.23681767565030135,0.5434782608695652,0.0,96.73913043478261
12,9.0,37,23,114.96139999999997,482931,CRO,43938,True,Forward,7.045843213461216,24.324324324324326,9.394457617948287,62.16216216216216
0,0.0,14,11,125.78868333333332,485068,CRO,43938,True,Forward,0.0,0.0,0.0,78.57142857142857
11,8.0,188,173,368.5178166666666,439641,ENG,43942,True,Defender,1.9537725652251372,4.25531914893617,2.6864372771845635,92.02127659574468
1,2.0,106,92,208.85296666666667,463809,ENG,43942,True,Defender,0.8618503384119195,1.8867924528301887,0.43092516920595975,86.79245283018868
6,6.0,216,200,523.8012333333332,463780,ENG,43942,True,Defender,1.0309254076466794,2.7777777777777777,1.0309254076466794,92.5925925925926
0,3.0,11,7,119.51566666666665,389754,CRO,43938,True,Forward,2.2591180514688456,27.27272727272727,0.0,63.63636363636363
3,2.0,10,9,65.39829999999999,448203,ENG,43942,True,Forward,2.752365122640803,20.0,4.128547683961204,90.0
10,8.0,93,80,344.2972500000001,482774,CRO,43938,True,Midfielder,2.09121623829409,8.60215053763441,2.6140202978676124,86.02150537634408
0,2.0,10,6,168.35075,430070,CRO,43938,True,Forward,1.069196305926763,20.0,0.0,60.0
0,1.0,21,15,89.91875,448198,ENG,43942,True,Forward,1.0009035935219295,4.761904761904762,0.0,71.42857142857143
3,3.0,40,33,204.13228333333333,409191,CRO,43938,True,Midfielder,1.3226717283082041,7.5,1.3226717283082041,82.5
9,17.0,201,177,476.1069333333333,506329,ENG,43942,True,Defender,3.213563787630902,8.45771144278607,1.7012984758045953,88.05970149253731
0,0.0,41,32,102.85145,403046,ENG,43942,True,Goalkeeper,0.0,0.0,0.0,78.04878048780488
0,1.0,50,45,158.91989999999998,380005,CRO,43938,True,Midfielder,0.5663230344343283,2.0,0.0,90.0
22,14.0,94,82,315.5636666666667,489732,ENG,43942,True,Forward,3.992855113231244,14.893617021276595,6.27448660650624,87.2340425531915
3,3.0,488,469,739.9730333333333,403049,ENG,43942,True,Defender,0.3648781615510223,0.6147540983606558,0.3648781615510223,96.10655737704919
0,10.0,532,514,761.0425166666666,405841,ENG,43942,True,Defender,1.1825883315191918,1.8796992481203008,0.0,96.61654135338345
20,28.0,417,362,719.9583500000001,485655,FRA,43946,True,Forward,3.5002024769905082,6.71462829736211,2.500144626421792,86.810551558753
10,31.0,232,201,769.7895666666667,389867,FRA,43946,True,Forward,3.6243671268256126,13.36206896551724,1.169150686072778,86.63793103448276
36,29.0,297,236,648.6526333333333,398680,FRA,43946,True,Forward,4.023725282032053,9.764309764309765,4.994969315625997,79.46127946127946
2,4.0,59,53,134.1735,448815,SEN,43879,True,Forward,2.6830931592303995,6.779661016949152,1.3415465796151997,89.83050847457628
22,14.0,129,106,421.1175833333333,353790,SEN,43879,True,Forward,2.9920384469024985,10.852713178294573,4.701774702275355,82.17054263565892
2,1.0,290,271,459.91824999999994,430690,SEN,43879,True,Defender,0.19568695088746754,0.3448275862068966,0.3913739017749351,93.44827586206897
1,4.0,45,36,271.6193333333333,418795,SEN,43879,True,Forward,1.325384300086641,8.88888888888889,0.33134607502166025,80.0
2,10.0,73,57,419.21034999999995,401889,SEN,43879,True,Forward,2.146893558329369,13.698630136986301,0.4293787116658737,78.08219178082192
8,4.0,131,117,287.46425,464842,SEN,43879,True,Midfielder,1.252329637511447,3.0534351145038165,2.504659275022894,89.31297709923665
0,1.0,30,26,66.98111666666667,370171,SEN,43879,True,Defender,1.3436622809363934,3.3333333333333335,0.0,86.66666666666667
3,13.0,161,138,257.2300333333333,431788,SEN,43879,True,Midfielder,4.548457988511191,8.074534161490684,1.0496441511948904,85.71428571428571
14,6.0,169,141,340.13873333333333,436572,COD,20014,True,Defender,1.5875874961608802,3.5502958579881656,3.704370824375387,83.4319526627219
0,10.0,111,84,309.44849999999997,431230,JOR,43820,False,Midfielder,2.908399943770935,9.00900900900901,0.0,75.67567567567568
7,9.0,73,54,287.62228333333337,389437,JOR,43820,False,Defender,2.8161934833862254,12.32876712328767,2.1903727093003975,73.97260273972603
4,7.0,162,130,409.64515,356532,COD,20014,True,Defender,1.5379164137546852,4.320987654320987,0.8788093792883913,80.24691358024691
4,7.0,41,33,228.72783333333334,429063,QAT,43834,False,Forward,2.7543652681826365,17.073170731707318,1.5739230103900779,80.48780487804879
1,4.0,36,28,230.20638333333335,431211,JOR,43820,False,Forward,1.5638141514031285,11.11111111111111,0.39095353785078213,77.77777777777779
2,5.0,14,13,59.66921666666667,426506,COD,20014,True,Forward,7.541577133714676,35.714285714285715,3.0166308534858706,92.85714285714286
0,0.0,10,8,33.01181666666666,430194,BIH,44037,True,Defender,0.0,0.0,0.0,80.0
12,2.0,104,96,200.80776666666662,482974,BIH,44037,True,Midfielder,0.8963796719018008,1.9230769230769231,5.3782780314108045,92.3076923076923
9,5.0,173,141,373.84076666666664,376230,BIH,44037,True,Defender,1.2037210495056587,2.8901734104046244,2.1666978891101856,81.5028901734104
2,13.0,351,323,657.8955333333333,402047,FRA,43946,True,Midfielder,1.7783978469530064,3.7037037037037033,0.27359966876200104,92.02279202279202
7,11.0,117,106,432.7750833333334,484860,FRA,43946,True,Forward,2.287562380844091,9.401709401709402,1.4557215150826035,90.5982905982906
5,15.0,196,167,449.67855000000003,464114,FRA,43946,True,Forward,3.002144531910628,7.653061224489796,1.0007148439702094,85.20408163265306
2,1.0,254,239,407.2889666666666,405893,FRA,43946,True,Midfielder,0.22097333187436377,0.39370078740157477,0.44194666374872754,94.09448818897637
0,6.0,443,409,740.7061,389876,FRA,43946,True,Defender,0.7290340932793723,1.3544018058690745,0.0,92.32505643340858
8,8.0,82,71,203.5586,418550,POR,43963,True,Forward,3.5370650024120818,9.75609756097561,3.5370650024120818,86.58536585365853
12,9.0,184,160,342.90718333333336,368649,POR,43963,True,Defender,2.362155240161927,4.891304347826087,3.1495403202159022,86.95652173913044
22,20.0,278,239,471.5916666666667,395206,POR,43963,True,Midfielder,3.81686133837536,7.194244604316546,4.198547472212896,85.97122302158273
13,11.0,155,137,381.3532,418548,POR,43963,True,Forward,2.596018599031029,7.096774193548387,3.068021980673035,88.38709677419355
1,2.0,102,88,221.36881666666665,372436,BIH,44037,True,Midfielder,0.8131226552610655,1.9607843137254901,0.40656132763053277,86.27450980392157
0,0.0,8,7,27.648616666666655,389886,BIH,44037,True,Midfielder,0.0,0.0,0.0,87.5
0,1.0,99,80,310.4133,482976,BIH,44037,True,Defender,0.289936030447149,1.0101010101010102,0.0,80.8080808080808
8,0.0,71,58,262.90709999999996,464566,BIH,44037,True,Forward,0.0,0.0,2.7386099500546015,81.69014084507043
0,5.0,39,29,399.8389833333333,436743,BIH,44037,True,Forward,1.1254530417431785,12.82051282051282,0.0,74.35897435897436
2,3.0,48,33,196.05156666666664,300409,BIH,44037,True,Forward,1.3771886886222282,6.25,0.9181257924148188,68.75
10,4.0,283,255,459.91824999999994,403642,SEN,43879,True,Defender,0.7827478035498702,1.4134275618374559,1.9568695088746755,90.10600706713781
1,0.0,10,9,36.806166666666655,523354,SEN,43879,True,Midfielder,0.0,0.0,2.4452424186164463,90.0
19,9.0,117,106,257.1438,430671,SEN,43879,True,Defender,3.14998845004235,7.6923076923076925,6.6499756167560715,90.5982905982906
0,0.0,139,128,232.14638333333335,448825,SEN,43879,True,Midfielder,0.0,0.0,0.0,92.08633093525181
1,2.0,54,52,168.5992,486130,SEN,43879,True,Midfielder,1.0676207241789997,3.7037037037037033,0.5338103620894998,96.29629629629629
0,0.0,60,49,172.44718333333333,433806,SEN,43879,True,Goalkeeper,0.0,0.0,0.0,81.66666666666667
0,1.0,83,73,181.54228333333333,339820,SEN,43879,True,Defender,0.4957522751586706,1.2048192771084338,0.0,87.95180722891565
9,7.0,89,74,202.77445,464865,SEN,43879,True,Defender,3.106900302281673,7.865168539325842,3.9945861029335794,83.14606741573034
8,9.0,67,63,203.6836166666667,496358,SEN,43879,True,Forward,3.976755780635932,13.432835820895523,3.5348940272319394,94.02985074626866
1,8.0,270,243,411.0321,332314,SEN,43879,True,Midfielder,1.7516880068491,2.9629629629629632,0.2189610008561375,90.0
1,2.0,48,43,94.95343333333335,418798,SEN,43879,True,Midfielder,1.8956660510432655,4.166666666666666,0.9478330255216327,89.58333333333334
0,0.0,18,12,43.27905000000001,499102,JOR,43820,False,Defender,0.0,0.0,0.0,66.66666666666666
2,0.0,12,11,41.12281666666666,419436,QAT,43834,False,Midfielder,0.0,0.0,4.377132078744607,91.66666666666666
6,6.0,87,59,296.2049166666667,479389,JOR,43820,False,Midfielder,1.8230622437901238,6.896551724137931,1.8230622437901238,67.81609195402298
14,6.0,45,35,163.2437,424119,COD,20014,True,Midfielder,3.3079377642138716,13.333333333333334,7.718521449832368,77.77777777777779
0,4.0,69,65,114.52603333333333,354861,QAT,43834,False,Midfielder,3.143390105481112,5.797101449275362,0.0,94.20289855072464
0,4.0,68,56,177.82118333333335,433439,KSA,43835,False,Defender,2.0245057042791395,5.88235294117647,0.0,82.35294117647058
1,2.0,22,16,88.98698333333334,419302,KSA,43835,False,Forward,2.0227677493655905,9.090909090909092,1.0113838746827952,72.72727272727273
0,4.0,93,53,306.57535,396885,KSA,43835,False,Goalkeeper,1.1742627057263408,4.301075268817205,0.0,56.98924731182796
2,1.0,41,35,177.22288333333336,433161,COD,20014,True,Midfielder,0.5078350961637478,2.4390243902439024,1.0156701923274956,85.36585365853658
1,8.0,117,94,310.32276666666667,385067,QAT,43834,False,Defender,2.3201649293536635,6.837606837606838,0.29002061616920793,80.34188034188034
1,2.0,107,92,230.94581666666667,403319,KSA,43835,False,Midfielder,0.7794035960382915,1.8691588785046727,0.38970179801914573,85.98130841121495
2,5.0,77,57,213.11866666666668,419303,KSA,43835,False,Defender,2.1114996965696733,6.493506493506493,0.8445998786278693,74.02597402597402
1,6.0,104,97,256.5089833333334,407993,KSA,43835,False,Midfielder,2.10518942838844,5.769230769230769,0.3508649047314067,93.26923076923077
1,6.0,147,122,360.19883333333337,433076,COD,20014,True,Midfielder,1.4991719851026724,4.081632653061225,0.24986199751711205,82.99319727891157
0,0.0,6,4,49.05830000000001,477835,COD,20014,True,Forward,0.0,0.0,0.0,66.66666666666666
11,12.0,47,28,160.4582,510989,COD,20014,True,Forward,6.730724886605982,25.53191489361702,6.169831146055483,59.57446808510638
0,0.0,31,24,75.17195,489551,JOR,43820,False,Defender,0.0,0.0,0.0,77.41935483870968
2,7.0,78,59,310.32276666666667,416051,QAT,43834,False,Defender,2.030144313184455,8.974358974358974,0.5800412323384159,75.64102564102564
0,5.0,51,32,262.48803333333336,419291,KSA,43835,False,Forward,1.7143638675083726,9.803921568627452,0.0,62.745098039215684
0,7.0,80,62,289.9522833333333,433534,JOR,43820,False,Midfielder,2.172771301392867,8.75,0.0,77.5
0,2.0,65,59,163.11981666666668,433394,QAT,43834,False,Midfielder,1.1034833392918029,3.076923076923077,0.0,90.76923076923077
0,1.0,58,43,190.9975,489550,JOR,43820,False,Defender,0.4712103561564942,1.7241379310344827,0.0,74.13793103448276
0,1.0,8,4,55.32318333333332,353251,QAT,43834,False,Forward,1.6268044349098982,12.5,0.0,50.0
0,0.0,13,12,22.35244999999999,431219,JOR,43820,False,Defender,0.0,0.0,0.0,92.3076923076923
1,3.0,99,81,268.4348,403312,KSA,43835,False,Defender,1.0058308386245003,3.0303030303030303,0.3352769462081667,81.81818181818183
0,0.0,11,7,55.55924999999999,477859,COD,20014,True,Forward,0.0,0.0,0.0,63.63636363636363
0,1.0,106,94,309.44849999999997,431225,JOR,43820,False,Defender,0.29083999437709346,0.9433962264150944,0.0,88.67924528301887
0,1.0,46,35,104.76098333333334,430518,KSA,43835,False,Defender,0.8590984652524102,2.1739130434782608,0.0,76.08695652173914
7,7.0,79,64,167.33438333333336,436537,KSA,43835,False,Midfielder,3.764916614567059,8.860759493670885,3.764916614567059,81.0126582278481
3,4.0,24,19,69.50641666666668,477833,COD,20014,True,Defender,5.179377923141388,16.666666666666664,3.8845334423560405,79.16666666666666
7,5.0,137,109,399.45593333333335,426357,COD,20014,True,Defender,1.1265322716448156,3.64963503649635,1.5771451803027416,79.56204379562044
0,0.0,155,140,409.64515,403063,COD,20014,True,Defender,0.0,0.0,0.0,90.32258064516128
1,4.0,28,11,170.81786666666667,510991,QAT,43834,False,Defender,2.1075078797377946,14.285714285714285,0.5268769699344487,39.285714285714285
0,0.0,17,16,43.94245000000002,523333,KSA,43835,False,Midfielder,0.0,0.0,0.0,94.11764705882352
8,4.0,48,36,297.3423833333334,431212,JOR,43820,False,Forward,1.2107254807210743,8.333333333333332,2.4214509614421487,75.0
0,1.0,32,25,166.995,419473,QAT,43834,False,Defender,0.5389382915656157,3.125,0.0,78.125
1,3.0,116,103,297.14445,486147,COD,20014,True,Midfielder,0.9086489752711181,2.586206896551724,0.30288299175703937,88.79310344827587
3,2.0,33,25,134.29381666666666,419441,QAT,43834,False,Defender,1.3403446597007633,6.0606060606060606,2.010516989551145,75.75757575757575
1,0.0,21,17,163.6099166666667,511875,JOR,43820,False,Forward,0.0,0.0,0.5500889055726552,80.95238095238095
0,1.0,97,70,287.09605,433527,JOR,43820,False,Defender,0.31348393682184067,1.0309278350515463,0.0,72.16494845360825
0,3.0,15,7,91.45998333333334,498458,QAT,43834,False,Forward,2.9521107500748505,20.0,0.0,46.666666666666664
2,5.0,69,60,409.64515,441316,COD,20014,True,Forward,1.0985117241104891,7.246376811594203,0.43940468964419566,86.95652173913044
0,0.0,22,19,45.394116666666676,448128,COD,20014,True,Midfielder,0.0,0.0,0.0,86.36363636363636
0,5.0,139,94,409.64515,441313,COD,20014,True,Goalkeeper,1.0985117241104891,3.597122302158273,0.0,67.62589928057554
0,1.0,58,48,203.31955000000002,411624,KSA,43835,False,Midfielder,0.44265295688486417,1.7241379310344827,0.0,82.75862068965517
12,12.0,93,73,269.0622166666667,386347,QAT,43834,False,Forward,4.013941509067326,12.903225806451612,4.013941509067326,78.49462365591397
3,4.0,64,51,153.4976666666667,512183,KSA,43835,False,Defender,2.345312523751718,6.25,1.7589843928137885,79.6875
2,2.0,13,9,47.57573333333333,441317,COD,20014,True,Midfielder,3.7834414183140983,15.384615384615385,3.7834414183140983,69.23076923076923
0,1.0,90,85,310.32276666666667,512791,QAT,43834,False,Defender,0.29002061616920793,1.1111111111111112,0.0,94.44444444444444
0,0.0,55,46,201.61121666666668,504329,COD,20014,True,Defender,0.0,0.0,0.0,83.63636363636363
1,0.0,13,12,78.30950000000001,498514,JOR,43820,False,Forward,0.0,0.0,1.1492858465447997,92.3076923076923
0,3.0,14,9,105.73320000000001,419463,QAT,43834,False,Forward,2.553597167209542,21.428571428571427,0.0,64.28571428571429
0,0.0,9,7,71.12755,494800,KSA,43835,False,Forward,0.0,0.0,0.0,77.77777777777779
0,1.0,69,60,220.64888333333334,494458,COD,20014,True,Midfielder,0.40788785621922846,1.4492753623188406,0.0,86.95652173913044
0,2.0,32,26,51.042399999999994,345059,QAT,43834,False,Midfielder,3.52647994608404,6.25,0.0,81.25
3,3.0,42,33,167.11928333333333,386387,QAT,43834,False,Defender,1.6156124811848465,7.142857142857142,1.6156124811848465,78.57142857142857
0,2.0,87,71,237.72068333333334,403335,KSA,43835,False,Defender,0.7571911601297349,2.2988505747126435,0.0,81.60919540229885
0,1.0,33,27,140.81795,386348,QAT,43834,False,Midfielder,0.6391230663420395,3.0303030303030303,0.0,81.81818181818183
7,5.0,39,32,152.90375,396950,JOR,43820,False,Forward,2.943027885189212,12.82051282051282,4.120239039264897,82.05128205128204
1,1.0,23,16,210.44096666666667,336425,COD,20014,True,Forward,0.42767338235315083,4.3478260869565215,0.42767338235315083,69.56521739130434
4,3.0,113,88,300.7658,419281,KSA,43835,False,Defender,0.8977084495644119,2.6548672566371683,1.1969445994192158,77.87610619469027
2,4.0,81,58,276.45325,339745,KSA,43835,False,Forward,1.302209324723077,4.938271604938271,0.6511046623615385,71.60493827160494
0,1.0,14,10,69.67686666666665,284190,QAT,43834,False,Forward,1.291676912375509,7.142857142857142,0.0,71.42857142857143
1,3.0,263,242,426.23925,485677,FRA,43946,True,Midfielder,0.6334470605417027,1.1406844106463878,0.21114902018056758,92.01520912547528
0,0.0,130,125,276.5174833333333,405881,FRA,43946,True,Defender,0.0,0.0,0.0,96.15384615384616
0,2.0,29,27,76.08608333333333,395216,POR,43963,True,Midfielder,2.3657414354136157,6.896551724137931,0.0,93.10344827586206
2,9.0,261,247,450.59606666666673,484141,POR,43963,True,Midfielder,1.797618887337528,3.4482758620689653,0.399470863852784,94.6360153256705
0,1.0,16,13,32.060500000000005,418561,POR,43963,True,Forward,2.807192651393459,6.25,0.0,81.25
0,0.0,59,55,133.89620000000002,395205,POR,43963,True,Midfielder,0.0,0.0,0.0,93.22033898305084
3,0.0,76,69,143.18519999999995,464055,FRA,43946,True,Defender,0.0,0.0,1.8856697479907145,90.78947368421053
3,10.0,104,89,169.16446666666667,431861,FRA,43946,True,Midfielder,5.320266234004225,9.615384615384617,1.5960798702012675,85.57692307692307
0,7.0,403,379,404.6025666666667,441149,POR,43963,True,Midfielder,1.5570835479129024,1.7369727047146404,0.0,94.04466501240695
1,4.0,99,86,490.59275,201200,POR,43963,True,Forward,0.7338061966875784,4.040404040404041,0.1834515491718946,86.86868686868688
15,7.0,353,314,666.8922333333333,430707,FRA,43946,True,Defender,0.9446803673976911,1.9830028328611897,2.0243150729950523,88.95184135977338
0,1.0,315,307,533.55995,419177,FRA,43946,True,Defender,0.16867832752439535,0.31746031746031744,0.0,97.46031746031746
0,0.0,34,32,69.37133333333334,419166,FRA,43946,True,Defender,0.0,0.0,0.0,94.11764705882352
0,0.0,11,10,58.55736666666668,448081,POR,43963,True,Forward,0.0,0.0,0.0,90.9090909090909
21,17.0,282,239,447.5041,433195,POR,43963,True,Defender,3.4189630888298006,6.028368794326241,4.223424992083872,84.75177304964538
5,3.0,91,84,164.07330000000002,395212,POR,43963,True,Defender,1.6456059578249476,3.296703296703297,2.7426765963749125,92.3076923076923
1,1.0,70,66,128.73111666666665,483549,FRA,43946,True,Midfielder,0.699131665524536,1.4285714285714286,0.699131665524536,94.28571428571428
5,3.0,149,139,296.7847,408042,FRA,43946,True,Defender,0.9097504015537189,2.013422818791946,1.5162506692561983,93.28859060402685
0,0.0,11,11,26.00508333333333,491216,POR,43963,True,Defender,0.0,0.0,0.0,100.0
0,0.0,102,98,100.4419,492358,POR,43963,True,Defender,0.0,0.0,0.0,96.07843137254902
0,6.0,249,233,418.13829999999996,384752,POR,43963,True,Defender,1.2914387416794875,2.4096385542168677,0.0,93.57429718875501
4,9.0,60,47,218.97183333333334,418535,POR,43963,True,Forward,3.699105897181601,15.0,1.6440470654140449,78.33333333333333
1,1.0,39,34,78.91890000000001,403002,POR,43963,True,Defender,1.140411232290364,2.564102564102564,1.140411232290364,87.17948717948718
17,8.0,283,252,513.2927333333332,368860,FRA,43946,True,Defender,1.4027083440755252,2.8268551236749118,2.980755231160491,89.04593639575971
5,7.0,73,65,163.2558666666667,485081,POR,43963,True,Forward,3.858973112962147,9.58904109589041,2.7564093664015337,89.04109589041096
0,5.0,125,98,518.5802,403001,POR,43963,True,Goalkeeper,0.867753917330434,4.0,0.0,78.4
0,4.0,336,320,518.5802,489704,POR,43963,True,Defender,0.6942031338643473,1.1904761904761905,0.0,95.23809523809523
0,1.0,13,7,77.36348333333333,519954,BIH,44037,True,Forward,1.1633395514550469,7.6923076923076925,0.0,53.84615384615385
0,3.0,153,132,292.6953,484022,BIH,44037,True,Defender,0.9224610029610999,1.9607843137254901,0.0,86.27450980392157
2,2.0,27,25,50.451333333333324,494639,BIH,44037,True,Defender,3.5677947064497806,7.4074074074074066,3.5677947064497806,92.5925925925926
0,2.0,153,137,211.59571666666665,489521,BIH,44037,True,Defender,0.8506788456571625,1.3071895424836601,0.0,89.54248366013073
5,4.0,52,39,254.35191666666665,494640,BIH,44037,True,Midfielder,1.4153618526562444,7.6923076923076925,1.7692023158203054,75.0
2,2.0,107,91,266.59274999999997,483966,BIH,44037,True,Midfielder,0.675187153439094,1.8691588785046727,0.675187153439094,85.04672897196261
0,0.0,24,17,95.52770000000001,489523,BIH,44037,True,Midfielder,0.0,0.0,0.0,70.83333333333334
0,1.0,165,148,353.46441666666664,489520,BIH,44037,True,Defender,0.25462251857978163,0.6060606060606061,0.0,89.6969696969697
16,13.0,90,69,312.5353166666667,504990,BIH,44037,True,Forward,3.7435769258930147,14.444444444444443,4.607479293406787,76.66666666666667
1,0.0,16,12,88.10826666666665,522846,BIH,44037,True,Midfielder,0.0,0.0,1.0214705544088185,75.0
