player_id,player_name,team_id,team_name,country_code,position,jersey_number,matches_played,minutes_played,defensive_pressures,direct_defensive_pressures,forced_turnovers,direct_pressures_per90,all_pressures_per90,forced_turnovers_per90
448217,Matt TURNER,43921,USA,USA,Goalkeeper,1,1,104.90254999999999,0.0,0.0,0.0,0.0,0.0,0.0
406280,Sergino DEST,43921,USA,USA,Defender,2,5,335.66993333333335,97.0,9.0,14.0,2.413084758460146,26.007691285626017,3.753687402049116
419062,Chris RICHARDS,43921,USA,USA,Defender,3,4,419.95593333333335,22.0,11.0,4.0,2.3573901960189794,4.714780392037959,0.8572327985523559
390238,Tyler ADAMS,43921,USA,USA,Midfielder,4,4,397.65656666666666,65.0,21.0,30.0,4.752844938140508,14.711186713292047,6.789778483057868
441251,Antonee ROBINSON,43921,USA,USA,Defender,5,4,399.23064999999997,66.0,18.0,14.0,4.057804680076543,14.878617160280657,3.1560703067261997
390272,Auston TRUSTY,43921,USA,USA,Defender,6,2,123.08418333333333,31.0,6.0,5.0,4.387241198469719,22.66741285876022,3.6560343320581
419068,Giovanni REYNA,43921,USA,USA,Midfielder,7,5,155.80253333333337,46.0,6.0,8.0,3.465925671726347,26.57209681656866,4.621234228968462
390259,Weston McKENNIE,43921,USA,USA,Midfielder,8,5,504.27435,102.0,21.0,22.0,3.7479598159216305,18.204376248762205,3.9264340928702794
419082,Ricardo PEPI,43921,USA,USA,Forward,9,5,247.66133333333335,84.0,15.0,18.0,5.450992215175562,30.52555640498315,6.541190658210675
390267,Christian PULISIC,43921,USA,USA,Forward,10,4,253.85453333333334,73.0,9.0,8.0,3.190803762154599,25.8809638485873,2.8362700108040877
419055,Brenden AARONSON,43921,USA,USA,Forward,11,1,82.19483333333332,37.0,9.0,6.0,9.854634009842469,40.51349537379682,6.569756006561646
436599,Miles ROBINSON,43921,USA,USA,Defender,12,1,104.90254999999999,11.0,5.0,6.0,4.289695531710144,9.437330169762319,5.147634638052173
339510,Tim REAM,43921,USA,USA,Defender,13,4,419.95593333333335,16.0,6.0,3.0,1.285849197828534,3.4289311942094236,0.642924598914267
499912,Sebastian BERHALTER,43921,USA,USA,Midfielder,14,5,231.85036666666667,63.0,17.0,9.0,6.599083805632684,24.45542822087407,3.49363260298201
385994,Cristian ROLDAN,43921,USA,USA,Midfielder,15,0,0.0,0.0,0.0,0.0,,,
464542,Alex FREEMAN,43921,USA,USA,Defender,16,5,442.47535,64.0,20.0,17.0,4.0680232243445875,13.017674317902681,3.4578197406929
448214,Malik TILLMAN,43921,USA,USA,Midfielder,17,5,415.9863666666667,115.0,25.0,15.0,5.408831106724572,24.880623090933025,3.2452986640347423
486390,Max ARFSTEN,43921,USA,USA,Defender,18,1,2.5436499999999995,0.0,0.0,0.0,0.0,0.0,0.0
390276,Haji WRIGHT,43921,USA,USA,Forward,19,2,4.858050000000006,0.0,0.0,0.0,0.0,0.0,0.0
466624,Folarin BALOGUN,43921,USA,USA,Forward,20,4,348.7864333333333,106.0,7.0,29.0,1.8062629156160794,27.35198129361492,7.483089221838044
406304,Timothy WEAH,43921,USA,USA,Forward,21,2,90.04825,34.0,4.0,5.0,3.9978567046000344,33.98178198910029,4.997320880750042
419077,Mark McKENZIE,43921,USA,USA,Defender,22,1,104.90254999999999,9.0,1.0,2.0,0.857939106342029,7.721451957078261,1.715878212684058
423700,Joe SCALLY,43921,USA,USA,Defender,23,2,100.61593333333333,19.0,4.0,4.0,3.5779621385347187,16.995320158039913,3.5779621385347187
499913,Matt FREESE,43921,USA,USA,Goalkeeper,24,4,419.95593333333335,0.0,0.0,0.0,0.0,0.0,0.0
464546,Chris BRADY,43921,USA,USA,Goalkeeper,25,0,0.0,0.0,0.0,0.0,,,
390278,Alex ZENDEJAS,43921,USA,USA,Forward,26,1,22.707716666666656,16.0,2.0,1.0,7.926820765040963,63.414566120327706,3.9634103825204816
441255,Dayne ST. CLAIR,43899,Canada,CAN,Goalkeeper,1,0,0.0,0.0,0.0,0.0,,,
441252,Alistair JOHNSTON,43899,Canada,CAN,Defender,2,5,511.18878333333333,52.0,16.0,12.0,2.8169632177962174,9.155130457837705,2.112722413347163
514070,Alfie JONES,43899,Canada,CAN,Defender,3,0,0.0,0.0,0.0,0.0,,,
480322,Luc DE FOUGEROLLES,43899,Canada,CAN,Defender,4,5,421.32191666666665,41.0,22.0,17.0,4.6994944285476095,8.758148707747818,3.6314275129686067
448402,Joel WATERMAN,43899,Canada,CAN,Defender,5,0,0.0,0.0,0.0,0.0,,,
448390,Mathieu CHOINIERE,43899,Canada,CAN,Midfielder,6,1,61.6724,19.0,2.0,2.0,2.9186475635778724,27.72715185398979,2.9186475635778724
433635,Stephen EUSTAQUIO,43899,Canada,CAN,Midfielder,7,5,444.18358333333333,91.0,15.0,16.0,3.0392838696762583,18.438322142702635,3.241902794321342
441258,Ismael KONE,43899,Canada,CAN,Midfielder,8,2,160.94411666666667,25.0,5.0,8.0,2.796001552091528,13.98000776045764,4.473602483346445
390670,Cyle LARIN,43899,Canada,CAN,Forward,9,4,224.30125,76.0,6.0,8.0,2.407476552181497,30.49470299429896,3.2099687362419957
441257,Jonathan DAVID,43899,Canada,CAN,Forward,10,5,475.85498333333334,227.0,21.0,45.0,3.971798270894785,42.93324797586267,8.51099629477454
441259,Liam MILLAR,43899,Canada,CAN,Midfielder,11,3,176.42931666666667,44.0,12.0,3.0,6.1214316328191485,22.44524932033688,1.5303579082047871
486929,Tani OLUWASEYI,43899,Canada,CAN,Forward,12,5,288.7708166666667,104.0,20.0,11.0,6.23331685929251,32.41324766832105,3.4283242726108805
371958,Derek CORNELIUS,43899,Canada,CAN,Defender,13,4,351.42331666666666,29.0,6.0,4.0,1.5366083421044106,7.426940320171318,1.0244055614029406
448411,Jacob SHAFFELBURG,43899,Canada,CAN,Midfielder,14,5,126.08015000000003,22.0,6.0,5.0,4.2829898282957295,15.704296037084344,3.5691581902464415
466585,Moise BOMBITO,43899,Canada,CAN,Defender,15,3,221.12650000000002,11.0,2.0,4.0,0.8140136980416186,4.477075339228902,1.6280273960832372
331732,Maxime CREPEAU,43899,Canada,CAN,Goalkeeper,16,5,511.18878333333333,0.0,0.0,0.0,0.0,0.0,0.0
430138,Tajon BUCHANAN,43899,Canada,CAN,Forward,17,5,401.87763333333334,136.0,32.0,29.0,7.166360506585379,30.45703215298786,6.494514209093
463817,Owen GOODMAN,43899,Canada,CAN,Goalkeeper,18,0,0.0,0.0,0.0,0.0,,,
412144,Alphonso DAVIES,43899,Canada,CAN,Defender,19,1,22.046266666666668,4.0,0.0,1.0,0.0,16.32929536066575,4.0823238401664375
466687,Ali AHMED,43899,Canada,CAN,Forward,20,4,258.05943333333335,113.0,12.0,18.0,4.185082428686001,39.40952620345985,6.277623643029002
370986,Jonathan OSORIO,43899,Canada,CAN,Midfielder,21,2,17.991833333333346,3.0,1.0,1.0,5.002269548220949,15.006808644662843,5.002269548220949
431696,Richie LARYEA,43899,Canada,CAN,Defender,22,5,475.81683333333336,79.0,28.0,22.0,5.2961556285139135,14.942724809021398,4.161265136689503
485064,Niko SIGUR,43899,Canada,CAN,Defender,23,3,147.76720000000003,39.0,9.0,4.0,5.4815953743455905,23.75357995549756,2.436264610820263
493970,Promise DAVID,43899,Canada,CAN,Forward,24,4,105.79888333333334,23.0,1.0,6.0,0.850670604116332,19.56542389467564,5.104023624697992
423941,Nathan SALIBA,43899,Canada,CAN,Midfielder,25,3,206.59373333333338,43.0,12.0,11.0,5.227651306622401,18.732417182063603,4.7920136977372
423933,Jayden Nelson,43899,Canada,CAN,Forward,26,1,12.63888333333334,2.0,0.0,1.0,0.0,14.2417645018745,7.12088225093725
485070,Raul RANGEL,43911,Mexico,MEX,Goalkeeper,1,5,42.18448333333333,0.0,0.0,0.0,0.0,0.0,0.0
403596,Jorge SANCHEZ,43911,Mexico,MEX,Defender,2,4,388.0640000000001,87.0,21.0,16.0,4.8703306671064555,20.17708419229817,3.7107281273192045
395516,Cesar MONTES,43911,Mexico,MEX,Defender,3,4,349.6178666666666,14.0,4.0,9.0,1.029695660099751,3.6039348103491284,2.31681523522444
400634,Edson ALVAREZ,43911,Mexico,MEX,Defender,4,4,278.97153333333335,37.0,13.0,3.0,4.193976302958509,11.93670178534345,0.9678406852981175
425701,Johan VASQUEZ,43911,Mexico,MEX,Defender,5,4,412.8016,14.0,6.0,7.0,1.3081344645950985,3.0523137507218965,1.5261568753609482
419518,Erik LIRA,43911,Mexico,MEX,Midfielder,6,4,391.34568333333334,81.0,26.0,17.0,5.979368368315122,18.628032224366343,3.9095870100521957
430763,Luis ROMO,43911,Mexico,MEX,Midfielder,7,4,284.68021666666664,71.0,12.0,14.0,3.793730427234348,22.446238361136558,4.426018831773407
416576,Alvaro FIDALGO,43911,Mexico,MEX,Midfielder,8,3,117.45150000000001,35.0,4.0,6.0,3.0650949540874315,26.81958084826503,4.597642431131147
356731,Raul JIMENEZ,43911,Mexico,MEX,Forward,9,4,348.98519999999996,87.0,10.0,27.0,2.578905924950399,22.436481547068475,6.963045997366079
430766,Alexis VEGA,43911,Mexico,MEX,Forward,10,1,18.784783333333337,3.0,0.0,1.0,0.0,14.373335864933228,4.791111954977743
430759,Santiago GIMENEZ,43911,Mexico,MEX,Forward,11,4,117.51943333333334,27.0,3.0,3.0,2.297492358001499,20.677431222013492,2.297492358001499
441260,Carlos ACEVEDO,43911,Mexico,MEX,Goalkeeper,12,0,0.0,0.0,0.0,0.0,,,
215285,Guillermo OCHOA,43911,Mexico,MEX,Goalkeeper,13,1,18.652216666666675,0.0,0.0,0.0,0.0,0.0,0.0
514336,Armando GONZALEZ,43911,Mexico,MEX,Forward,14,1,21.564033333333327,7.0,0.0,0.0,0.0,29.215313770924123,0.0
441261,Israel REYES,43911,Mexico,MEX,Defender,15,4,237.23881666666668,11.0,2.0,3.0,0.7587291259040029,4.173010192472016,1.1380936888560043
429157,Julian QUINONES,43911,Mexico,MEX,Forward,16,5,440.15866666666665,162.0,12.0,13.0,2.4536606496445224,33.12441877020105,2.6581323704482323
372090,Orbelin PINEDA,43911,Mexico,MEX,Midfielder,17,2,45.768433333333334,33.0,1.0,3.0,1.9664208155111274,64.8918869118672,5.899262446533382
461177,Obed VARGAS,43911,Mexico,MEX,Midfielder,18,3,85.9498,20.0,2.0,3.0,2.0942457108684374,20.942457108684373,3.141368566302656
500037,Gilberto MORA,43911,Mexico,MEX,Midfielder,19,4,236.43435000000002,96.0,9.0,15.0,3.425898140435178,36.54291349797523,5.709830234058629
500038,Mateo CHAVEZ,43911,Mexico,MEX,Defender,20,1,81.49375,18.0,3.0,5.0,3.313137510545287,19.878825063271723,5.521895850908812
406135,Cesar HUERTA,43911,Mexico,MEX,Forward,21,1,12.674150000000012,4.0,1.0,0.0,7.101067921714665,28.40427168685866,0.0
386339,Guillermo MARTINEZ,43911,Mexico,MEX,Forward,22,2,87.7687,41.0,4.0,3.0,4.101690010220044,42.042322604755455,3.076267507665033
402772,Jesus GALLARDO,43911,Mexico,MEX,Defender,23,5,431.4214333333333,69.0,19.0,7.0,3.963641738399182,14.39427789208124,1.460289061515488
448051,Luis CHAVEZ,43911,Mexico,MEX,Midfielder,24,1,31.60065,4.0,3.0,1.0,8.544128047999012,11.392170730665349,2.848042682666337
403585,Roberto ALVARADO,43911,Mexico,MEX,Forward,25,5,476.7946333333333,75.0,13.0,6.0,2.453886680352037,14.157038540492522,1.1325630832394018
464533,Brian GUTIERREZ,43911,Mexico,MEX,Midfielder,26,4,226.1673166666667,69.0,9.0,16.0,3.5814193312193128,27.457548206014735,6.366967699945445
405530,Zion Suzuki,43819,Japan,JPN,Goalkeeper,1,4,405.81909999999993,0.0,0.0,0.0,0.0,0.0,0.0
405528,Yukinari Sugawara,43819,Japan,JPN,Defender,2,4,181.66254999999998,36.0,4.0,5.0,1.9816962824753919,17.83526654227853,2.47712035309424
390541,Shogo TANIGUCHI,43819,Japan,JPN,Defender,3,3,267.5332333333333,11.0,4.0,3.0,1.3456272161576937,3.700474844433657,1.0092204121182702
400511,Kou ITAKURA,43819,Japan,JPN,Defender,4,2,138.28586666666666,4.0,2.0,4.0,1.3016514582353078,2.6033029164706156,2.6033029164706156
291372,Yuto NAGATOMO,43819,Japan,JPN,Defender,5,1,22.374383333333327,4.0,0.0,2.0,0.0,16.089828918934828,8.044914459467414
448569,Shuto MACHINO,43819,Japan,JPN,Forward,6,1,23.37530000000001,4.0,1.0,1.0,3.850217965117024,15.400871860468095,3.850217965117024
400514,Ao TANAKA,43819,Japan,JPN,Midfielder,7,3,225.29958333333332,89.0,34.0,12.0,13.581915930455562,35.55266228854544,4.7936173872196095
403304,Takefusa KUBO,43819,Japan,JPN,Midfielder,8,1,77.528,49.0,3.0,0.0,3.4826127334640384,56.8826746465793,0.0
464339,Keisuke GOTO,43819,Japan,JPN,Forward,9,1,11.989350000000002,6.0,3.0,1.0,22.519986488008104,45.03997297601621,7.506662162669368
391646,Ritsu DOAN,43819,Japan,JPN,Midfielder,10,4,295.09656666666666,114.0,19.0,9.0,5.794713301193948,34.76827980716369,2.7448641953023967
430407,Daizen MAEDA,43819,Japan,JPN,Midfielder,11,3,271.51321666666666,125.0,22.0,18.0,7.2924626812212265,41.43444705239334,5.96656037554464
403305,Keisuke OSAKO,43819,Japan,JPN,Goalkeeper,12,0,0.0,0.0,0.0,0.0,,,
405522,Keito Nakamura,43819,Japan,JPN,Midfielder,13,4,330.25921666666665,80.0,11.0,9.0,2.997645334450167,21.801056977819396,2.452618910004682
395321,Junya ITO,43819,Japan,JPN,Midfielder,14,4,242.72113333333328,77.0,5.0,6.0,1.8539794776831688,28.5512839563208,2.224775373219803
448557,Daichi KAMADA,43819,Japan,JPN,Midfielder,15,4,359.58275,116.0,22.0,13.0,5.5063820497507185,29.033650807776514,3.2537712112163337
430401,Tsuyoshi Watanabe,43819,Japan,JPN,Defender,16,2,99.72338333333333,8.0,3.0,4.0,2.707489366836899,7.219971644898397,3.6099858224491985
485503,Yuito SUZUKI,43819,Japan,JPN,Midfielder,17,1,17.961216666666672,7.0,2.0,0.0,10.021592820827836,35.07557487289743,0.0
430413,Ayase UEDA,43819,Japan,JPN,Forward,18,4,349.8537166666666,173.0,9.0,11.0,2.315253379948372,44.504314970118706,2.8297541310480105
403293,Koki OGAWA,43819,Japan,JPN,Forward,19,3,56.59863333333331,18.0,0.0,3.0,0.0,28.622599250040796,4.770433208340132
405527,Ayumu SEKO,43819,Japan,JPN,Defender,20,2,97.65581666666665,3.0,2.0,1.0,1.8432081789290928,2.7648122683936394,0.9216040894645464
403274,Hiroki ITO,43819,Japan,JPN,Defender,21,4,405.81909999999993,34.0,14.0,23.0,3.1048316848566273,7.540305520366095,5.100794910835888
403289,Takehiro TOMIYASU,43819,Japan,JPN,Defender,22,3,208.4399,24.0,11.0,4.0,4.749570499697995,10.362699272068351,1.7271165453447255
511710,Tomoki HAYAKAWA,43819,Japan,JPN,Goalkeeper,23,0,0.0,0.0,0.0,0.0,,,
479294,Kaishu SANO,43819,Japan,JPN,Midfielder,24,3,303.75545,108.0,14.0,10.0,4.148073721804827,31.99942585392295,2.962909801289162
498455,Junnosuke SUZUKI,43819,Japan,JPN,Defender,25,2,58.25359999999999,22.0,4.0,0.0,6.179875578505021,33.98931568177761,0.0
520218,Kento SHIOGAI,43819,Japan,JPN,Forward,26,1,12.909033333333326,6.0,2.0,0.0,13.943724162150026,41.83117248645008,0.0
368535,Max CROCOMBE,43978,New Zealand,NZL,Goalkeeper,1,3,306.77251666666666,0.0,0.0,0.0,0.0,0.0,0.0
331463,Tim PAYNE,43978,New Zealand,NZL,Defender,2,3,241.8867,57.0,9.0,5.0,3.3486752268727464,21.20827643686073,1.8603751260404149
440748,Francis DE VRIES,43978,New Zealand,NZL,Defender,3,2,32.041016666666664,5.0,1.0,1.0,2.8088996343748978,14.044498171874489,2.8088996343748978
482775,Tyler BINDON,43978,New Zealand,NZL,Defender,4,3,120.39001666666667,13.0,4.0,4.0,2.990281170877818,9.718413805352908,2.990281170877818
261367,Michael BOXALL,43978,New Zealand,NZL,Defender,5,3,237.04723333333334,21.0,12.0,4.0,4.556054018488861,7.973094532355507,1.5186846728296204
390181,Joe BELL,43978,New Zealand,NZL,Midfielder,6,3,275.5247333333333,98.0,22.0,27.0,7.186287692018455,32.011645173536756,8.819534894749921
390205,Logan ROGERSON,43978,New Zealand,NZL,Forward,7,0,0.0,0.0,0.0,0.0,,,
423595,Marko STAMENIC,43978,New Zealand,NZL,Midfielder,8,3,302.8543666666667,67.0,18.0,10.0,5.349105637241926,19.910559871956057,2.971725354023292
274078,Chris WOOD,43978,New Zealand,NZL,Forward,9,3,306.77251666666666,88.0,5.0,8.0,1.4668849898602934,25.817175821541163,2.3470159837764695
390209,Sarpreet SINGH,43978,New Zealand,NZL,Midfielder,10,3,227.70136666666667,104.0,7.0,10.0,2.7667818126109913,41.106472644506155,3.9525454465871306
405454,Elijah JUST,43978,New Zealand,NZL,Midfielder,11,3,291.59950000000003,152.0,18.0,19.0,5.555565081558781,46.91366068871859,5.864207586089824
423574,Alex PAULSEN,43978,New Zealand,NZL,Goalkeeper,12,0,0.0,0.0,0.0,0.0,,,
405469,Liberato CACACE,43978,New Zealand,NZL,Defender,13,3,237.32469999999998,59.0,8.0,9.0,3.0338182245674385,22.374409406184864,3.4130455026383686
371142,Alex RUFER,43978,New Zealand,NZL,Midfielder,14,0,0.0,0.0,0.0,0.0,,,
419572,Nando PIJNAKER,43978,New Zealand,NZL,Defender,15,0,0.0,0.0,0.0,0.0,,,
463580,Finn SURMAN,43978,New Zealand,NZL,Defender,16,3,306.77251666666666,28.0,11.0,5.0,3.2271469776926454,8.214555943217643,1.4668849898602934
269592,Kosta BARBAROUSES,43978,New Zealand,NZL,Forward,17,0,0.0,0.0,0.0,0.0,,,
419577,Ben WAINE,43978,New Zealand,NZL,Forward,18,0,0.0,0.0,0.0,0.0,,,
423575,Ben OLD,43978,New Zealand,NZL,Midfielder,19,3,112.68400000000001,28.0,4.0,2.0,3.1947747683788292,22.363423378651802,1.5973873841894146
390196,Callum McCOWATT,43978,New Zealand,NZL,Midfielder,20,3,173.98475000000002,55.0,11.0,9.0,5.690153878429,28.450769392144995,4.655580445987363
416652,Jesse RANDALL,43978,New Zealand,NZL,Forward,21,3,79.14486666666667,15.0,2.0,3.0,2.2743104838132266,17.0573286285992,3.41146572571984
390218,Michael WOUD,43978,New Zealand,NZL,Goalkeeper,22,0,0.0,0.0,0.0,0.0,,,
336641,Ryan THOMAS,43978,New Zealand,NZL,Midfielder,23,3,103.85764999999999,50.0,7.0,2.0,6.065995138538182,43.32853670384416,1.7331414681537662
419567,Callan ELLIOT,43978,New Zealand,NZL,Defender,24,1,18.139233333333323,4.0,1.0,0.0,4.961620943185768,19.84648377274307,0.0
484817,Lachlan BAYLISS,43978,New Zealand,NZL,Midfielder,25,0,0.0,0.0,0.0,0.0,,,
274102,Tommy SMITH,43978,New Zealand,NZL,Defender,26,0,0.0,0.0,0.0,0.0,,,
380007,Alireza BEIRANVAND,43817,IR Iran,IRN,Goalkeeper,1,3,309.48558333333335,0.0,0.0,0.0,0.0,0.0,0.0
448505,Saleh HARDANI,43817,IR Iran,IRN,Defender,2,2,107.24193333333335,46.0,6.0,5.0,5.035343761675314,38.60430217284408,4.196119801396095
288961,Ehsan HAJISAFI,43817,IR Iran,IRN,Defender,3,2,104.6295,27.0,2.0,1.0,1.7203561137155392,23.22480753515978,0.8601780568577696
346743,Shoja KHALILZADEH,43817,IR Iran,IRN,Defender,4,3,309.48558333333335,26.0,12.0,8.0,3.4896617424559624,7.560933775321251,2.326441161637308
390537,Milad MOHAMMADI,43817,IR Iran,IRN,Defender,5,3,235.64893333333333,62.0,22.0,23.0,8.40232956709048,23.6792924163459,8.784253638321864
371736,Saeid EZATOLAHI,43817,IR Iran,IRN,Midfielder,6,3,298.6881666666667,96.0,22.0,22.0,6.628987087425067,28.92648910876393,6.628987087425067
379886,Alireza JAHANBAKHSH,43817,IR Iran,IRN,Midfielder,7,2,58.462666666666685,20.0,0.0,2.0,0.0,30.788879512851498,3.0788879512851497
448497,Mohammad MOHEBBI,43817,IR Iran,IRN,Midfielder,8,3,271.5443333333333,133.0,15.0,8.0,4.971563882140792,44.08119975498169,2.6515007371417556
388475,Mehdi TAREMI,43817,IR Iran,IRN,Forward,9,3,293.7564,100.0,7.0,17.0,2.1446341254182038,30.637630363117193,5.208397161729923
403236,Mehdi GHAYEDI,43817,IR Iran,IRN,Forward,10,1,50.24224999999999,13.0,2.0,3.0,3.582642099030199,23.287173643696295,5.373963148545299
416989,Ali Alipour,43817,IR Iran,IRN,Forward,11,1,42.36994999999999,13.0,4.0,2.0,8.496587793943586,27.61391033031666,4.248293896971793
448507,Payam NIAZMAND,43817,IR Iran,IRN,Goalkeeper,12,0,0.0,0.0,0.0,0.0,,,
390534,Hossein KANANI,43817,IR Iran,IRN,Defender,13,2,154.11788333333334,17.0,5.0,2.0,2.919842851894864,9.927465696442539,1.1679371407579457
411644,Saman GHODDOS,43817,IR Iran,IRN,Midfielder,14,3,228.77519999999998,102.0,18.0,9.0,7.081187121681022,40.12672702285912,3.540593560840511
406595,Roozbeh CHESHMI,43817,IR Iran,IRN,Midfielder,15,0,0.0,0.0,0.0,0.0,,,
390535,Mehdi TORABI,43817,IR Iran,IRN,Midfielder,16,1,29.616699999999994,13.0,1.0,1.0,3.038826067725304,39.50473888042896,3.038826067725304
481181,Arya YOUSEFI,43817,IR Iran,IRN,Defender,17,1,51.177499999999995,12.0,2.0,1.0,3.5171706316252265,21.103023789751358,1.7585853158126132
405639,Amirhossein Hosseinzadeh,43817,IR Iran,IRN,Forward,18,2,26.526600000000002,13.0,3.0,3.0,10.178462373617425,44.106670285675506,10.178462373617425
489603,Ali NEMATI,43817,IR Iran,IRN,Defender,19,3,309.48558333333335,24.0,10.0,5.0,2.908051452046635,6.979323484911925,1.4540257260233176
481180,Shahriyar MOGHANLOO,43817,IR Iran,IRN,Forward,20,3,108.96733333333334,52.0,4.0,6.0,3.303742405980997,42.948651277752965,4.955613608971496
482670,Mohammad GHORBANI,43817,IR Iran,IRN,Midfielder,21,1,104.63373333333334,23.0,3.0,5.0,2.5804297657989204,19.783294871125054,4.300716276331533
314255,Hossein HOSSEINI,43817,IR Iran,IRN,Goalkeeper,22,0,0.0,0.0,0.0,0.0,,,
384797,Ramin REZAEIAN,43817,IR Iran,IRN,Defender,23,3,309.48558333333335,82.0,10.0,9.0,2.908051452046635,23.846021906782408,2.6172463068419716
519837,Dennis DARGAHI,43817,IR Iran,IRN,Forward,24,0,0.0,0.0,0.0,0.0,,,
494429,Danial IRI,43817,IR Iran,IRN,Defender,25,0,0.0,0.0,0.0,0.0,,,
475921,Amirmohammad RAZAGHINIA,43817,IR Iran,IRN,Midfielder,26,0,0.0,0.0,0.0,0.0,,,
430624,Juan MUSSO,43922,Argentina,ARG,Goalkeeper,1,1,47.418033333333334,0.0,0.0,0.0,0.0,0.0,0.0
402934,Marcos SENESI,43922,Argentina,ARG,Defender,2,2,126.71301666666668,4.0,3.0,0.0,2.1307992430664515,2.8410656574219355,0.0
308322,Nicolas TAGLIAFICO,43922,Argentina,ARG,Defender,3,7,543.3537,98.0,25.0,14.0,4.140949072399802,16.23252036380722,2.3189314805438888
402926,Gonzalo MONTIEL,43922,Argentina,ARG,Defender,4,6,241.71780000000007,21.0,7.0,3.0,2.6063450850537273,7.8190352551611815,1.1170050364515975
332847,Leandro PAREDES,43922,Argentina,ARG,Midfielder,5,7,557.6169166666667,63.0,19.0,18.0,3.0666214544244306,10.16827113835469,2.9052203252441973
402921,Lisandro MARTINEZ,43922,Argentina,ARG,Defender,6,7,708.075,31.0,13.0,11.0,1.6523673339688592,3.9402605656180487,1.3981569748967269
428882,Rodrigo DE PAUL,43922,Argentina,ARG,Midfielder,7,7,539.98195,164.0,17.0,11.0,2.8334280432892247,27.334247005848994,1.8333946162459689
463661,Valentin BARCO,43922,Argentina,ARG,Midfielder,8,1,24.639100000000013,7.0,2.0,0.0,7.305461644297068,25.56911575503974,0.0
416081,Julian ALVAREZ,43922,Argentina,ARG,Forward,9,8,690.6236666666668,285.0,37.0,38.0,4.821728765931855,37.14034319704266,4.952045759605689
229397,Lionel MESSI,43922,Argentina,ARG,Forward,10,8,853.23305,194.0,23.0,26.0,2.42606636018143,20.463342342399887,2.742509798465964
395414,Giovani Lo Celso,43922,Argentina,ARG,Midfielder,11,1,64.77161666666667,23.0,6.0,8.0,8.33698505286652,31.95844270265499,11.115980070488693
394824,Geronimo RULLI,43922,Argentina,ARG,Goalkeeper,12,0,0.0,0.0,0.0,0.0,,,
431196,Cristian ROMERO,43922,Argentina,ARG,Defender,13,7,685.9859166666668,52.0,22.0,11.0,2.886356631957094,6.822297493716768,1.443178315978547
389485,Exequiel PALACIOS,43922,Argentina,ARG,Midfielder,14,1,100.13338333333334,5.0,1.0,1.0,0.8988011490673357,4.494005745336678,0.8988011490673357
430631,Nico GONZALEZ,43922,Argentina,ARG,Midfielder,15,7,324.7864,77.0,7.0,12.0,1.939736392903151,21.337100321934663,3.325262387833973
418975,Thiago ALMADA,43922,Argentina,ARG,Forward,16,5,267.9313333333334,70.0,11.0,26.0,3.694976573599703,23.513487286543562,8.733580992144752
485595,Giuliano SIMEONE,43922,Argentina,ARG,Forward,17,3,217.07101666666665,74.0,14.0,11.0,5.804551981874441,30.68120333276491,4.560719414329919
441422,Nico PAZ,43922,Argentina,ARG,Forward,18,2,81.52016666666668,44.0,6.0,7.0,6.62412777206458,48.57693699514025,7.728149067408676
310116,Nicolas OTAMENDI,43922,Argentina,ARG,Defender,19,7,308.27203333333335,18.0,8.0,3.0,2.335599477560998,5.255098824512245,0.8758498040853744
430628,Alexis MAC ALLISTER,43922,Argentina,ARG,Midfielder,20,8,869.10485,239.0,37.0,36.0,3.831528497395912,24.749602996692513,3.727973673141969
495054,Jose Manuel LOPEZ,43922,Argentina,ARG,Forward,21,2,28.215416666666698,9.0,3.0,2.0,9.569236676166978,28.707710028500934,6.379491117444652
402920,Lautaro MARTINEZ,43922,Argentina,ARG,Forward,22,7,368.9436833333334,181.0,19.0,26.0,4.634853711413317,44.15308009293739,6.342431394565592
308300,Emiliano MARTINEZ,43922,Argentina,ARG,Goalkeeper,23,8,934.4354333333333,0.0,0.0,0.0,0.0,0.0,0.0
448252,Enzo FERNANDEZ,43922,Argentina,ARG,Midfielder,24,7,755.1817000000001,204.0,28.0,46.0,3.336945267609106,24.312029806866345,5.4821243682149605
418963,Facundo MEDINA,43922,Argentina,ARG,Defender,25,5,350.0819333333333,63.0,15.0,14.0,3.8562401296915447,16.19620854470449,3.599157454378775
402925,Nahuel MOLINA,43922,Argentina,ARG,Defender,26,7,592.58425,128.0,26.0,27.0,3.948805591778722,19.44027368260294,4.100682729924057
479077,Utkir YUSUPOV,44005,Uzbekistan,UZB,Goalkeeper,1,1,72.44866666666667,0.0,0.0,0.0,0.0,0.0,0.0
464924,Abdukodir KHUSANOV,44005,Uzbekistan,UZB,Defender,2,3,311.9538,23.0,8.0,11.0,2.3080340742763834,6.635597963544601,3.173546852130027
479079,Khojiakbar ALIJONOV,44005,Uzbekistan,UZB,Defender,3,2,155.18188333333333,76.0,11.0,4.0,6.379610678351307,44.0773101413363,2.319858428491384
385139,Farrukh SAYFIEV,44005,Uzbekistan,UZB,Defender,4,1,55.52708333333332,5.0,0.0,1.0,0.0,8.104153378606538,1.6208306757213076
371415,Rustam ASHURMATOV,44005,Uzbekistan,UZB,Defender,5,3,288.0335333333333,32.0,9.0,17.0,2.8121725641667186,9.998835783703889,5.311881510092691
479106,Akmal MOZGOVOY,44005,Uzbekistan,UZB,Midfielder,6,3,243.95411666666666,83.0,8.0,5.0,2.9513746676543753,30.620512176914144,1.8446091672839844
371348,Otabek Shukurov,44005,Uzbekistan,UZB,Midfielder,7,3,268.4691333333333,96.0,12.0,5.0,4.022808829419746,32.182470635357966,1.6761703455915604
368545,Jamshid ISKANDEROV,44005,Uzbekistan,UZB,Midfielder,8,1,16.86523333333332,4.0,0.0,0.0,0.0,21.345687479370792,0.0
371345,Odiljon XAMROBEKOV,44005,Uzbekistan,UZB,Midfielder,9,2,90.94428333333333,39.0,6.0,7.0,5.937701416819859,38.59505920932908,6.9273183196231685
484303,Ruslanbek JIYANOV,44005,Uzbekistan,UZB,Midfielder,10,1,3.8182166666666575,4.0,2.0,1.0,47.142426874675465,94.28485374935093,23.571213437337732
479080,Oston URUNOV,44005,Uzbekistan,UZB,Midfielder,11,2,75.83446666666666,41.0,1.0,4.0,1.1867954500899769,48.65861345368905,4.7471818003599076
479110,Abduvohid NEMATOV,44005,Uzbekistan,UZB,Goalkeeper,12,2,30.424733333333332,0.0,0.0,0.0,0.0,0.0,0.0
479075,Sherzod NASRULLAEV,44005,Uzbekistan,UZB,Defender,13,3,206.30771666666664,42.0,9.0,5.0,3.9261740330766437,18.322145487691003,2.1812077961536906
385475,Eldor SHOMURODOV,44005,Uzbekistan,UZB,Forward,14,3,304.27273333333335,96.0,11.0,28.0,3.2536599292170116,28.395577564075737,8.282043456188756
479084,Umar ESHMURODOV,44005,Uzbekistan,UZB,Defender,15,0,0.0,0.0,0.0,0.0,,,
385472,Botirali ERGASHEV,44005,Uzbekistan,UZB,Goalkeeper,16,0,0.0,0.0,0.0,0.0,,,
371393,Dostonbek Khamdamov,44005,Uzbekistan,UZB,Midfielder,17,2,120.90943333333333,74.0,6.0,9.0,4.466152765031016,55.082550768715876,6.699229147546524
479042,Abdulla ABDULLAEV,44005,Uzbekistan,UZB,Defender,18,2,206.89091666666667,22.0,7.0,7.0,3.0450829362171934,9.570260656682608,3.0450829362171934
479086,Azizjon GANIEV,44005,Uzbekistan,UZB,Midfielder,19,2,140.93398333333334,79.0,11.0,6.0,7.024565520570565,50.449152375006776,3.83158119303849
481220,Azizbek AMONOV,44005,Uzbekistan,UZB,Forward,20,1,23.718066666666658,4.0,0.0,1.0,0.0,15.1783028970883,3.794575724272075
368546,Igor Sergeev,44005,Uzbekistan,UZB,Forward,21,3,46.687116666666654,21.0,2.0,0.0,3.8554533424103092,40.48226009530824,0.0
464933,Abbosbek FAYZULLAEV,44005,Uzbekistan,UZB,Midfielder,22,3,240.24848333333333,137.0,27.0,17.0,10.114527951581243,51.32186405061593,6.368406488032634
464897,Sherzod ESANOV,44005,Uzbekistan,UZB,Midfielder,23,1,3.674833333333325,2.0,0.0,0.0,0.0,48.98181323416039,0.0
475260,Behruzjon KARIMOV,44005,Uzbekistan,UZB,Defender,24,2,203.0727,55.0,7.0,5.0,3.1023372417858233,24.375506899745755,2.2159551727041595
518264,Avazbek ULMASALIYEV,44005,Uzbekistan,UZB,Defender,25,0,0.0,0.0,0.0,0.0,,,
464906,Jakhongir UROZOV,44005,Uzbekistan,UZB,Defender,26,2,112.24026666666666,9.0,5.0,2.0,4.009256333437079,7.216661400186743,1.6037025333748316
397894,YAZEED ABULAILA,43820,Jordan,JOR,Goalkeeper,1,3,309.44849999999997,0.0,0.0,0.0,0.0,0.0,0.0
433526,MOHAMMAD ABUHASHEESH,43820,Jordan,JOR,Defender,2,1,13.243583333333333,7.0,2.0,0.0,13.591487701591335,47.57020695556968,0.0
433527,ABDALLAH NASIB,43820,Jordan,JOR,Defender,3,3,287.09605,38.0,6.0,12.0,1.880903620931044,11.912389599229945,3.761807241862088
489550,HUSAM ABUDAHAB,43820,Jordan,JOR,Defender,4,2,190.9975,42.0,14.0,4.0,6.596944986190918,19.790834958572756,1.8848414246259768
431225,YAZAN ALARAB,43820,Jordan,JOR,Defender,5,3,309.44849999999997,28.0,16.0,10.0,4.653439910033495,8.143519842558618,2.908399943770935
491167,AMER JAMOUS,43820,Jordan,JOR,Midfielder,6,1,19.49621666666667,26.0,2.0,2.0,9.232560505328811,120.02328656927453,9.232560505328811
431208,MOHAMMAD ABUZRAIQ,43820,Jordan,JOR,Forward,7,2,12.10611666666668,10.0,3.0,0.0,22.302775318812643,74.34258439604214,0.0
431230,NOOR ALRAWABDEH,43820,Jordan,JOR,Midfielder,8,3,309.44849999999997,182.0,22.0,20.0,6.398479876296057,52.93287897663102,5.81679988754187
431212,ALI OLWAN,43820,Jordan,JOR,Forward,9,3,297.3423833333334,154.0,7.0,11.0,2.1187695912618802,46.61293100776136,3.329495071982955
431211,MOUSA ALTAMARI,43820,Jordan,JOR,Forward,10,3,230.20638333333335,82.0,7.0,10.0,2.736674764955475,32.05819010376414,3.9095353785078215
511875,ODEH FAKHOURY,43820,Jordan,JOR,Forward,11,3,163.6099166666667,99.0,5.0,7.0,2.750444527863276,54.458801651692866,3.8506223390085865
483127,NOUR BANIATEYAH,43820,Jordan,JOR,Goalkeeper,12,0,0.0,0.0,0.0,0.0,,,
396950,MAHMOUD ALMARDI,43820,Jordan,JOR,Forward,13,3,152.90375,90.0,16.0,6.0,9.417689232605479,52.97450193340582,3.5316334622270547
384850,RAJAEI AYED,43820,Jordan,JOR,Midfielder,14,0,0.0,0.0,0.0,0.0,,,
431209,IBRAHIM SADEH,43820,Jordan,JOR,Midfielder,15,0,0.0,0.0,0.0,0.0,,,
489551,MOHAMMAD ABUALNADI,43820,Jordan,JOR,Defender,16,1,75.17195,6.0,3.0,2.0,3.59176527946927,7.18353055893854,2.394510186312847
499102,SALEEM OBAID,43820,Jordan,JOR,Defender,17,3,43.27905000000001,6.0,3.0,2.0,6.238584257279213,12.477168514558427,4.159056171519476
520068,MOHAMMAD ABUGHOUSH,43820,Jordan,JOR,Midfielder,18,0,0.0,0.0,0.0,0.0,,,
431219,SAED ALROSAN,43820,Jordan,JOR,Defender,19,1,22.35244999999999,3.0,1.0,1.0,4.026404264409496,12.079212793228487,4.026404264409496
479389,MOHANNAD ABUTAHA,43820,Jordan,JOR,Midfielder,20,3,296.2049166666667,98.0,21.0,21.0,6.380717853265433,29.776683315238685,6.380717853265433
433534,NIZAR ALRASHDAN,43820,Jordan,JOR,Midfielder,21,3,289.9522833333333,149.0,17.0,15.0,5.276730303382678,46.24898912964818,4.655938502984716
431223,ABDALLAH ALFAKHORI,43820,Jordan,JOR,Goalkeeper,22,0,0.0,0.0,0.0,0.0,,,
389437,EHSAN HADDAD,43820,Jordan,JOR,Defender,23,3,287.62228333333337,80.0,18.0,13.0,5.632386966772451,25.032830963433113,4.067835031557881
498514,ALI AZAIZEH,43820,Jordan,JOR,Forward,24,3,78.30950000000001,47.0,3.0,3.0,3.447857539634399,54.01643478760558,3.447857539634399
45191,MOHAMMAD ALDAOUD,43820,Jordan,JOR,Midfielder,25,1,15.693666666666658,1.0,0.0,0.0,0.0,5.734797476689113,0.0
511889,ANAS BADAWI,43820,Jordan,JOR,Defender,26,0,0.0,0.0,0.0,0.0,,,
274281,KIM Seunggyu,43822,Korea Republic,KOR,Goalkeeper,1,3,300.0228,0.0,0.0,0.0,0.0,0.0,0.0
423874,LEE Hanbeom,43822,Korea Republic,KOR,Defender,2,3,300.0228,41.0,22.0,5.0,6.599498438118703,12.299065271039401,1.4998860086633417
492315,LEE Gihyuk,43822,Korea Republic,KOR,Midfielder,3,3,300.0228,19.0,4.0,6.0,1.1999088069306731,5.699566832920698,1.79986321039601
395088,KIM Minjae,43822,Korea Republic,KOR,Defender,4,3,268.94835,13.0,4.0,3.0,1.3385469737962699,4.350277664837877,1.0039102303472023
418485,KIM Taehyeon,43822,Korea Republic,KOR,Defender,5,0,0.0,0.0,0.0,0.0,,,
395084,HWANG Inbeom,43822,Korea Republic,KOR,Midfielder,6,3,286.9562166666667,62.0,10.0,20.0,3.1363669707335715,19.445475218548147,6.272733941467143
307849,SON Heungmin,43822,Korea Republic,KOR,Forward,7,3,183.8744666666667,54.0,0.0,9.0,0.0,26.431075984086235,4.405179330681039
402817,PAIK Seungho,43822,Korea Republic,KOR,Midfielder,8,3,216.4526666666667,31.0,5.0,2.0,2.078976465986405,12.889654089115709,0.8315905863945618
430387,CHO Guesung,43822,Korea Republic,KOR,Forward,9,2,41.72641666666668,13.0,1.0,4.0,2.1569069953686406,28.039790939792326,8.627627981474562
390525,LEE Jaesung,43822,Korea Republic,KOR,Midfielder,10,2,125.75956666666667,46.0,6.0,10.0,4.293907925361278,32.919960761103134,7.156513208935463
395083,HWANG Heechan,43822,Korea Republic,KOR,Midfielder,11,3,123.23641666666668,25.0,3.0,3.0,2.190910830605401,18.25759025504501,2.190910830605401
402820,SONG Bumkeun,43822,Korea Republic,KOR,Goalkeeper,12,0,0.0,0.0,0.0,0.0,,,
423880,LEE Taeseok,43822,Korea Republic,KOR,Defender,13,2,120.47548333333333,25.0,5.0,4.0,3.7351997896114137,18.675998948057067,2.988159831689131
522282,CHO Wije,43822,Korea Republic,KOR,Defender,14,0,0.0,0.0,0.0,0.0,,,
448580,KIM Moonhwan ,43822,Korea Republic,KOR,Defender,15,1,74.74058333333335,19.0,2.0,11.0,2.408330146384104,22.879136390648984,13.245815805112569
479316,PARK Jinseob,43822,Korea Republic,KOR,Defender,16,2,44.023766666666674,1.0,0.0,1.0,0.0,2.044350286549765,2.044350286549765
464374,BAE Junho,43822,Korea Republic,KOR,Midfielder,17,0,0.0,0.0,0.0,0.0,,,
448586,OH Hyeongyu,43822,Korea Republic,KOR,Forward,18,3,145.04273333333333,51.0,5.0,4.0,3.1025339198884376,31.645845982862063,2.4820271359107497
418490,LEE Kangin,43822,Korea Republic,KOR,Midfielder,19,3,300.0228,81.0,4.0,11.0,1.1999088069306731,24.298153340346133,3.2997492190593514
448585,YANG Hyunjun ,43822,Korea Republic,KOR,Midfielder,20,1,25.352466666666686,10.0,1.0,2.0,3.5499504321735924,35.49950432173593,7.099900864347185
397753,JO Hyeonwoo,43822,Korea Republic,KOR,Goalkeeper,21,0,0.0,0.0,0.0,0.0,,,
429608,SEOL Youngwoo,43822,Korea Republic,KOR,Defender,22,3,274.67033333333336,41.0,6.0,6.0,1.9659931724212416,13.43428667821182,1.9659931724212416
511828,CASTROP Jens,43822,Korea Republic,KOR,Defender,23,1,51.026816666666676,13.0,5.0,2.0,8.818892288335968,22.929119949673517,3.527556915334387
430385,KIM Jingyu,43822,Korea Republic,KOR,Midfielder,24,2,64.09340000000002,16.0,3.0,3.0,4.212602233615317,22.46721191261502,4.212602233615317
423855,EOM Jisung,43822,Korea Republic,KOR,Midfielder,25,2,53.77991666666668,2.0,0.0,0.0,0.0,3.346974319719721,0.0
429600,LEE Donggyeong,43822,Korea Republic,KOR,Midfielder,26,0,0.0,0.0,0.0,0.0,,,
339117,Mathew RYAN,43976,Australia,AUS,Goalkeeper,1,1,0.0,0.0,0.0,0.0,,,
331149,Milos DEGENEK,43976,Australia,AUS,Defender,2,0,0.0,0.0,0.0,0.0,,,
448014,Alessandro CIRCATI,43976,Australia,AUS,Defender,3,4,438.20265000000006,48.0,28.0,12.0,5.750763944490066,9.858452476268685,2.464613119067171
430450,Jacob ITALIANO,43976,Australia,AUS,Defender,4,2,183.24768333333333,83.0,14.0,6.0,6.875939586685089,40.76449897820446,2.9468312514364667
423522,Jordan BOS,43976,Australia,AUS,Defender,5,4,343.94795000000005,84.0,21.0,23.0,5.495017487384355,21.98006994953742,6.018352486182865
339112,Jason GERIA,43976,Australia,AUS,Defender,6,2,75.49021666666667,21.0,3.0,1.0,3.5766224011809036,25.036356808266326,1.1922074670603011
321697,Mathew LECKIE,43976,Australia,AUS,Forward,7,1,67.45988333333334,30.0,4.0,2.0,5.33650493021408,40.0237869766056,2.66825246510704
430452,Connor METCALFE,43976,Australia,AUS,Midfielder,8,4,354.5715,180.0,11.0,28.0,2.7921025801566115,45.68895131165364,7.107170204035011
498806,Mohamed TOURE,43976,Australia,AUS,Forward,9,3,182.86648333333335,86.0,5.0,3.0,2.460811799938917,42.32596295894937,1.47648707996335
404319,Ajdin HRUSTIC,43976,Australia,AUS,Forward,10,2,90.67051666666669,40.0,2.0,5.0,1.9852098192153969,39.704196384307934,4.963024548038492
406606,Awer MABIL,43976,Australia,AUS,Forward,11,1,31.229050000000015,20.0,0.0,1.0,0.0,57.638640944889424,2.8819320472444714
331135,Paul Izzo,43976,Australia,AUS,Goalkeeper,12,0,0.0,0.0,0.0,0.0,,,
430440,Aiden ONEILL,43976,Australia,AUS,Midfielder,13,4,406.97360000000003,105.0,15.0,25.0,3.317168484638807,23.22017939247165,5.528614141064677
430437,Cameron DEVLIN,43976,Australia,AUS,Midfielder,14,0,0.0,0.0,0.0,0.0,,,
494411,Kai TREWIN,43976,Australia,AUS,Defender,15,1,81.44271666666668,22.0,4.0,7.0,4.420284768660507,24.311566227632788,7.7354983451558885
349342,Aziz BEHICH,43976,Australia,AUS,Defender,16,3,245.4124666666667,55.0,7.0,9.0,2.5671067511647734,20.170124473437507,3.300565822926137
486306,Nestory IRANKUNDA,43976,Australia,AUS,Forward,17,4,285.9299666666667,116.0,3.0,13.0,0.9442871733509568,36.51243736957033,4.091911084520813
494557,Patrick BEACH,43976,Australia,AUS,Goalkeeper,18,4,435.70925,0.0,0.0,0.0,0.0,0.0,0.0
430442,Harry SOUTTAR,43976,Australia,AUS,Defender,19,4,438.20265000000006,18.0,6.0,4.0,1.2323065595335856,3.6969196786007563,0.8215377063557238
448015,Cristian VOLPATO,43976,Australia,AUS,Forward,20,3,180.0079166666667,64.0,4.0,11.0,1.999912040905608,31.998592654489727,5.499758112490422
382312,Cameron BURGESS,43976,Australia,AUS,Defender,21,2,152.46643333333333,14.0,9.0,2.0,5.312644772302887,8.264114090248937,1.1805877271784195
355775,Jackson IRVINE,43976,Australia,AUS,Midfielder,22,4,255.06915000000004,80.0,11.0,7.0,3.8813004238262443,28.227639446009047,2.4699184515257917
491166,Nishan VELUPILLAY,43976,Australia,AUS,Forward,23,2,88.11825,57.0,4.0,1.0,4.085419308713008,58.21722514916036,1.021354827178252
498421,Paul OKON-ENGSTLER,43976,Australia,AUS,Midfielder,24,4,214.36255000000006,78.0,5.0,9.0,2.0992472799003363,32.74825756644525,3.778645103820606
504931,Lucas HERRINGTON,43976,Australia,AUS,Defender,25,2,232.60048333333336,11.0,4.0,4.0,1.5477181940507574,4.256225033639583,1.5477181940507574
518200,Tete YENGI,43976,Australia,AUS,Forward,26,2,33.75438333333335,17.0,2.0,1.0,5.33264074838675,45.32744636128738,2.666320374193375
308370,ALISSON,43924,Brazil,BRA,Goalkeeper,1,5,520.8456,0.0,0.0,0.0,0.0,0.0,0.0
485069,EDERSON SILVA,43924,Brazil,BRA,Midfielder,2,2,38.17961666666666,20.0,2.0,1.0,4.7145575496872905,47.1455754968729,2.3572787748436452
430601,GABRIEL MAGALHAES,43924,Brazil,BRA,Defender,3,5,520.8456000000001,23.0,8.0,8.0,1.3823674424819945,3.974306397135734,1.3823674424819945
332946,MARQUINHOS,43924,Brazil,BRA,Defender,4,5,520.8456,45.0,12.0,11.0,2.073551163722992,7.775816863961221,1.9007552334127429
308386,CASEMIRO,43924,Brazil,BRA,Midfielder,5,5,425.69913333333335,103.0,26.0,20.0,5.496839943453021,21.775942852910042,4.228338418040785
335658,ALEX SANDRO,43924,Brazil,BRA,Defender,6,1,15.191933333333338,4.0,2.0,0.0,11.848393226229707,23.696786452459413,0.0
405742,VINICIUS JUNIOR,43924,Brazil,BRA,Forward,7,5,505.95831666666675,172.0,10.0,24.0,1.7788026609174883,30.5954057677808,4.269126386201973
430605,BRUNO GUIMARAES,43924,Brazil,BRA,Midfielder,8,5,458.66215,159.0,15.0,37.0,2.943342937715702,31.19943513978644,7.2602459130320645
430609,MATHEUS CUNHA,43924,Brazil,BRA,Forward,9,5,324.12940000000003,133.0,16.0,9.0,4.442670118785892,36.92969536240773,2.499001941817064
314197,NEYMAR JR,43924,Brazil,BRA,Forward,10,2,55.3918,39.0,7.0,0.0,11.373524601114243,63.36677992049364,0.0
433872,RAPHINHA,43924,Brazil,BRA,Forward,11,2,143.85648333333336,59.0,7.0,10.0,4.379364665409009,36.91178789416164,6.256235236298584
396315,WEVERTON,43924,Brazil,BRA,Goalkeeper,12,1,81.23348333333334,0.0,0.0,0.0,0.0,0.0,0.0
335656,DANILO,43924,Brazil,BRA,Defender,13,5,471.82455,50.0,8.0,3.0,1.525990964226003,9.537443526412519,0.5722466115847512
431889,BREMER,43924,Brazil,BRA,Defender,14,0,0.0,0.0,0.0,0.0,,,
371956,LEO PEREIRA,43924,Brazil,BRA,Defender,15,0,0.0,0.0,0.0,0.0,,,
367981,DOUGLAS SANTOS,43924,Brazil,BRA,Defender,16,5,505.65366666666665,111.0,42.0,21.0,7.475472342400365,19.75660547634382,3.7377361712001824
394456,FABINHO,43924,Brazil,BRA,Midfielder,17,3,95.14646666666667,24.0,5.0,1.0,4.729550300343961,22.701841441651013,0.9459100600687921
429392,DANILO SANTOS,43924,Brazil,BRA,Midfielder,18,4,73.62925,22.0,4.0,1.0,4.8893612253282495,26.89148673930537,1.2223403063320624
463746,ENDRICK,43924,Brazil,BRA,Forward,19,4,146.53865,53.0,5.0,3.0,3.0708621923294643,32.55113923869232,1.8425173153976784
411726,LUCAS PAQUETA,43924,Brazil,BRA,Midfielder,20,4,255.2108166666667,104.0,17.0,9.0,5.995043705370638,36.6755614916792,3.1738466675491614
448420,LUIZ HENRIQUE,43924,Brazil,BRA,Forward,21,1,38.946716666666674,10.0,3.0,2.0,6.932548443321921,23.108494811073072,4.621698962214614
430597,GABRIEL MARTINELLI,43924,Brazil,BRA,Forward,22,4,171.50476666666668,60.0,9.0,6.0,4.722900801785295,31.486005345235302,3.1486005345235295
395427,EDERSON,43924,Brazil,BRA,Goalkeeper,23,0,0.0,0.0,0.0,0.0,,,
430594,ROGER IBANEZ,43924,Brazil,BRA,Defender,24,1,49.02105,10.0,1.0,0.0,1.8359459864690781,18.35945986469078,0.0
519836,IGOR THIAGO,43924,Brazil,BRA,Forward,25,1,65.14676666666668,25.0,5.0,5.0,6.907480187044329,34.53740093522164,6.907480187044329
475036,RAYAN,43924,Brazil,BRA,Forward,26,4,327.07326666666665,112.0,10.0,15.0,2.7516770452451125,30.81878290674526,4.127515567867668
441236,Hernan GALINDEZ,43927,Ecuador,ECU,Goalkeeper,1,4,407.5486833333333,0.0,0.0,0.0,0.0,0.0,0.0
402979,Felix TORRES,43927,Ecuador,ECU,Defender,2,1,12.921833333333325,1.0,1.0,0.0,6.964955953102635,6.964955953102635,0.0
424031,Piero HINCAPIE,43927,Ecuador,ECU,Defender,3,4,376.90566666666666,80.0,29.0,11.0,6.924809656173915,19.10292318944528,2.626651938548726
463465,Joel ORDONEZ,43927,Ecuador,ECU,Defender,4,3,253.95265,18.0,5.0,7.0,1.771983871796573,6.379141938467663,2.4807774205152024
419005,Jordy ALCIVAR,43927,Ecuador,ECU,Midfielder,5,1,49.44299999999999,12.0,7.0,1.0,12.741945270311268,21.843334749105036,1.8202778957587529
448290,Willian PACHO,43927,Ecuador,ECU,Defender,6,4,407.5486833333333,51.0,12.0,10.0,2.6499901586399432,11.262458174219761,2.208325132199953
389782,Pervis ESTUPINAN,43927,Ecuador,ECU,Defender,7,2,100.64024999999998,25.0,3.0,2.0,2.6828232243063788,22.356860202553158,1.7885488162042527
448299,Anthony VALENCIA,43927,Ecuador,ECU,Midfielder,8,0,0.0,0.0,0.0,0.0,,,
405920,John YEBOAH,43927,Ecuador,ECU,Forward,9,4,330.2797333333333,73.0,20.0,44.0,5.449925679161665,19.892228728940076,11.989836494155663
463495,Kendry PAEZ,43927,Ecuador,ECU,Midfielder,10,1,20.565249999999992,7.0,3.0,2.0,13.128943241633342,30.634200897144463,8.752628827755562
448310,Kevin RODRIGUEZ,43927,Ecuador,ECU,Forward,11,4,146.07506666666666,26.0,6.0,2.0,3.6967294441305523,16.019160924565725,1.2322431480435174
419002,Moises RAMIREZ,43927,Ecuador,ECU,Goalkeeper,12,0,0.0,0.0,0.0,0.0,,,
373400,Enner VALENCIA,43927,Ecuador,ECU,Forward,13,4,311.66519999999997,91.0,11.0,8.0,3.176485536402524,26.278198528420884,2.310171299201836
463468,Alan MINDA,43927,Ecuador,ECU,Midfielder,14,1,59.66346666666667,28.0,1.0,1.0,1.5084607889585138,42.236902090838385,1.5084607889585138
424036,Pedro VITE,43927,Ecuador,ECU,Midfielder,15,4,407.5486833333333,119.0,29.0,34.0,6.404142883379863,26.27906907317944,7.50830544947984
402985,Jordy CAICEDO,43927,Ecuador,ECU,Forward,16,3,40.2379333333333,12.0,1.0,1.0,2.236695390253643,26.840344683043718,2.236695390253643
402974,Angelo PRECIADO,43927,Ecuador,ECU,Defender,17,4,137.03359999999998,29.0,3.0,4.0,1.9703196880181215,19.046423650841838,2.627092917357495
463476,Denil CASTILLO,43927,Ecuador,ECU,Midfielder,18,0,0.0,0.0,0.0,0.0,,,
419020,Gonzalo PLATA,43927,Ecuador,ECU,Forward,19,4,407.5486833333333,135.0,11.0,14.0,2.429157645419948,29.81238928469936,3.091655185079934
448312,Nilson ANGULO,43927,Ecuador,ECU,Forward,20,4,240.16819999999998,83.0,18.0,7.0,6.745272688057786,31.103201839377572,2.623161600911361
389784,Alan FRANCO,43927,Ecuador,ECU,Midfielder,21,4,270.5445833333333,40.0,14.0,9.0,4.657273061895221,13.306494462557774,2.9939612540754994
448295,Gonzalo VALLE,43927,Ecuador,ECU,Goalkeeper,22,0,0.0,0.0,0.0,0.0,,,
428885,Moises CAICEDO,43927,Ecuador,ECU,Midfielder,23,4,407.5486833333333,83.0,28.0,16.0,6.183310370159868,18.32909859725961,3.533320211519924
514326,Jeremy AREVALO,43927,Ecuador,ECU,Forward,24,0,0.0,0.0,0.0,0.0,,,
419003,Jackson POROZO,43927,Ecuador,ECU,Defender,25,1,36.85543333333334,2.0,0.0,2.0,0.0,4.883947459578551,4.883947459578551
463489,Yaimar MEDINA,43927,Ecuador,ECU,Defender,26,1,53.96144999999999,10.0,3.0,1.0,5.003571994451596,16.67857331483865,1.6678573314838652
228686,David OSPINA,43926,Colombia,COL,Goalkeeper,1,0,0.0,0.0,0.0,0.0,,,
431200,Daniel MUNOZ,43926,Colombia,COL,Defender,2,5,451.55219999999997,64.0,20.0,11.0,3.98625009467344,12.756000302955007,2.192437552070392
441622,Jhon LUCUMI,43926,Colombia,COL,Defender,3,5,538.5115333333333,29.0,12.0,11.0,2.005528077207384,4.846692853251177,1.8384007374401021
315614,Santiago ARIAS,43926,Colombia,COL,Defender,4,1,89.65858333333333,12.0,1.0,5.0,1.003807964100853,12.045695569210237,5.019039820504265
470759,Kevin CASTANO,43926,Colombia,COL,Midfielder,5,2,28.152416666666653,9.0,0.0,1.0,0.0,28.771952674281973,3.196883630475775
473050,Richard RIOS,43926,Colombia,COL,Midfielder,6,5,175.17346666666668,55.0,24.0,4.0,12.330634548154553,28.257704172854183,2.055105758025759
428886,Luis DIAZ,43926,Colombia,COL,Forward,7,5,525.3198833333333,103.0,11.0,29.0,1.8845660166489668,17.646390883167598,4.968401316620004
425580,Jorge CARRASCAL,43926,Colombia,COL,Midfielder,8,0,0.0,0.0,0.0,0.0,,,
369530,Jhon CORDOBA,43926,Colombia,COL,Forward,9,3,108.97021666666669,23.0,2.0,2.0,1.6518274947604181,18.996016189744807,1.6518274947604181
269058,James RODRIGUEZ,43926,Colombia,COL,Midfielder,10,5,338.71984999999995,146.0,8.0,7.0,2.125650445345911,38.79312062756287,1.859944139677672
470760,Jhon ARIAS,43926,Colombia,COL,Midfielder,11,5,405.9166833333333,107.0,27.0,33.0,5.986450175058502,23.724080323379994,7.316772436182615
360642,Camilo VARGAS,43926,Colombia,COL,Goalkeeper,12,5,541.2107833333333,0.0,0.0,0.0,0.0,0.0,0.0
395552,Yerry MINA,43926,Colombia,COL,Defender,13,1,2.6992500000000064,1.0,1.0,0.0,33.34259516532362,33.34259516532362,0.0
463902,Gustavo PUERTA,43926,Colombia,COL,Defender,14,5,520.12345,147.0,30.0,22.0,5.191075311063171,25.43626902420954,3.8067885614463255
489849,Juan PORTILLA,43926,Colombia,COL,Midfielder,15,0,0.0,0.0,0.0,0.0,,,
395550,Jefferson LERMA,43926,Colombia,COL,Midfielder,16,5,459.2047666666666,77.0,8.0,13.0,1.5679279751959603,15.09130676126112,2.547882959693436
394500,Johan MOJICA,43926,Colombia,COL,Defender,17,4,442.13250000000005,45.0,3.0,11.0,0.6106766636698274,9.16014995504741,2.239147766789367
476345,Willer DITTA,43926,Colombia,COL,Defender,18,0,0.0,0.0,0.0,0.0,,,
418881,Cucho HERNANDEZ,43926,Colombia,COL,Forward,19,2,66.31509999999999,24.0,3.0,0.0,4.071470901800646,32.57176721440517,0.0
356704,Juan QUINTERO,43926,Colombia,COL,Midfielder,20,4,146.56571666666667,45.0,0.0,3.0,0.0,27.632655795017094,1.8421770530011394
405755,Jaminton CAMPAZ,43926,Colombia,COL,Forward,21,3,98.95519999999998,41.0,5.0,5.0,4.547512409656088,37.28960175917992,4.547512409656088
394376,Deiver MACHADO,43926,Colombia,COL,Defender,22,1,99.07828333333333,21.0,2.0,4.0,1.816745243702076,19.075825058871796,3.633490487404152
386013,Davinson SANCHEZ,43926,Colombia,COL,Defender,23,5,541.2107833333333,32.0,18.0,20.0,2.9932884744505124,5.321401732356466,3.325876082722791
385998,Alvaro MONTERO,43926,Colombia,COL,Goalkeeper,24,0,0.0,0.0,0.0,0.0,,,
428905,Luis SUAREZ,43926,Colombia,COL,Forward,25,5,365.92546666666664,106.0,15.0,13.0,3.6892758853260106,26.070882922970473,3.197372433949209
492189,Andres GOMEZ,43926,Colombia,COL,Forward,26,1,7.922483333333332,1.0,1.0,0.0,11.360074387450064,11.360074387450064,0.0
318647,Gatito FERNANDEZ,43928,Paraguay,PAR,Goalkeeper,1,0,0.0,0.0,0.0,0.0,,,
486875,Gustavo VELAZQUEZ,43928,Paraguay,PAR,Defender,2,5,293.80675,24.0,3.0,3.0,0.9189713987170137,7.35177118973611,0.9189713987170137
431202,Omar ALDERETE,43928,Paraguay,PAR,Defender,3,4,363.09106666666673,9.0,3.0,6.0,0.7436151004174157,2.2308453012522476,1.4872302008348315
479601,Juan Jose CACERES,43928,Paraguay,PAR,Defender,4,5,488.06975000000006,154.0,41.0,17.0,7.560394800128464,28.39758046877521,3.134797843955705
394829,Fabian BALBUENA,43928,Paraguay,PAR,Defender,5,1,0.6844166666666638,0.0,0.0,0.0,0.0,0.0,0.0
369749,Junior ALONSO,43928,Paraguay,PAR,Defender,6,5,456.2400166666667,140.0,16.0,31.0,3.156233445984809,27.61704265236708,6.115202301595567
463125,Ramon SOSA,43928,Paraguay,PAR,Midfielder,7,1,19.52481666666668,12.0,1.0,0.0,4.609518313872342,55.314219766468106,0.0
463128,Diego GOMEZ,43928,Paraguay,PAR,Midfielder,8,4,332.37576666666666,147.0,37.0,23.0,10.018780952040927,39.804345944595035,6.227890862079496
369768,Antonio SANABRIA,43928,Paraguay,PAR,Forward,9,2,95.12960000000001,38.0,2.0,4.0,1.8921555435952637,35.95095532831001,3.7843110871905274
369761,Miguel ALMIRON,43928,Paraguay,PAR,Midfielder,10,4,306.1456166666667,123.0,21.0,17.0,6.173532780179714,36.1592634267669,4.997621774431198
495046,MAURICIO,43928,Paraguay,PAR,Midfielder,11,4,208.43691666666672,75.0,4.0,10.0,1.727141265362861,32.38389872555364,4.317853163407153
494531,Orlando GILL,43928,Paraguay,PAR,Goalkeeper,12,5,30.777066666666666,0.0,0.0,1.0,0.0,0.0,2.9242552896529017
520066,Jose CANALE,43928,Paraguay,PAR,Defender,13,4,198.4358166666667,17.0,4.0,2.0,1.8141886179989848,7.710301626495685,0.9070943089994924
385306,Andres CUBAS,43928,Paraguay,PAR,Midfielder,14,5,554.4526166666667,231.0,57.0,43.0,9.252368634927233,37.49644130996826,6.979857040383703
369744,Gustavo GOMEZ,43928,Paraguay,PAR,Defender,15,5,554.4526166666667,31.0,10.0,9.0,1.6232225675310938,5.03198995934639,1.4609003107779845
476348,Damian BOBADILLA,43928,Paraguay,PAR,Midfielder,16,4,216.86845000000002,95.0,22.0,5.0,9.129958737658704,39.42482182170804,2.07499062219516
386458,Alejandro ROMERO GAMARRA,43928,Paraguay,PAR,Forward,17,1,18.48128333333335,13.0,5.0,3.0,24.34895845075691,63.30729197196797,14.609375070454147
485802,Alex ARCE,43928,Paraguay,PAR,Forward,18,2,64.94615000000002,32.0,4.0,1.0,5.543053745295139,44.34442996236111,1.3857634363237847
441234,Julio ENCISO,43928,Paraguay,PAR,Forward,19,5,431.2478333333334,209.0,17.0,20.0,3.547843911872793,43.61761044596552,4.173934013967992
406205,Braian OJEDA,43928,Paraguay,PAR,Midfielder,20,1,28.74970000000002,4.0,1.0,1.0,3.130467448355981,12.521869793423924,3.130467448355981
463127,Gabriel AVALOS,43928,Paraguay,PAR,Forward,21,4,170.38978333333336,46.0,5.0,5.0,2.6410034169693466,24.297231436117986,2.6410034169693466
447991,Gaston OLVEIRA,43928,Paraguay,PAR,Goalkeeper,22,0,0.0,0.0,0.0,0.0,,,
424422,Matias GALARZA,43928,Paraguay,PAR,Midfielder,23,4,439.9449166666667,197.0,61.0,42.0,12.478834945056567,40.30049974059252,8.591984716268456
485804,Gustavo CABALLERO,43928,Paraguay,PAR,Midfielder,24,2,117.35748333333333,36.0,8.0,2.0,6.13510088619544,27.607953987879483,1.53377522154886
489417,Isidro PITTA,43928,Paraguay,PAR,Forward,25,1,55.1241,26.0,3.0,2.0,4.898039151659619,42.4496726477167,3.265359434439746
505495,Alexandro MAIDANA,43928,Paraguay,PAR,Defender,26,2,69.49130000000001,30.0,6.0,2.0,7.770756914894382,38.85378457447191,2.590252304964794
368664,Sergio ROCHET,43930,Uruguay,URU,Goalkeeper,1,1,51.522416666666665,0.0,0.0,0.0,0.0,0.0,0.0
368655,Jose Maria GIMENEZ,43930,Uruguay,URU,Defender,2,0,0.0,0.0,0.0,0.0,,,
419108,Sebastian CACERES,43930,Uruguay,URU,Defender,3,3,313.2592666666667,31.0,13.0,8.0,3.7349254259889944,8.906360631204524,2.2984156467624577
419101,Ronald ARAUJO,43930,Uruguay,URU,Defender,4,0,0.0,0.0,0.0,0.0,,,
441623,Manuel UGARTE,43930,Uruguay,URU,Midfielder,5,3,197.5157,40.0,17.0,3.0,7.746219667601107,18.226399217884957,1.366979941341372
386538,Rodrigo BENTANCUR,43930,Uruguay,URU,Midfielder,6,3,313.2592666666667,82.0,15.0,9.0,4.309529337679609,23.558760379315196,2.585717602607765
402898,Nicolas DE LA CRUZ,43930,Uruguay,URU,Midfielder,7,3,115.74356666666668,36.0,6.0,7.0,4.665486087491687,27.99291652495012,5.443067102073635
402884,Federico VALVERDE,43930,Uruguay,URU,Midfielder,8,3,272.8605166666666,76.0,8.0,19.0,2.6387108285057246,25.067752870804384,6.266938217701096
419126,Darwin NUNEZ,43930,Uruguay,URU,Forward,9,3,182.71911666666665,95.0,2.0,6.0,0.9851185977894852,46.79313339500054,2.9553557933684553
368652,Giorgian DE ARRASCAETA,43930,Uruguay,URU,Midfielder,10,0,0.0,0.0,0.0,0.0,,,
439956,Facundo PELLISTRI,43930,Uruguay,URU,Forward,11,0,0.0,0.0,0.0,0.0,,,
402897,Santiago MELE,43930,Uruguay,URU,Goalkeeper,12,0,0.0,0.0,0.0,0.0,,,
368660,Guillermo VARELA,43930,Uruguay,URU,Defender,13,3,313.2592666666667,20.0,5.0,8.0,1.4365097792265362,5.746039116906145,2.2984156467624577
402876,Agustin CANOBBIO,43930,Uruguay,URU,Midfielder,14,3,261.5036166666667,107.0,16.0,16.0,5.50661600155052,36.8254945103691,5.50661600155052
473062,Emiliano MARTINEZ,43930,Uruguay,URU,Midfielder,15,0,0.0,0.0,0.0,0.0,,,
402893,Mathias OLIVERA,43930,Uruguay,URU,Defender,16,3,313.2592666666667,42.0,18.0,20.0,5.17143520521553,12.066682145502904,5.746039116906145
402895,Matias VINA,43930,Uruguay,URU,Defender,17,1,49.22578333333334,8.0,0.0,4.0,0.0,14.626481312130803,7.3132406560654015
419132,Brian RODRIGUEZ,43930,Uruguay,URU,Forward,18,3,61.81651666666666,15.0,1.0,2.0,1.4559215700442523,21.838823550663783,2.9118431400885045
332897,Rodrigo AGUIRRE,43930,Uruguay,URU,Forward,19,1,8.215983333333341,0.0,0.0,0.0,0.0,0.0,0.0
419100,Maxi ARAUJO,43930,Uruguay,URU,Midfielder,20,3,278.23105,79.0,11.0,10.0,3.558193810503896,25.5543010027098,3.234721645912633
477536,Federico VINAS,43930,Uruguay,URU,Forward,21,3,211.94870000000003,63.0,6.0,12.0,2.547786327540579,26.751756439176077,5.095572655081158
439538,Joaquin PIQUEREZ,43930,Uruguay,URU,Midfielder,22,0,0.0,0.0,0.0,0.0,,,
229498,Fernando MUSLERA,43930,Uruguay,URU,Goalkeeper,23,3,261.73685,0.0,0.0,0.0,0.0,0.0,0.0
402904,Santiago BUENO,43930,Uruguay,URU,Defender,24,0,0.0,0.0,0.0,0.0,,,
419134,Juan Manuel SANABRIA,43930,Uruguay,URU,Midfielder,25,3,237.24518333333333,51.0,12.0,9.0,4.552252588759969,19.34707350222987,3.4141894415699765
419142,Rodrigo ZALAZAR,43930,Uruguay,URU,Midfielder,26,0,0.0,0.0,0.0,0.0,,,
356956,Yassine BOUNOU,43872,Morocco,MAR,Goalkeeper,1,1,73.4015,0.0,0.0,0.0,0.0,0.0,0.0
400721,Achraf HAKIMI,43872,Morocco,MAR,Defender,2,6,650.4326666666667,93.0,30.0,19.0,4.1510830226854125,12.868357370324778,2.6290192477007612
411680,Noussair MAZRAOUI,43872,Morocco,MAR,Defender,3,6,542.1143,59.0,20.0,29.0,3.3203329998858178,9.794982349663162,4.814482849834436
372266,Sofyan AMRABAT,43872,Morocco,MAR,Midfielder,4,3,175.12661666666668,49.0,16.0,10.0,8.222622165657857,25.181780382327187,5.13913885353616
395760,Marwane SAADANE,43872,Morocco,MAR,Defender,5,1,12.771633333333341,0.0,0.0,0.0,0.0,0.0,0.0
485760,Ayyoub BOUADDI,43872,Morocco,MAR,Midfielder,6,5,425.1304,113.0,36.0,23.0,7.6211910510281085,23.92207191017156,4.869094282601291
494293,Chemsdine TALBI,43872,Morocco,MAR,Midfielder,7,5,217.78018333333335,59.0,7.0,6.0,2.892825188946255,24.382383735404147,2.4795644476682184
441307,Azzedine OUNAHI,43872,Morocco,MAR,Midfielder,8,6,477.21636666666666,199.0,17.0,26.0,3.2060928896613,37.530146178976395,4.903436184187871
433426,Soufiane RAHIMI,43872,Morocco,MAR,Forward,9,6,215.49868333333336,73.0,11.0,5.0,4.593995585897237,30.487425251863485,2.0881798117714716
430740,Brahim DIAZ,43872,Morocco,MAR,Forward,10,6,500.45925,156.0,24.0,15.0,4.316035721190087,28.05423218773556,2.6975223257438046
448598,Ismael SAIBARI,43872,Morocco,MAR,Midfielder,11,5,411.81245,181.0,17.0,32.0,3.7152834985926235,39.556841955603815,6.993474820880233
395755,Munir EL KAJOUI,43872,Morocco,MAR,Goalkeeper,12,1,38.58701666666666,0.0,0.0,0.0,0.0,0.0,0.0
485756,Zakaria EL OUAHDI,43872,Morocco,MAR,Defender,13,1,22.713966666666664,3.0,1.0,0.0,3.962319806169186,11.886959418507557,0.0
403083,Issa Diop,43872,Morocco,MAR,Defender,14,5,534.4722666666667,22.0,3.0,4.0,0.5051712068876913,3.7045888505097366,0.6735616091835884
505097,Samir EL MOURABET,43872,Morocco,MAR,Midfielder,15,5,121.32186666666668,33.0,5.0,6.0,3.7091417430658282,24.48033550423446,4.450970091678993
505112,Gessime YASSINE,43872,Morocco,MAR,Midfielder,16,3,101.50488333333334,22.0,6.0,1.0,5.319941093146093,19.506450674869008,0.8866568488576823
524320,Amine SBAI,43872,Morocco,MAR,Forward,17,1,11.84545,3.0,0.0,0.0,0.0,22.79356208501999,0.0
448607,Chadi RIAD,43872,Morocco,MAR,Defender,18,4,390.04965000000004,30.0,12.0,7.0,2.768878269727969,6.922195674319922,1.6151789906746488
494742,Youssef BELAMMARI,43872,Morocco,MAR,Defender,19,0,0.0,0.0,0.0,0.0,,,
411678,Ayoub El Kaabi,43872,Morocco,MAR,Forward,20,1,74.79993333333333,25.0,7.0,2.0,8.422467399703566,30.08024071322702,2.4064192570581615
523288,Ayoube AMAIMOUNI,43872,Morocco,MAR,Forward,21,2,33.98626666666665,10.0,3.0,4.0,7.944385379192384,26.481284597307948,10.592513838923178
371553,Ahmed Reda TAGNAOUTI,43872,Morocco,MAR,Goalkeeper,22,0,0.0,0.0,0.0,0.0,,,
448612,Bilal EL KHANNOUSS,43872,Morocco,MAR,Midfielder,23,6,501.40958333333333,127.0,19.0,15.0,3.410385554723642,22.795735023679082,2.692409648466033
485740,Neil EL AYNAOUI,43872,Morocco,MAR,Midfielder,24,6,634.7040666666667,132.0,48.0,51.0,6.806321602266926,18.717384406234043,7.231716702408608
485767,Redouane HALHAL,43872,Morocco,MAR,Defender,25,2,208.51815,12.0,9.0,4.0,3.8845539345136144,5.1794052460181526,1.7264684153393843
424071,Anass SALAH EDDINE,43872,Morocco,MAR,Defender,26,4,240.65803333333332,35.0,10.0,3.0,3.739746342701213,13.089112199454247,1.121923902810364
520245,Mouhib CHAMAKH,43888,Tunisia,TUN,Goalkeeper,1,1,100.54621666666667,0.0,0.0,0.0,0.0,0.0,0.0
433362,Ali ABDI,43888,Tunisia,TUN,Defender,2,3,293.00266666666664,102.0,24.0,22.0,7.371946557938039,31.330772871236668,6.757617678109869
433380,Montassar TALBI,43888,Tunisia,TUN,Defender,3,3,298.7354833333333,17.0,6.0,5.0,1.8076192154162694,5.121587777012763,1.5063493461802246
433367,Omar Rekik,43888,Tunisia,TUN,Defender,4,2,200.57511666666664,17.0,5.0,5.0,2.2435484893564817,7.628064863812038,2.2435484893564817
516043,Adam AROUS,43888,Tunisia,TUN,Defender,5,0,0.0,0.0,0.0,0.0,,,
411653,Dylan BRONN,43888,Tunisia,TUN,Defender,6,1,49.03696666666666,4.0,1.0,1.0,1.835350065834687,7.341400263338748,1.835350065834687
448662,Elias ACHOURI,43888,Tunisia,TUN,Forward,7,3,58.91465000000002,19.0,6.0,1.0,9.165801714853602,29.025038763703073,1.527633619142267
482885,Elias SAAD,43888,Tunisia,TUN,Forward,8,2,124.6227,53.0,3.0,6.0,2.1665394827748075,38.275530862354934,4.333078965549615
494374,Hazem MASTOURI,43888,Tunisia,TUN,Forward,9,1,92.70866666666667,38.0,4.0,1.0,3.883132105592429,36.88975500312808,0.9707830263981072
433378,Hannibal MEJBRI,43888,Tunisia,TUN,Midfielder,10,3,298.7354833333333,125.0,17.0,19.0,5.121587777012763,37.65873365450562,5.724127515484853
464484,Ismael GHARBI,43888,Tunisia,TUN,Midfielder,11,3,142.11405000000002,62.0,9.0,3.0,5.69964757179181,39.264238827899135,1.8998825239306034
441362,Mortadha BEN OUANES,43888,Tunisia,TUN,Defender,12,1,27.907433333333344,10.0,3.0,3.0,9.674841708839816,32.24947236279938,9.674841708839816
336459,Rani Khedira,43888,Tunisia,TUN,Midfielder,13,3,162.7532,49.0,10.0,6.0,5.5298451889118,27.09624142566782,3.31790711334708
512039,Khalil AYARI,43888,Tunisia,TUN,Midfielder,14,0,0.0,0.0,0.0,0.0,,,
479781,Mohamed HADJ MAHMOUD,43888,Tunisia,TUN,Midfielder,15,2,52.846233333333345,25.0,6.0,1.0,10.218325241723312,42.57635517384713,1.7030542069538852
433365,Aymen DAHMEN,43888,Tunisia,TUN,Goalkeeper,16,2,198.18926666666667,0.0,0.0,0.0,0.0,0.0,0.0
411658,Ellyes SKHIRI,43888,Tunisia,TUN,Midfielder,17,3,267.70141666666666,40.0,10.0,10.0,3.3619545656743814,13.447818262697526,3.3619545656743814
520247,Rayan ELLOUMI,43888,Tunisia,TUN,Forward,18,0,0.0,0.0,0.0,0.0,,,
494375,Firas CHAOUAT,43888,Tunisia,TUN,Forward,19,3,66.13913333333335,18.0,0.0,0.0,0.0,24.493819594450883,0.0
419189,Yan Valery,43888,Tunisia,TUN,Defender,20,3,274.07061666666664,68.0,10.0,13.0,3.2838252087950326,22.330011419806223,4.268972771433543
425607,Mohamed Amine BEN HMIDA,43888,Tunisia,TUN,Defender,21,3,221.79108333333335,30.0,11.0,7.0,4.463660058470941,12.173618341284385,2.84051094629969
372294,Sabri BEN HESSEN,43888,Tunisia,TUN,Goalkeeper,22,0,0.0,0.0,0.0,0.0,,,
506335,Moutaz NEFFATI,43888,Tunisia,TUN,Defender,23,0,0.0,0.0,0.0,0.0,,,
520246,Raed CHIKHAOUI,43888,Tunisia,TUN,Defender,24,0,0.0,0.0,0.0,0.0,,,
433361,Anis SLIMANE,43888,Tunisia,TUN,Midfielder,25,3,257.30771666666664,92.0,5.0,5.0,1.7488787582028085,32.17936915093167,1.7488787582028085
504502,Sebastian TOUNEKTI,43888,Tunisia,TUN,Midfielder,26,3,98.39221666666667,33.0,1.0,1.0,0.9147064986339536,30.18531445492047,0.9147064986339536
408948,MOHAMED ELSHENAWY,43855,Egypt,EGY,Goalkeeper,1,0,0.0,0.0,0.0,0.0,,,
369267,YASSER IBRAHIM,43855,Egypt,EGY,Defender,2,5,533.0749166666666,46.0,24.0,21.0,4.051963302844082,7.766262997117823,3.5454678899885717
408950,MOHAMED HANY,43855,Egypt,EGY,Defender,3,5,546.8373,90.0,11.0,10.0,1.8104105188142796,14.812449699389562,1.645827744376618
483182,HOSSAM ABDELMAGUID,43855,Egypt,EGY,Defender,4,2,73.8443,11.0,3.0,4.0,3.6563417894136716,13.406586561183463,4.875122385884896
344661,RAMY RABIA,43855,Egypt,EGY,Defender,5,5,431.3935333333333,31.0,11.0,12.0,2.2948883641123965,6.467412662498573,2.5035145790317057
416902,MOHAMED ABDELMONEIM,43855,Egypt,EGY,Defender,6,2,15.729649999999992,0.0,0.0,0.0,0.0,0.0,0.0
363863,TREZEGUET,43855,Egypt,EGY,Forward,7,4,204.59315000000004,46.0,4.0,6.0,1.759589702783304,20.235281582007996,2.6393845541749563
430482,EMAM ASHOUR,43855,Egypt,EGY,Midfielder,8,5,395.8297,72.0,12.0,19.0,2.7284460968947,16.3706765813682,4.3200396534166075
495488,HAMZA ABDELKARIM,43855,Egypt,EGY,Forward,9,4,83.05588333333336,36.0,6.0,8.0,6.501646582130544,39.00987949278326,8.66886210950739
344654,MOHAMED SALAH,43855,Egypt,EGY,Forward,10,5,469.05441666666667,150.0,9.0,18.0,1.7268785267096765,28.781308778494605,3.453757053419353
483161,MOSTAFA ZICO,43855,Egypt,EGY,Midfielder,11,5,398.27098333333333,192.0,31.0,15.0,7.0052806173552105,43.38754446878065,3.3896519116234884
424106,Haissem HASSAN,43855,Egypt,EGY,Forward,12,2,138.7773666666667,44.0,0.0,0.0,0.0,28.534912393255283,0.0
430477,AHMED FATOUH,43855,Egypt,EGY,Defender,13,3,301.154,49.0,9.0,24.0,2.689653798388864,14.643670680117149,7.172410129036971
429095,HAMDY FATHY,43855,Egypt,EGY,Midfielder,14,4,260.76005,82.0,18.0,6.0,6.212608104654068,28.30188136564631,2.070869368218023
407022,KARIM HAFEZ,43855,Egypt,EGY,Defender,15,3,198.56878333333333,36.0,13.0,4.0,5.892164822483427,16.316764123800258,1.8129737915333621
395860,MAHDY SOLIMAN,43855,Egypt,EGY,Goalkeeper,16,0,0.0,0.0,0.0,0.0,,,
433469,MOHANAD LASHIN,43855,Egypt,EGY,Midfielder,17,4,409.74681666666663,156.0,42.0,23.0,9.2252089491523,34.265061811137116,5.051900138821498
433466,NABIL DONGA,43855,Egypt,EGY,Midfielder,18,0,0.0,0.0,0.0,0.0,,,
461788,MARAWAN ATTIA,43855,Egypt,EGY,Midfielder,19,5,495.5316333333334,182.0,29.0,18.0,5.26707040364527,33.055407360808246,3.269216112607409
430465,IBRAHIM ADEL,43855,Egypt,EGY,Forward,20,1,7.135899999999992,4.0,2.0,2.0,25.22456872994299,50.44913745988598,25.22456872994299
483183,MAHMOUD SABER,43855,Egypt,EGY,Midfielder,21,2,51.30566666666669,10.0,1.0,3.0,1.7541921944944345,17.541921944944345,5.262576583483304
430476,OMAR MARMOUSH,43855,Egypt,EGY,Forward,22,5,369.5523166666667,109.0,11.0,27.0,2.678917044627736,26.545632533129385,6.575523654995352
416906,MOSTAFA SHOUBIR,43855,Egypt,EGY,Goalkeeper,23,5,86.97251666666666,0.0,0.0,0.0,0.0,0.0,0.0
506124,TAREK ALAA,43855,Egypt,EGY,Defender,24,0,0.0,0.0,0.0,0.0,,,
433461,ZIZO,43855,Egypt,EGY,Forward,25,4,84.15663333333335,14.0,2.0,4.0,2.1388688314923874,14.972081820446714,4.277737662984775
512079,MOHAMED ALAA,43855,Egypt,EGY,Goalkeeper,26,0,0.0,0.0,0.0,0.0,,,
520070,Melvin MASTIL,43843,Algeria,ALG,Goalkeeper,1,0,0.0,0.0,0.0,0.0,,,
376285,Aissa MANDI,43843,Algeria,ALG,Defender,2,4,403.12651666666665,19.0,6.0,14.0,1.3395298440427574,4.241844506135398,3.1255696360997676
512127,Achref ABADA,43843,Algeria,ALG,Defender,3,0,0.0,0.0,0.0,0.0,,,
433600,Mohamed Amine TOUGAI,43843,Algeria,ALG,Defender,4,0,0.0,0.0,0.0,0.0,,,
480983,Zineddine BELAID,43843,Algeria,ALG,Defender,5,2,38.491916666666654,2.0,2.0,0.0,4.6763064972515895,4.6763064972515895,0.0
433679,Ramiz ZERROUKI,43843,Algeria,ALG,Midfielder,6,3,126.38288333333333,23.0,5.0,4.0,3.560608748046446,16.37880024101365,2.8484869984371564
379942,Riyad Mahrez,43843,Algeria,ALG,Forward,7,4,288.37985000000003,102.0,13.0,22.0,4.057148930481793,31.833014685318684,6.865944343892266
430698,Houssem Aouar,43843,Algeria,ALG,Midfielder,8,3,191.86515,61.0,7.0,8.0,3.283556185164424,28.61384675643284,3.7526356401879135
405877,Amine GOUIRI,43843,Algeria,ALG,Forward,9,4,270.77358333333336,126.0,12.0,7.0,3.9885722480928867,41.88000860497531,2.3266671447208505
477795,Fares CHAIBI,43843,Algeria,ALG,Midfielder,10,4,403.12651666666665,140.0,16.0,30.0,3.57207958411402,31.25569636099767,6.697649220213787
482874,Anis HADJ MOUSSA,43843,Algeria,ALG,Forward,11,3,114.74666666666667,34.0,1.0,3.0,0.7843365094120381,26.667441320009296,2.353009528236114
520071,Nadhir BENBOUALI,43843,Algeria,ALG,Forward,12,1,52.44958333333334,19.0,4.0,6.0,6.8637342209582215,32.60273754955155,10.295601331437332
482869,Jaouen HADJAM,43843,Algeria,ALG,Defender,13,3,125.39934999999998,19.0,5.0,8.0,3.588535347272534,13.63643431963563,5.741656555636055
441350,Hicham BOUDAOUI,43843,Algeria,ALG,Midfielder,14,3,143.15391666666665,54.0,8.0,6.0,5.029551525834374,33.94947279938202,3.7721636443757807
431858,Rayan AIT-NOURI,43843,Algeria,ALG,Defender,15,4,315.7954833333333,70.0,25.0,12.0,7.124864409872022,19.949620347641662,3.419934916738571
477817,Oussama BENBOT,43843,Algeria,ALG,Goalkeeper,16,1,100.75461666666666,0.0,0.0,0.0,0.0,0.0,0.0
511009,Rafik BELGHALI,43843,Algeria,ALG,Defender,17,4,362.7103666666667,64.0,10.0,10.0,2.481318657283116,15.880439406611943,2.481318657283116
477790,Mohamed AMOURA,43843,Algeria,ALG,Forward,18,1,31.751333333333335,32.0,1.0,2.0,2.834526634052113,90.70485228966761,5.669053268104226
379939,Nabil Bentaleb,43843,Algeria,ALG,Midfielder,19,4,313.63991666666664,42.0,12.0,16.0,3.4434392518596835,12.052037381508892,4.591252335812911
512132,Adil BOULBINA,43843,Algeria,ALG,Forward,20,2,28.305366666666657,13.0,0.0,1.0,0.0,41.33491764223747,3.179609049402882
395113,Ramy BENSEBAINI,43843,Algeria,ALG,Defender,21,4,403.12651666666665,36.0,11.0,7.0,2.4558047140783885,8.037179064256543,1.5627848180498838
494291,Ibrahim MAZA,43843,Algeria,ALG,Midfielder,22,4,389.37784999999997,153.0,14.0,25.0,3.23593137103202,35.3641071262785,5.7784488768428925
389879,Luca ZIDANE,43843,Algeria,ALG,Goalkeeper,23,3,302.3719,0.0,0.0,0.0,0.0,0.0,0.0
433631,Yassine TITRAOUI,43843,Algeria,ALG,Midfielder,24,0,0.0,0.0,0.0,0.0,,,
520072,Fares GHEDJEMIS,43843,Algeria,ALG,Forward,25,1,2.8029499999999956,2.0,0.0,0.0,0.0,64.2180559767389,0.0
511010,Samir CHERGUI,43843,Algeria,ALG,Defender,26,1,25.859449999999995,4.0,0.0,0.0,0.0,13.921409774763195,0.0
386473,Lawrence Ati ZIGI,43860,Ghana,GHA,Goalkeeper,1,2,155.0258,0.0,0.0,0.0,0.0,0.0,0.0
448522,Alidu SEIDU,43860,Ghana,GHA,Defender,2,1,92.28446666666667,16.0,6.0,0.0,5.851472295445893,15.603926121189048,0.0
506279,Caleb YIRENKYI,43860,Ghana,GHA,Midfielder,3,4,307.58543333333336,128.0,14.0,12.0,4.096422858342988,37.45300899056446,3.5112195928654186
494351,Jonas ADJETEY,43860,Ghana,GHA,Defender,4,3,257.2873166666667,19.0,6.0,3.0,2.098820909619913,6.646266213796391,1.0494104548099565
369089,Thomas PARTEY,43860,Ghana,GHA,Midfielder,5,3,307.5749166666667,52.0,14.0,5.0,4.0965629241006045,15.21580514665939,1.4630581871787873
441336,Abdul MUMIN,43860,Ghana,GHA,Defender,6,0,0.0,0.0,0.0,0.0,,,
441342,Abdul FATAWU,43860,Ghana,GHA,Forward,7,4,163.103,50.0,5.0,11.0,2.7589927837010966,27.58992783701097,6.069784124142413
507253,Kwasi SIBO,43860,Ghana,GHA,Midfielder,8,4,282.54819999999995,114.0,15.0,5.0,4.777945851362706,36.312388470356574,1.5926486171209022
353235,Jordan AYEW,43860,Ghana,GHA,Forward,9,4,323.8484666666667,212.0,19.0,23.0,5.280247325549583,58.916443842974296,6.391878341454758
486213,Brandon THOMAS-ASANTE,43860,Ghana,GHA,Forward,10,2,70.37146666666666,28.0,0.0,3.0,0.0,35.80996843417598,3.83678233223314
448531,Antoine SEMENYO,43860,Ghana,GHA,Midfielder,11,4,414.31466666666665,123.0,20.0,26.0,4.3445239688996455,26.718822408732816,5.647881159569538
506277,Joseph ANANG,43860,Ghana,GHA,Goalkeeper,12,0,0.0,0.0,0.0,0.0,,,
494350,Christopher Bonsu BAAH,43860,Ghana,GHA,Forward,13,0,0.0,0.0,0.0,0.0,,,
441333,Gideon MENSAH,43860,Ghana,GHA,Defender,14,4,414.31466666666665,63.0,18.0,10.0,3.9100715720096804,13.685250502033881,2.1722619844498228
441341,Elisha OWUSU,43860,Ghana,GHA,Midfielder,15,3,166.80685,55.0,10.0,5.0,5.395461877015243,29.675040323583836,2.6977309385076214
494349,Benjamin ASARE,43860,Ghana,GHA,Goalkeeper,16,3,259.28886666666665,0.0,0.0,0.0,0.0,0.0,0.0
367536,Baba RAHMAN,43860,Ghana,GHA,Defender,17,1,1.3798333333333375,0.0,0.0,0.0,0.0,0.0,0.0
486150,Jerome OPOKU,43860,Ghana,GHA,Defender,18,3,313.8529,10.0,7.0,8.0,2.0073097938556566,2.8675854197937953,2.294068335835036
411376,Inaki WILLIAMS,43860,Ghana,GHA,Forward,19,2,140.27208333333334,43.0,3.0,3.0,1.9248306119357321,27.589238771078826,1.9248306119357321
523173,Augustine BOAKYE,43860,Ghana,GHA,Midfielder,20,0,0.0,0.0,0.0,0.0,,,
511022,Kojo Peprah OPPONG,43860,Ghana,GHA,Defender,21,2,61.60835,5.0,0.0,1.0,0.0,7.304204706017933,1.4608409412035868
448523,Kamaldeen SULEMANA,43860,Ghana,GHA,Forward,22,2,136.32618333333335,62.0,8.0,3.0,5.281450579743118,40.931241993009166,1.9805439674036691
520037,Derrick LUCKASSEN,43860,Ghana,GHA,Defender,23,2,205.15231666666665,8.0,4.0,2.0,1.754793734963916,3.509587469927832,0.877396867481958
448525,Ernest NUAMAH,43860,Ghana,GHA,Forward,24,3,109.22153333333333,58.0,6.0,2.0,4.944080013526027,47.792773464084924,1.6480266711753424
514401,Prince ADU,43860,Ghana,GHA,Forward,25,3,62.53536666666666,25.0,4.0,0.0,5.756742451338203,35.97964032086377,0.0
520039,Marvin SENAYA,43860,Ghana,GHA,Defender,26,4,312.75865,89.0,24.0,34.0,6.906283807018608,25.610802451027336,9.783902059943026
364752,VOZINHA,43850,Cabo Verde,CPV,Goalkeeper,1,4,445.4629666666667,0.0,0.0,0.0,0.0,0.0,0.0
297266,STOPIRA,43850,Cabo Verde,CPV,Defender,2,0,0.0,0.0,0.0,0.0,,,
409241,DINEY BORGES,43850,Cabo Verde,CPV,Defender,3,4,445.4629666666667,29.0,16.0,5.0,3.2325919498433424,5.859072909091059,1.0101849843260446
477770,PICO LOPES,43850,Cabo Verde,CPV,Defender,4,4,445.4629666666667,36.0,9.0,6.0,1.8183329717868801,7.2733318871475205,1.2122219811912534
477831,LOGAN COSTA,43850,Cabo Verde,CPV,Defender,5,0,0.0,0.0,0.0,0.0,,,
477852,KEVIN PINA,43850,Cabo Verde,CPV,Midfielder,6,4,389.87508333333335,93.0,23.0,22.0,5.30939290170078,21.468414776442284,5.0785497320616155
477856,JOVANE CABRAL,43850,Cabo Verde,CPV,Midfielder,7,2,148.18591666666669,86.0,7.0,14.0,4.251416154594088,52.23168418501307,8.502832309188175
477855,JOAO PAULO,43850,Cabo Verde,CPV,Midfielder,8,2,121.18205,25.0,4.0,5.0,2.9707370027161617,18.56710626697601,3.7134212533952016
477862,GILSON BENCHIMOL,43850,Cabo Verde,CPV,Forward,9,2,93.26291666666668,52.0,4.0,5.0,3.8600551308799935,50.18071670143992,4.825068913599992
401894,JAMIRO MONTEIRO,43850,Cabo Verde,CPV,Midfielder,10,4,314.9173166666667,110.0,23.0,12.0,6.573153937390655,31.436823178824874,3.4294716195081683
373344,GARRY RODRIGUES,43850,Cabo Verde,CPV,Midfielder,11,2,90.23691666666666,23.0,1.0,3.0,0.9973745039677959,22.939613591259306,2.992123511903388
407114,MARCIO ROSA,43850,Cabo Verde,CPV,Goalkeeper,12,0,0.0,0.0,0.0,0.0,,,
477832,SIDNY LOPES CABRAL,43850,Cabo Verde,CPV,Defender,13,3,324.2809166666667,77.0,9.0,22.0,2.497834310838005,21.370360214947375,6.1058172042706795
477827,DEROY DUARTE,43850,Cabo Verde,CPV,Midfielder,14,4,300.7483500000001,137.0,26.0,13.0,7.780591314964818,40.99773115962231,3.890295657482409
480966,LAROS DUARTE,43850,Cabo Verde,CPV,Midfielder,15,4,187.66630000000004,97.0,4.0,13.0,1.9182985970310062,46.5187409780019,6.23447044035077
494313,YANNICK SEMEDO,43850,Cabo Verde,CPV,Midfielder,16,2,46.31631666666668,12.0,1.0,3.0,1.9431597000193233,23.317916400231876,5.829479100057969
433724,WILLY SEMEDO,43850,Cabo Verde,CPV,Midfielder,17,3,156.30538333333334,57.0,6.0,6.0,3.454775443328194,32.820366711617844,3.454775443328194
494314,TELMO ARCANJO,43850,Cabo Verde,CPV,Midfielder,18,2,69.66155,27.0,1.0,6.0,1.2919609167467563,34.882944752162416,7.751765500480537
482782,DAILON LIVRAMENTO,43850,Cabo Verde,CPV,Forward,19,3,198.93423333333334,93.0,4.0,8.0,1.8096432874717223,42.07420643371754,3.6192865749434446
355642,RYAN MENDES,43850,Cabo Verde,CPV,Forward,20,4,366.04060000000004,102.0,14.0,24.0,3.442241106587629,25.079185205138444,5.900984754150222
401893,NUNO DA COSTA,43850,Cabo Verde,CPV,Midfielder,21,4,180.46980000000002,61.0,3.0,6.0,1.4960951915500542,30.420602228184432,2.9921903831001084
477847,STEVEN MOREIRA,43850,Cabo Verde,CPV,Defender,22,4,346.0891333333334,77.0,7.0,9.0,1.8203403092498134,20.023743401747947,2.3404375404640456
406281,CJ DOS SANTOS,43850,Cabo Verde,CPV,Goalkeeper,23,0,0.0,0.0,0.0,0.0,,,
482783,WAGNER PINA,43850,Cabo Verde,CPV,Defender,24,1,99.37383333333332,19.0,2.0,4.0,1.8113420199482428,17.207749189508306,3.6226840398964857
482780,KELVIN PIRES,43850,Cabo Verde,CPV,Defender,25,0,0.0,0.0,0.0,0.0,,,
477849,HELIO VARELA,43850,Cabo Verde,CPV,Midfielder,26,3,130.15711666666667,39.0,2.0,5.0,1.3829439727140032,26.96740746792306,3.457359931785008
395986,Ronwen WILLIAMS,43883,South Africa,RSA,Goalkeeper,1,4,402.1005333333334,0.0,0.0,0.0,0.0,0.0,0.0
510850,Thabang MATULUDI,43883,South Africa,RSA,Defender,2,0,0.0,0.0,0.0,0.0,,,
504192,Khulumani NDAMANE,43883,South Africa,RSA,Defender,3,0,0.0,0.0,0.0,0.0,,,
403616,Teboho MOKOENA,43883,South Africa,RSA,Midfielder,4,3,301.99760000000003,95.0,22.0,13.0,6.556343494120482,28.311483270065718,3.8742029737984667
494248,Thalente MBATHA,43883,South Africa,RSA,Midfielder,5,4,293.99396666666667,99.0,14.0,12.0,4.285802236984682,30.306744390105965,3.6735447745582985
395050,Aubrey MODIBA,43883,South Africa,RSA,Defender,6,4,381.26880000000006,67.0,14.0,12.0,3.3047550704384934,15.815613551384219,2.832647203232994
419223,Oswin APPOLLIS,43883,South Africa,RSA,Forward,7,4,287.5561666666667,115.0,9.0,12.0,2.8168409997583077,35.99296833024505,3.755787999677744
504193,Tshepang MOREMI,43883,South Africa,RSA,Forward,8,2,44.89193333333334,18.0,1.0,1.0,2.0048145249554854,36.086661449198736,2.0048145249554854
419211,Lyle FOSTER,43883,South Africa,RSA,Forward,9,1,59.88353333333333,25.0,1.0,1.0,1.502917329527427,37.572933238185676,1.502917329527427
486161,Relebohile MOFOKENG,43883,South Africa,RSA,Forward,10,3,184.20440000000002,107.0,13.0,18.0,6.35163980882107,52.27888150337343,8.794578196829173
395984,Themba ZWANE,43883,South Africa,RSA,Midfielder,11,1,19.010783333333336,12.0,0.0,2.0,0.0,56.809863174145896,9.468310529024317
463234,Thapelo MASEKO,43883,South Africa,RSA,Forward,12,3,255.94675,97.0,23.0,9.0,8.087619788100454,34.10865736720626,3.164720786648004
390475,Sphephelo SITHOLE,43883,South Africa,RSA,Midfielder,13,3,252.61666666666667,72.0,13.0,7.0,4.631523388533351,25.651514151877016,2.493897209210266
504199,Mbekezeli MBOKAZI,43883,South Africa,RSA,Defender,14,4,402.1005333333334,49.0,16.0,9.0,3.5811939568015156,10.967406492704642,2.0144216007008526
481242,Iqraam RAYNERS,43883,South Africa,RSA,Forward,15,4,182.0806,83.0,2.0,7.0,0.9885731923115367,41.02578748092878,3.4600061730903784
494246,Sipho CHAINE,43883,South Africa,RSA,Goalkeeper,16,0,0.0,0.0,0.0,0.0,,,
430917,Evidence MAKGOPA,43883,South Africa,RSA,Forward,17,4,241.34380000000004,76.0,9.0,15.0,3.356208031861601,28.34131226905352,5.593680053102668
504200,Samukele KABINI,43883,South Africa,RSA,Defender,18,0,0.0,0.0,0.0,0.0,,,
463221,Nkosinathi SIBISI,43883,South Africa,RSA,Defender,19,1,101.00468333333333,15.0,6.0,2.0,5.346286748089733,13.365716870224334,1.782095582696578
463218,Khuliso MUDAU,43883,South Africa,RSA,Defender,20,4,402.1005333333334,82.0,16.0,32.0,3.5811939568015156,18.35361902860777,7.162387913603031
506039,Ime OKON,43883,South Africa,RSA,Defender,21,4,402.1005333333334,22.0,5.0,3.0,1.1191231115004736,4.9241416906020845,0.6714738669002842
395059,Ricardo GOSS,43883,South Africa,RSA,Goalkeeper,22,0,0.0,0.0,0.0,0.0,,,
463236,Jayden ADAMS,43883,South Africa,RSA,Midfielder,23,3,130.40365,43.0,2.0,2.0,1.3803294616370017,29.677083425195537,1.3803294616370017
502245,Olwethu MAKHANYA,43883,South Africa,RSA,Defender,24,0,0.0,0.0,0.0,0.0,,,
506038,Kamogelo SEBELEBELE,43883,South Africa,RSA,Forward,25,1,13.304716666666664,4.0,0.0,1.0,0.0,27.05807339001332,6.76451834750333
419225,Bradley Cross,43883,South Africa,RSA,Defender,26,0,0.0,0.0,0.0,0.0,,,
419459,MAHMOUD ABUNADA,43834,Qatar,QAT,Goalkeeper,1,3,310.32276666666667,0.0,0.0,0.0,0.0,0.0,0.0
416051,PEDRO MIGUEL,43834,Qatar,QAT,Defender,2,3,310.32276666666667,36.0,8.0,6.0,2.3201649293536635,10.440742182091485,1.7401236970152474
356673,LUCAS MENDES,43834,Qatar,QAT,Defender,3,1,13.053383333333343,5.0,1.0,1.0,6.894764192680564,34.47382096340282,6.894764192680564
512791,ISSA LAYE,43834,Qatar,QAT,Defender,4,3,310.32276666666667,30.0,6.0,7.0,1.7401236970152474,8.700618485076237,2.030144313184455
419473,JASSEM GABER,43834,Qatar,QAT,Defender,5,3,166.995,85.0,14.0,13.0,7.545136081918621,45.80975478307733,7.006197790353004
345059,ABDULAZIZ HATEM,43834,Qatar,QAT,Midfielder,6,1,51.042399999999994,20.0,0.0,1.0,0.0,35.26479946084041,1.76323997304202
353251,AHMED ALAAELDIN,43834,Qatar,QAT,Forward,7,2,55.32318333333332,22.0,4.0,2.0,6.507217739639593,35.78969756801776,3.2536088698197965
429063,EDMILSON JUNIOR,43834,Qatar,QAT,Forward,8,3,228.72783333333334,66.0,11.0,5.0,4.328288278572714,25.969729671436287,1.9674037629875973
385070,MOHAMMED MUNTARI,43834,Qatar,QAT,Forward,9,0,0.0,0.0,0.0,0.0,,,
284190,HASSAN ALHAYDOS,43834,Qatar,QAT,Forward,10,2,69.67686666666665,46.0,1.0,8.0,1.291676912375509,59.41713796927341,10.333415299004072
386347,AKRAM AFIF,43834,Qatar,QAT,Forward,11,3,269.0622166666667,54.0,5.0,16.0,1.6724756287780527,18.06273679080297,5.3519220120897675
354861,KARIM BOUDIAF,43834,Qatar,QAT,Midfielder,12,2,114.52603333333333,29.0,3.0,2.0,2.357542579110834,22.789578264738065,1.571695052740556
510991,AYOUB ALOUI,43834,Qatar,QAT,Defender,13,2,170.81786666666667,38.0,5.0,2.0,2.6343848496722435,20.02132485750905,1.0537539398688973
419441,HOMAM AHMED,43834,Qatar,QAT,Defender,14,2,134.29381666666666,45.0,6.0,3.0,4.02103397910229,30.15775484326717,2.010516989551145
419463,YUSUF ABDURISAG,43834,Qatar,QAT,Forward,15,2,105.73320000000001,60.0,8.0,8.0,6.809592445892113,51.07194334419085,6.809592445892113
385067,BOUALEM KHOUKHI,43834,Qatar,QAT,Defender,16,3,310.32276666666667,21.0,12.0,5.0,3.4802473940304948,6.0904329395533665,1.4501030808460396
419436,AHMED ALGANEHI,43834,Qatar,QAT,Midfielder,17,1,41.12281666666666,18.0,4.0,3.0,8.754264157489214,39.39418870870146,6.565698118116911
386387,SULTAN ALBRAKE,43834,Qatar,QAT,Defender,18,2,167.11928333333333,50.0,4.0,2.0,2.1541499749131283,26.926874686414106,1.0770749874565642
386366,ALMOEZ ALI,43834,Qatar,QAT,Forward,19,1,24.816983333333326,11.0,2.0,1.0,7.253097509165432,39.89203630040988,3.626548754582716
433394,AHMED FATHY,43834,Qatar,QAT,Midfielder,20,3,163.11981666666668,73.0,10.0,10.0,5.517416696459014,40.277141884150794,5.517416696459014
419461,SALAH ZAKARIA,43834,Qatar,QAT,Goalkeeper,21,0,0.0,0.0,0.0,0.0,,,
416056,MESHAAL BARSHAM,43834,Qatar,QAT,Goalkeeper,22,0,0.0,0.0,0.0,0.0,,,
386348,ASSIM MADIBO,43834,Qatar,QAT,Midfielder,23,2,140.81795,51.0,7.0,2.0,4.473861464394276,32.595276383444016,1.278246132684079
486639,TAHSIN MOHAMMED,43834,Qatar,QAT,Forward,24,0,0.0,0.0,0.0,0.0,,,
486614,ALHASHMI ALHUSSEIN,43834,Qatar,QAT,Defender,25,1,41.26055000000001,20.0,8.0,2.0,17.45008246375775,43.625206159394374,4.362520615939437
498458,MOHAMED MANAI,43834,Qatar,QAT,Forward,26,3,91.45998333333334,52.0,3.0,2.0,2.9521107500748505,51.169919667964066,1.9680738333832335
336022,Jordan PICKFORD,43942,England,ENG,Goalkeeper,1,7,756.7429999999999,0.0,0.0,0.0,0.0,0.0,0.0
403049,Ezri KONSA,43942,England,ENG,Defender,2,8,739.9730333333333,77.0,22.0,15.0,2.675773184707497,9.36520614647624,1.8243908077551116
463780,Nico OREILLY,43942,England,ENG,Defender,3,7,523.8012333333332,119.0,25.0,19.0,4.295522531861164,20.446687251659142,3.2645971242144842
433097,Declan RICE,43942,England,ENG,Midfielder,4,7,622.0375333333334,120.0,18.0,11.0,2.604344453812701,17.36229635875134,1.5915438328855396
369434,John STONES,43942,England,ENG,Defender,5,5,380.0392,17.0,3.0,5.0,0.7104530269509041,4.025900486055123,1.1840883782515066
405841,Marc GUEHI,43942,England,ENG,Defender,6,8,761.0425166666666,32.0,7.0,8.0,0.8278118320634342,3.7842826608614133,0.9460706652153533
448196,Bukayo SAKA,43942,England,ENG,Forward,7,7,411.64058333333327,85.0,21.0,7.0,4.591384028988072,18.584173450666007,1.5304613429960239
481610,Elliot ANDERSON,43942,England,ENG,Midfielder,8,8,713.3772166666666,191.0,60.0,34.0,7.569627784346818,24.09664844683737,4.289455744463197
369419,Harry KANE,43942,England,ENG,Forward,9,7,732.08485,262.0,22.0,25.0,2.704604527740193,32.20938119399685,3.073414236068401
448202,Jude BELLINGHAM,43942,England,ENG,Midfielder,10,8,698.7366166666665,234.0,31.0,22.0,3.992920842347918,30.14011216481977,2.8336857590856193
401470,Marcus RASHFORD,43942,England,ENG,Forward,11,6,258.79611666666665,60.0,3.0,2.0,1.043292316274452,20.86584632548904,0.6955282108496348
439691,Trevoh CHALOBAH,43942,England,ENG,Defender,12,1,6.098299999999995,1.0,0.0,0.0,0.0,14.758211304789873,0.0
403046,Dean Henderson,43942,England,ENG,Goalkeeper,13,1,102.85145,0.0,0.0,0.0,0.0,0.0,0.0
356189,Jordan HENDERSON,43942,England,ENG,Midfielder,14,1,12.20353333333334,4.0,0.0,0.0,0.0,29.499653105931056,0.0
494345,Dan BURN,43942,England,ENG,Defender,15,3,59.24976666666667,1.0,0.0,1.0,0.0,1.518993323743047,1.518993323743047
482621,Kobbie MAINOO,43942,England,ENG,Midfielder,16,0,0.0,0.0,0.0,0.0,,,
492716,Morgan ROGERS,43942,England,ENG,Midfielder,17,7,411.6862666666666,162.0,24.0,20.0,5.246713759701159,35.415317877982815,4.372261466417632
448189,Anthony GORDON,43942,England,ENG,Forward,18,6,442.2114,151.0,15.0,27.0,3.05283852926451,30.731907861262734,5.495109352676118
448203,Ollie WATKINS,43942,England,ENG,Forward,19,2,65.39829999999999,16.0,3.0,1.0,4.128547683961204,22.018920981126424,1.3761825613204015
489732,Noni MADUEKE,43942,England,ENG,Forward,20,5,315.5636666666667,80.0,16.0,9.0,4.563262986549994,22.816314932749965,2.5668354299343714
473113,Eberechi EZE,43942,England,ENG,Midfielder,21,5,247.7011333333333,59.0,0.0,6.0,0.0,21.4371243625046,2.180046545339451
448198,Ivan TONEY,43942,England,ENG,Forward,22,2,89.91875,21.0,4.0,2.0,4.003614374087718,21.01897546396052,2.001807187043859
485080,James TRAFFORD,43942,England,ENG,Goalkeeper,23,0,0.0,0.0,0.0,0.0,,,
439641,Reece JAMES,43942,England,ENG,Defender,24,5,368.5178166666666,66.0,18.0,5.0,4.395988271756559,16.118623663107382,1.2211078532657107
506329,Djed SPENCE,43942,England,ENG,Defender,25,8,476.1069333333333,135.0,28.0,25.0,5.292928591392074,25.51947713706893,4.725829099457209
463809,Jarell QUANSAH,43942,England,ENG,Defender,26,3,208.85296666666667,38.0,18.0,30.0,7.756653045707275,16.37515642982647,12.927755076178792
419287,NAWAF ALAQIDI,43835,Saudi Arabia,KSA,Goalkeeper,1,0,0.0,0.0,0.0,0.0,,,
419326,ALI MAJRASHI,43835,Saudi Arabia,KSA,Defender,2,0,0.0,0.0,0.0,0.0,,,
433439,ALI LAJAMI,43835,Saudi Arabia,KSA,Defender,3,3,177.82118333333335,7.0,3.0,3.0,1.5183792782093544,3.542884982488494,1.5183792782093544
403312,Abdulelah ALAMRI,43835,Saudi Arabia,KSA,Defender,4,3,268.4348,23.0,5.0,7.0,1.676384731040834,7.711369762787835,2.3469386234571674
403335,HASSAN ALTAMBAKTI,43835,Saudi Arabia,KSA,Defender,5,3,237.72068333333334,26.0,7.0,5.0,2.650169060454072,9.843485081686554,1.8929779003243372
403319,NASSER ALDAWSARI,43835,Saudi Arabia,KSA,Midfielder,6,3,230.94581666666667,106.0,19.0,8.0,7.404334162363769,41.30839059002945,3.117614384153166
436537,MUSAB ALJUWAYR,43835,Saudi Arabia,KSA,Midfielder,7,3,167.33438333333336,107.0,8.0,5.0,4.3027618452194965,57.54943967981077,2.6892261532621853
430512,AIMAN YAHYA,43835,Saudi Arabia,KSA,Forward,8,0,0.0,0.0,0.0,0.0,,,
419291,FERAS ALBRIKAN,43835,Saudi Arabia,KSA,Forward,9,3,262.48803333333336,150.0,11.0,11.0,3.771600508518419,51.43091602525118,3.771600508518419
339745,SALEM ALDAWSARI,43835,Saudi Arabia,KSA,Forward,10,3,276.45325,120.0,15.0,15.0,4.883284967711539,39.06627974169231,4.883284967711539
425804,SALEH ALSHEHRI,43835,Saudi Arabia,KSA,Forward,11,0,0.0,0.0,0.0,0.0,,,
419281,SAUD ABDULHAMID,43835,Saudi Arabia,KSA,Defender,12,3,300.7658,76.0,18.0,11.0,5.386250697386472,22.7419473889651,3.2915976484028437
430518,NAWAF BU WASHL,43835,Saudi Arabia,KSA,Defender,13,2,104.76098333333334,27.0,4.0,3.0,3.4363938610096407,23.19565856181508,2.5772953957572304
401924,HASSAN KADISH,43835,Saudi Arabia,KSA,Defender,14,0,0.0,0.0,0.0,0.0,,,
411624,ABDULLAH ALKHAIBARI,43835,Saudi Arabia,KSA,Midfielder,15,3,203.31955000000002,81.0,7.0,8.0,3.0985706981940493,35.854889507673995,3.5412236550789133
436538,ZIYAD ALJOHANI,43835,Saudi Arabia,KSA,Midfielder,16,0,0.0,0.0,0.0,0.0,,,
419300,KHALID ALGHANNAM,43835,Saudi Arabia,KSA,Forward,17,1,8.526716666666672,6.0,0.0,0.0,0.0,63.33035576413738,0.0
523333,ALA ALHAJJI,43835,Saudi Arabia,KSA,Midfielder,18,2,43.94245000000002,7.0,1.0,1.0,2.0481334108589744,14.336933876012823,2.0481334108589744
419302,ABDULLAH ALHAMDDAN,43835,Saudi Arabia,KSA,Forward,19,3,88.98698333333334,62.0,5.0,5.0,5.056919373413977,62.70580023033331,5.056919373413977
494800,SULTAN MANDASH,43835,Saudi Arabia,KSA,Forward,20,1,71.12755,22.0,5.0,15.0,6.326662453578114,27.837314795743705,18.97998736073434
396885,MOHAMMED ALOWAIS,43835,Saudi Arabia,KSA,Goalkeeper,21,3,306.57535,0.0,0.0,0.0,0.0,0.0,0.0
339746,AHMED ALKASSAR,43835,Saudi Arabia,KSA,Goalkeeper,22,0,0.0,0.0,0.0,0.0,,,
407993,MOHAMED KANNO,43835,Saudi Arabia,KSA,Midfielder,23,3,256.5089833333334,84.0,14.0,10.0,4.912108666239693,29.47265199743816,3.5086490473140666
419303,MOTEB ALHARBI,43835,Saudi Arabia,KSA,Defender,24,3,213.11866666666668,64.0,2.0,11.0,0.8445998786278693,27.02719611609182,4.6452993324532805
494506,JEHAD THIKRI,43835,Saudi Arabia,KSA,Defender,25,0,0.0,0.0,0.0,0.0,,,
512183,MOHAMMED ABU ALSHAMAT,43835,Saudi Arabia,KSA,Defender,26,3,153.4976666666667,67.0,16.0,10.0,9.381250095006871,39.28398477284127,5.8632813093792935
405873,Yahia Fofana,43854,Côte d'Ivoire,CIV,Goalkeeper,1,4,408.92733333333337,0.0,0.0,0.0,0.0,0.0,0.0
477802,Ousmane DIOMANDE,43854,Côte d'Ivoire,CIV,Defender,2,1,100.30330000000001,3.0,1.0,1.0,0.8972785541452772,2.6918356624358317,0.8972785541452772
407343,Ghislain KONAN,43854,Côte d'Ivoire,CIV,Defender,3,3,303.6422166666667,67.0,12.0,14.0,3.556817664737331,19.858898628116766,4.14962060886022
335807,Jean Michael SERI,43854,Côte d'Ivoire,CIV,Midfielder,4,1,19.39710000000001,5.0,1.0,0.0,4.639868846373941,23.199344231869702,0.0
430854,Wilfried SINGO,43854,Côte d'Ivoire,CIV,Defender,5,2,190.212,24.0,12.0,13.0,5.677875212920321,11.355750425840641,6.151031480663681
405175,Seko Fofana,43854,Côte d'Ivoire,CIV,Midfielder,6,2,103.66388333333335,28.0,1.0,3.0,0.8681905125105448,24.309334350295256,2.6045715375316343
477825,Odilon KOSSOUNOU,43854,Côte d'Ivoire,CIV,Defender,7,4,316.45065,15.0,6.0,2.0,1.7064272106883018,4.266068026720754,0.5688090702294338
371609,Franck KESSIE,43854,Côte d'Ivoire,CIV,Midfielder,8,4,389.5302333333334,135.0,13.0,13.0,3.0036179476697864,31.191417148878553,3.0036179476697864
464103,Ange-Yoan BONNY,43854,Côte d'Ivoire,CIV,Forward,9,4,258.40035,123.0,7.0,7.0,2.438077193006898,42.840499248549776,2.438077193006898
477778,Simon ADINGRA,43854,Côte d'Ivoire,CIV,Forward,10,1,22.763000000000005,11.0,1.0,0.0,3.953784650529367,43.491631155823036,0.0
510922,Yan DIOMANDE,43854,Côte d'Ivoire,CIV,Forward,11,4,361.77293333333336,121.0,20.0,20.0,4.975496600630155,30.10175443381244,4.975496600630155
464133,Elye WAHI,43854,Côte d'Ivoire,CIV,Forward,12,3,127.6534,60.0,3.0,5.0,2.1151023004479317,42.302046008958634,3.525170500746553
486260,Christopher OPERI,43854,Côte d'Ivoire,CIV,Defender,13,1,100.30330000000001,20.0,3.0,4.0,2.6918356624358317,17.945571082905545,3.589114216581109
477777,Oumar DIAKITE,43854,Côte d'Ivoire,CIV,Forward,14,2,40.3434,11.0,1.0,3.0,2.2308481684736536,24.53932985321019,6.69254450542096
430822,Amad DIALLO,43854,Côte d'Ivoire,CIV,Forward,15,4,211.64278333333334,54.0,12.0,8.0,5.102937992924713,22.96322096816121,3.401958661949809
486259,Mohamed KONE,43854,Côte d'Ivoire,CIV,Goalkeeper,16,0,0.0,0.0,0.0,0.0,,,
486317,Guela DOUE,43854,Côte d'Ivoire,CIV,Defender,17,4,311.1920166666667,78.0,19.0,12.0,5.494999577163531,22.5584193167766,3.470526048734862
430831,Ibrahim SANGARE,43854,Côte d'Ivoire,CIV,Midfielder,18,4,305.26345000000003,114.0,29.0,23.0,8.54999181854231,33.61031266599391,6.781027994016315
402261,Nicolas PEPE,43854,Côte d'Ivoire,CIV,Forward,19,4,255.34333333333336,97.0,15.0,19.0,5.286999203686539,34.18926151717295,6.696865658002949
486268,Emmanuel AGBADOU,43854,Côte d'Ivoire,CIV,Defender,20,3,308.62403333333333,28.0,8.0,4.0,2.332935618213358,8.165274663746752,1.166467809106679
419172,Evan NDICKA,43854,Côte d'Ivoire,CIV,Defender,21,0,0.0,0.0,0.0,0.0,,,
485675,Evann GUESSAND,43854,Côte d'Ivoire,CIV,Forward,22,2,27.808800000000005,9.0,2.0,2.0,6.472771209113661,29.12747044101147,6.472771209113661
403090,Alban Lafont,43854,Côte d'Ivoire,CIV,Goalkeeper,23,1,32.81111666666666,0.0,0.0,0.0,0.0,0.0,0.0
506202,Bazoumana TOURE,43854,Côte d'Ivoire,CIV,Forward,24,3,94.28641666666668,38.0,2.0,2.0,1.9090766874337677,36.27245706124158,1.9090766874337677
430834,Parfait GUIAGON,43854,Côte d'Ivoire,CIV,Midfielder,25,0,0.0,0.0,0.0,0.0,,,
514208,Christ Inao OULAI,43854,Côte d'Ivoire,CIV,Midfielder,26,4,240.67673333333335,82.0,20.0,21.0,7.478911546913134,30.66353734234385,7.852857124258791
494277,Yehvann DIOUF,43879,Senegal,SEN,Goalkeeper,1,0,0.0,0.0,0.0,0.0,,,
499800,Mamadou SARR,43879,Senegal,SEN,Defender,2,0,0.0,0.0,0.0,0.0,,,
339820,Kalidou KOULIBALY,43879,Senegal,SEN,Defender,3,2,181.54228333333333,21.0,5.0,3.0,2.478761375793353,10.410797778332082,1.4872568254760117
370171,Abdoulaye Seck,43879,Senegal,SEN,Defender,4,1,66.98111666666667,3.0,1.0,1.0,1.3436622809363934,4.030986842809179,1.3436622809363934
332314,Idrissa Gana GUEYE,43879,Senegal,SEN,Midfielder,5,4,411.0321,91.0,23.0,24.0,5.036103019691163,19.925451077908512,5.2550640205473
448825,Pathe CISS,43879,Senegal,SEN,Midfielder,6,4,232.14638333333335,11.0,5.0,3.0,1.9384320941750617,4.264550607185136,1.163059256505037
484698,Assane DIAO,43879,Senegal,SEN,Forward,7,1,16.032299999999992,3.0,0.0,1.0,0.0,16.841002226754746,5.613667408918249
464842,Lamine CAMARA,43879,Senegal,SEN,Midfielder,8,4,287.46425,124.0,20.0,11.0,6.261648187557236,38.82221876285486,3.4439065031564793
418781,Bamba DIENG,43879,Senegal,SEN,Forward,9,1,16.836100000000016,15.0,0.0,2.0,0.0,80.18484090733594,10.691312120978125
353790,Sadio MANE,43879,Senegal,SEN,Forward,10,4,421.1175833333333,129.0,16.0,14.0,3.4194725107457127,27.569497117887305,2.9920384469024985
418795,Nicolas JACKSON,43879,Senegal,SEN,Forward,11,4,271.6193333333333,106.0,13.0,10.0,4.307498975281583,35.122683952295986,3.3134607502166027
486168,Cherif NDIAYE,43879,Senegal,SEN,Forward,12,0,0.0,0.0,0.0,0.0,,,
448815,Iliman NDIAYE,43879,Senegal,SEN,Forward,13,3,134.1735,41.0,8.0,6.0,5.366186318460799,27.5017048821116,4.0246397388455994
430671,Ismail JAKOBS,43879,Senegal,SEN,Defender,14,3,257.1438,51.0,10.0,13.0,3.499987166713722,17.849934550239983,4.549983316727839
403642,Krepin DIATTA,43879,Senegal,SEN,Defender,15,4,459.91824999999994,44.0,13.0,7.0,2.5439303615370776,8.61022583904857,1.3698086562122727
433806,Edouard MENDY,43879,Senegal,SEN,Goalkeeper,16,2,172.44718333333333,0.0,0.0,0.0,0.0,0.0,0.0
418798,Pape Matar SARR,43879,Senegal,SEN,Midfielder,17,2,94.95343333333335,25.0,3.0,3.0,2.843499076564898,23.695825638040816,2.843499076564898
401889,Ismaila SARR,43879,Senegal,SEN,Forward,18,4,419.21034999999995,157.0,11.0,18.0,2.3615829141623057,33.70622886577109,3.864408404992864
430690,Moussa Niakhate,43879,Senegal,SEN,Defender,19,4,459.91824999999994,21.0,4.0,12.0,0.7827478035498702,4.109425968636818,2.3482434106496104
496358,Ibrahim MBAYE,43879,Senegal,SEN,Forward,20,4,203.6836166666667,41.0,6.0,2.0,2.6511705204239546,18.11633188956369,0.8837235068079848
486130,Habib DIARRA,43879,Senegal,SEN,Midfielder,21,3,168.5992,73.0,14.0,12.0,7.473345069252998,38.96815643253349,6.405724345073998
523354,Bara Sapoko NDIAYE,43879,Senegal,SEN,Midfielder,22,1,36.806166666666655,11.0,3.0,2.0,7.3357272558493385,26.89766660478091,4.890484837232893
448821,Mory DIAW,43879,Senegal,SEN,Goalkeeper,23,3,287.4710666666666,0.0,0.0,0.0,0.0,0.0,0.0
494279,Antoine MENDY,43879,Senegal,SEN,Defender,24,0,0.0,0.0,0.0,0.0,,,
464865,El Hadji Malick DIOUF,43879,Senegal,SEN,Defender,25,3,202.77445,37.0,5.0,14.0,2.2192145016297666,16.422187312060274,6.213800604563346
431788,Pape GUEYE,43879,Senegal,SEN,Midfielder,26,4,257.2300333333333,51.0,10.0,7.0,3.4988138373163014,17.843950570313133,2.4491696861214107
483471,Brice SAMBA,43946,France,FRA,Goalkeeper,1,0,0.0,0.0,0.0,0.0,,,
464055,Malo GUSTO,43946,France,FRA,Defender,2,5,143.18519999999995,31.0,13.0,4.0,8.171235574626431,19.485254062570718,2.5142263306542865
368860,Lucas Digne,43946,France,FRA,Defender,3,6,513.2927333333332,59.0,10.0,27.0,1.7533854300944065,10.344974037556998,4.734140661254898
389876,Dayot UPAMECANO,43946,France,FRA,Defender,4,8,740.7061,73.0,32.0,17.0,3.8881818308233185,8.869914801565695,2.065596597624888
430707,Jules KOUNDE,43946,France,FRA,Defender,5,8,666.8922333333333,132.0,25.0,33.0,3.373858454991754,17.81397264235646,4.453493160589115
485677,Manu KONE,43946,France,FRA,Midfielder,6,5,426.23925,91.0,23.0,24.0,4.856427464153055,19.21456083643165,5.067576484333622
398680,Ousmane DEMBELE,43946,France,FRA,Forward,7,8,648.6526333333333,257.0,16.0,28.0,2.219986362500443,35.658530947663365,3.884976134375775
405893,Aurelien TCHOUAMENI,43946,France,FRA,Midfielder,8,4,407.2889666666666,68.0,20.0,23.0,4.419466637487275,15.026186567456735,5.082386633110366
403109,Marcus THURAM,43946,France,FRA,Forward,9,1,2.2258833333333286,0.0,0.0,0.0,0.0,0.0,0.0
389867,Kylian MBAPPE,43946,France,FRA,Forward,10,8,769.7895666666667,166.0,15.0,18.0,1.7537260291091674,19.407901388808117,2.1044712349310006
485655,Michael OLISE,43946,France,FRA,Forward,11,8,719.9583500000001,289.0,32.0,50.0,4.000231402274867,36.12708985179489,6.25036156605448
484860,Bradley BARCOLA,43946,France,FRA,Forward,12,8,432.7750833333334,134.0,25.0,21.0,5.199005411009297,27.866669003009836,4.367164545247809
398681,Ngolo KANTE,43946,France,FRA,Midfielder,13,0,0.0,0.0,0.0,0.0,,,
402047,Adrien RABIOT,43946,France,FRA,Midfielder,14,7,657.8955333333333,143.0,38.0,14.0,5.1983937064780195,19.56237631648307,1.915197681334007
419166,Ibrahima KONATE,43946,France,FRA,Defender,15,2,69.37133333333334,12.0,5.0,2.0,6.486829333922754,15.568390401414607,2.5947317335691014
448332,Mike MAIGNAN,43946,France,FRA,Goalkeeper,16,8,810.0774333333334,0.0,0.0,0.0,0.0,0.0,0.0
419177,William SALIBA,43946,France,FRA,Defender,17,6,533.55995,28.0,14.0,14.0,2.361496585341535,4.72299317068307,2.361496585341535
483549,Warren ZAIRE-EMERY,43946,France,FRA,Midfielder,18,2,128.73111666666665,49.0,14.0,2.0,9.787843317343503,34.25745161070226,1.398263331049072
408042,Theo HERNANDEZ,43946,France,FRA,Defender,19,5,296.7847,57.0,11.0,26.0,3.335751472363636,17.28525762952066,7.8845034801322305
464114,Desire DOUE,43946,France,FRA,Forward,20,8,449.67855000000003,202.0,23.0,14.0,4.603288282262963,40.42887969639646,2.802001563116586
411470,Lucas HERNANDEZ,43946,France,FRA,Defender,21,0,0.0,0.0,0.0,0.0,,,
403094,Jean-Philippe MATETA,43946,France,FRA,Forward,22,3,38.061983333333316,23.0,2.0,1.0,4.729128233377226,54.384974683838095,2.364564116688613
464127,Robin RISSER,43946,France,FRA,Goalkeeper,23,0,0.0,0.0,0.0,0.0,,,
431861,Rayan CHERKI,43946,France,FRA,Midfielder,24,7,169.16446666666667,119.0,10.0,11.0,5.320266234004225,63.311168184650285,5.852292857404648
485666,Maghnes AKLIOUCHE,43946,France,FRA,Midfielder,25,1,10.00321666666666,8.0,2.0,0.0,17.994211861851117,71.97684744740447,0.0
405881,Maxence Lacroix,43946,France,FRA,Defender,26,3,276.5174833333333,31.0,13.0,1.0,4.231197195548034,10.08977792784531,0.32547670734984874
369029,Dominik LIVAKOVIC,43938,Croatia,CRO,Goalkeeper,1,4,41.70466666666667,0.0,0.0,0.0,0.0,0.0,0.0
433667,Josip STANISIC,43938,Croatia,CRO,Defender,2,4,413.65509999999995,75.0,17.0,19.0,3.6987335584645282,16.317942169696448,4.133878682989767
448174,Marin PONGRACIC,43938,Croatia,CRO,Defender,3,3,311.63829999999996,13.0,7.0,6.0,2.0215743700308986,3.754352401485954,1.7327780314550556
448180,Josko GVARDIOL,43938,Croatia,CRO,Defender,4,4,177.70013333333333,24.0,6.0,2.0,3.038827207782999,12.155308831131997,1.0129424025943332
372424,Duje CALETA-CAR,43938,Croatia,CRO,Defender,5,0,0.0,0.0,0.0,0.0,,,
448171,Josip SUTALO,43938,Croatia,CRO,Defender,6,4,413.65509999999995,17.0,9.0,4.0,1.9581530603635735,3.6987335584645282,0.8702902490504771
389753,Nikola Moro,43938,Croatia,CRO,Midfielder,7,0,0.0,0.0,0.0,0.0,,,
339987,Mateo KOVACIC,43938,Croatia,CRO,Midfielder,8,4,293.71925,95.0,16.0,7.0,4.902640872193429,29.109430178648488,2.1449053815846257
336472,Andrej KRAMARIC,43938,Croatia,CRO,Forward,9,3,81.90133333333334,24.0,1.0,0.0,1.0988832090645653,26.37319701754957,0.0
241559,Luka MODRIC,43938,Croatia,CRO,Midfielder,10,4,360.5137833333333,48.0,12.0,16.0,2.995724574007272,11.982898296029088,3.9942994320096963
430070,Ante BUDIMIR,43938,Croatia,CRO,Forward,11,3,168.35075,76.0,13.0,13.0,6.949775988523959,40.629459625216995,6.949775988523959
514526,Ivor PANDUR,43938,Croatia,CRO,Goalkeeper,12,0,0.0,0.0,0.0,0.0,,,
409191,Nikola VLASIC,43938,Croatia,CRO,Midfielder,13,3,204.13228333333333,82.0,9.0,14.0,3.9680151849246124,36.153027240424244,6.172468065438286
359381,Ivan PERISIC,43938,Croatia,CRO,Forward,14,4,413.65509999999995,88.0,13.0,12.0,2.8284433094140504,19.1463854791105,2.6108707471514316
380005,Mario PASALIC,43938,Croatia,CRO,Midfielder,15,4,158.91989999999998,23.0,8.0,7.0,4.530584275474626,13.02542979198955,3.964261241040298
482774,Martin BATURINA,43938,Croatia,CRO,Midfielder,16,4,344.2972500000001,119.0,8.0,17.0,2.09121623829409,31.106841544624587,4.443834506374941
485066,Petar SUCIC,43938,Croatia,CRO,Midfielder,17,4,338.9916666666667,152.0,25.0,11.0,6.637331301162763,40.35497431106959,2.9204257725116154
448164,Kristijan JAKIC,43938,Croatia,CRO,Defender,18,0,0.0,0.0,0.0,0.0,,,
485065,Toni FRUK,43938,Croatia,CRO,Midfielder,19,0,0.0,0.0,0.0,0.0,,,
485068,Igor MATANOVIC,43938,Croatia,CRO,Forward,20,3,125.78868333333332,49.0,10.0,6.0,7.154856670333752,35.05879768463539,4.292914002200251
448160,Luka SUCIC,43938,Croatia,CRO,Midfielder,21,1,23.584000000000003,7.0,0.0,1.0,0.0,26.713025780189955,3.8161465400271366
499290,Luka VUSKOVIC,43938,Croatia,CRO,Defender,22,1,71.5713,3.0,2.0,0.0,2.5149745777986428,3.7724618666979643,0.0
448179,Dominik KOTARSKI,43938,Croatia,CRO,Goalkeeper,23,0,0.0,0.0,0.0,0.0,,,
482931,Marco PASALIC,43938,Croatia,CRO,Forward,24,3,114.96139999999997,40.0,7.0,5.0,5.4801002771365015,31.31485872649429,3.914357340811786
389740,Martin ERLIC,43938,Croatia,CRO,Defender,25,0,0.0,0.0,0.0,0.0,,,
389754,Petar Musa,43938,Croatia,CRO,Forward,26,2,119.51566666666665,76.0,11.0,9.0,8.283432855385767,57.230990637210745,6.777354154406536
403001,DIOGO COSTA,43963,Portugal,POR,Goalkeeper,1,5,518.5802,0.0,0.0,0.0,0.0,0.0,0.0
395212,NELSON SEMEDO,43963,Portugal,POR,Defender,2,4,164.07330000000002,31.0,3.0,6.0,1.6456059578249476,17.00459489752446,3.291211915649895
384752,RUBEN DIAS,43963,Portugal,POR,Defender,3,4,418.13829999999996,27.0,6.0,12.0,1.2914387416794875,5.811474337557694,2.582877483358975
492358,TOMAS ARAUJO,43963,Portugal,POR,Defender,4,1,100.4419,4.0,1.0,1.0,0.8960403974835203,3.584161589934081,0.8960403974835203
403002,DIOGO DALOT,43963,Portugal,POR,Defender,5,2,78.91890000000001,13.0,3.0,2.0,3.421233696871091,14.825346019774729,2.280822464580728
441148,MATHEUS NUNES,43963,Portugal,POR,Midfielder,6,1,4.11033333333333,0.0,0.0,0.0,0.0,0.0,0.0
201200,CRISTIANO RONALDO,43963,Portugal,POR,Forward,7,5,490.59275,72.0,6.0,7.0,1.1007092950313677,13.20851154037641,1.2841608442032622
395206,BRUNO FERNANDES,43963,Portugal,POR,Midfielder,8,5,471.5916666666667,247.0,20.0,27.0,3.81686133837536,47.1382375289357,5.152762806806735
448081,GONCALO RAMOS,43963,Portugal,POR,Forward,9,2,58.55736666666668,32.0,3.0,5.0,4.610863079566988,49.1825395153812,7.684771799278312
395205,BERNARDO SILVA,43963,Portugal,POR,Midfielder,10,4,133.89620000000002,37.0,6.0,5.0,4.032974796894908,24.870011247518594,3.3608123307457562
418535,JOAO FELIX,43963,Portugal,POR,Forward,11,3,218.97183333333334,99.0,14.0,23.0,5.754164728949157,40.69016486899761,9.453270626130758
368689,JOSE SA,43963,Portugal,POR,Goalkeeper,12,0,0.0,0.0,0.0,0.0,,,
489704,RENATO VEIGA,43963,Portugal,POR,Defender,13,5,518.5802,45.0,11.0,9.0,1.9090586181269553,7.809785255973907,1.5619570511947813
441146,GONCALO INACIO,43963,Portugal,POR,Defender,14,0,0.0,0.0,0.0,0.0,,,
484141,JOAO NEVES,43963,Portugal,POR,Midfielder,15,5,450.59606666666673,192.0,28.0,19.0,5.5925920939389755,38.34920292986726,3.794973206601448
418561,FRANCISCO TRINCAO,43963,Portugal,POR,Forward,16,1,32.060500000000005,12.0,1.0,2.0,2.807192651393459,33.686311816721506,5.614385302786918
418550,RAFAEL LEAO,43963,Portugal,POR,Forward,17,5,203.5586,35.0,4.0,5.0,1.7685325012060409,15.474659385552856,2.210665626507551
418548,PEDRO NETO,43963,Portugal,POR,Forward,18,5,381.3532,86.0,8.0,9.0,1.8880135265680213,20.29614541060623,2.124015217389024
384751,GONCALO GUEDES,43963,Portugal,POR,Forward,19,0,0.0,0.0,0.0,0.0,,,
368649,JOAO CANCELO,43963,Portugal,POR,Defender,20,5,342.90718333333336,66.0,13.0,13.0,3.412002013567228,17.322471761187465,3.412002013567228
395216,RUBEN NEVES,43963,Portugal,POR,Midfielder,21,2,76.08608333333333,37.0,0.0,3.0,0.0,43.76621655515189,3.5486121531204238
448092,RUI SILVA,43963,Portugal,POR,Goalkeeper,22,0,0.0,0.0,0.0,0.0,,,
441149,VITINHA,43963,Portugal,POR,Midfielder,23,5,404.6025666666667,124.0,13.0,19.0,2.891726588981104,27.58262284874284,4.226369630049306
491216,SAMU COSTA,43963,Portugal,POR,Defender,24,1,26.00508333333333,10.0,1.0,2.0,3.460861818682886,34.608618186828856,6.921723637365772
433195,NUNO MENDES,43963,Portugal,POR,Defender,25,5,447.5041,78.0,16.0,10.0,3.2178476130162834,15.68700711345438,2.0111547581351767
485081,FRANCISCO CONCEICAO,43963,Portugal,POR,Forward,26,4,163.2558666666667,35.0,4.0,9.0,2.205127493121227,19.294865564810735,4.96153685952276
373235,Orjan NYLAND,43961,Norway,NOR,Goalkeeper,1,5,554.9256166666667,0.0,0.0,0.0,0.0,0.0,0.0
433067,Morten Thorsby,43961,Norway,NOR,Midfielder,2,1,50.05661666666667,33.0,3.0,0.0,5.393892315934257,59.332815475276824,0.0
483516,Kristoffer AJER,43961,Norway,NOR,Defender,3,5,554.9256166666667,29.0,8.0,12.0,1.2974711896071838,4.703333062326041,1.9462067844107755
419672,Leo OSTIGARD,43961,Norway,NOR,Defender,4,5,184.69578333333334,8.0,3.0,1.0,1.4618633686547795,3.8983023164127464,0.4872877895515933
483505,David MOLLER WOLFE,43961,Norway,NOR,Defender,5,5,477.59751666666665,70.0,22.0,13.0,4.14575019949678,13.19102336203521,2.4497614815208246
483442,Patrick BERG,43961,Norway,NOR,Midfielder,6,6,519.7920166666667,168.0,27.0,21.0,4.674946751939662,29.088557567624566,3.6360696959530707
398588,Alexander SORLOTH,43961,Norway,NOR,Forward,7,5,363.11564999999996,70.0,8.0,9.0,1.9828393515950087,17.349844326456324,2.2306942705443844
404645,Sander BERGE,43961,Norway,NOR,Midfielder,8,5,554.9256166666667,101.0,17.0,9.0,2.7571262779152654,16.380573768790693,1.4596550883080817
419652,Erling HAALAND,43961,Norway,NOR,Forward,9,5,537.7782333333333,108.0,5.0,11.0,0.8367761506648311,18.07436485436035,1.8409075314626282
400716,Martin ODEGAARD,43961,Norway,NOR,Midfielder,10,5,537.8812333333333,195.0,18.0,18.0,3.0118172927518017,32.628020671477856,3.0118172927518017
419662,Jorgen STRAND LARSEN,43961,Norway,NOR,Forward,11,2,117.39786666666666,56.0,4.0,8.0,3.06649524579663,42.930933441152824,6.13299049159326
514479,Sander TANGVIK,43961,Norway,NOR,Goalkeeper,12,0,0.0,0.0,0.0,0.0,,,
483535,Egil SELVIK,43961,Norway,NOR,Goalkeeper,13,1,100.25048333333334,0.0,0.0,0.0,0.0,0.0,0.0
483497,Fredrik AURSNES,43961,Norway,NOR,Midfielder,14,6,355.49224999999996,63.0,20.0,8.0,5.063401522818008,15.949714796876727,2.0253606091272034
483530,Fredrik Andre BJORKAN,43961,Norway,NOR,Defender,15,1,50.19386666666667,21.0,2.0,2.0,3.586095512333512,37.654002879501874,3.586095512333512
494625,Marcus HOLMGREN PEDERSEN,43961,Norway,NOR,Defender,16,4,273.42813333333334,50.0,12.0,7.0,3.9498495887523886,16.45770661980162,2.3040789267722266
491244,Torbjorn HEGGEM,43961,Norway,NOR,Defender,17,5,503.2486666666667,30.0,10.0,2.0,1.7883802970830853,5.365140891249256,0.35767605941661706
419681,Kristian Thorstvedt,43961,Norway,NOR,Midfielder,18,2,75.20505,38.0,5.0,0.0,5.98364072625442,45.4756695195336,0.0
494627,Thelo AASGAARD,43961,Norway,NOR,Midfielder,19,1,100.25048333333334,19.0,3.0,3.0,2.693253847986435,17.057274370580757,2.693253847986435
483448,Antonio NUSA,43961,Norway,NOR,Forward,20,6,357.44168333333334,112.0,16.0,7.0,4.028629192239797,28.200404345678578,1.7625252716049111
494626,Andreas SCHJELDERUP,43961,Norway,NOR,Midfielder,21,6,297.8012333333333,68.0,14.0,18.0,4.231010012606843,20.55062006123324,5.439870016208799
477470,Oscar BOBB,43961,Norway,NOR,Midfielder,22,6,279.70148333333333,113.0,17.0,12.0,5.4701175759465945,36.36019329893913,3.8612594653740664
419654,Jens Petter HAUGE,43961,Norway,NOR,Midfielder,23,1,12.292150000000007,11.0,2.0,0.0,14.643491984721948,80.53920591597071,0.0
489696,Sondre LANGAS,43961,Norway,NOR,Defender,24,1,29.029866666666663,1.0,1.0,1.0,3.100255369183003,3.100255369183003,3.100255369183003
520112,Henrik FALCHENER,43961,Norway,NOR,Defender,25,1,71.22061666666667,2.0,1.0,0.0,1.2636790330140828,2.5273580660281656,0.0
483496,Julian RYERSON,43961,Norway,NOR,Forward,26,4,248.28936666666664,53.0,13.0,31.0,4.712243684485885,19.21145502136553,11.236888786081725
228912,Manuel NEUER,43948,Germany,GER,Goalkeeper,1,4,442.9462666666667,0.0,0.0,0.0,0.0,0.0,0.0
379955,Antonio RUEDIGER,43948,Germany,GER,Defender,2,4,300.8625833333333,14.0,4.0,5.0,1.1965595588905344,4.1879584561168715,1.495699448613168
430658,Waldemar ANTON,43948,Germany,GER,Defender,3,2,66.44733333333335,13.0,3.0,1.0,4.063368482306789,17.60793008999608,1.3544561607689294
401378,Jonathan TAH,43948,Germany,GER,Defender,4,4,419.80853333333334,27.0,9.0,5.0,1.929451013223806,5.788353039671418,1.071917229568781
484849,Aleksandar PAVLOVIC,43948,Germany,GER,Midfielder,5,4,300.04376666666667,76.0,20.0,27.0,5.999124794349447,22.796674218527897,8.098818472371752
386413,Joshua KIMMICH,43948,Germany,GER,Defender,6,4,392.5518666666667,55.0,9.0,26.0,2.0634215979612374,12.609798654207562,5.960995727443574
411367,Kai HAVERTZ,43948,Germany,GER,Forward,7,4,392.96203333333335,99.0,14.0,19.0,3.2064166334644204,22.67394619378411,4.351565431130284
379953,Leon GORETZKA,43948,Germany,GER,Midfielder,8,3,122.22653333333336,20.0,2.0,3.0,1.472675327452086,14.72675327452086,2.209012991178129
491218,Jamie LEWELING,43948,Germany,GER,Midfielder,9,1,37.55675000000001,15.0,4.0,2.0,9.585493952485237,35.945602321819635,4.7927469762426185
429642,Jamal MUSIALA,43948,Germany,GER,Midfielder,10,4,305.8442,107.0,19.0,13.0,5.591081995342727,31.486619657982725,3.8254771547081816
498416,Nick WOLTEMADE,43948,Germany,GER,Forward,11,1,44.60146666666668,6.0,1.0,0.0,2.0178708622436927,12.107225173462155,0.0
306538,Oliver Baumann,43948,Germany,GER,Goalkeeper,12,0,0.0,0.0,0.0,0.0,,,
484848,Pascal GROSS,43948,Germany,GER,Midfielder,13,1,24.28758333333333,15.0,1.0,1.0,3.705597167276833,55.58395750915249,3.705597167276833
484850,Maximilian BEIER,43948,Germany,GER,Forward,14,1,33.05566666666667,9.0,1.0,1.0,2.722679923764962,24.504119313884658,2.722679923764962
430667,Nico SCHLOTTERBECK,43948,Germany,GER,Defender,15,2,152.47841666666667,7.0,6.0,18.0,3.541484833099329,4.131732305282551,10.624454499297988
429640,Angelo Stiller,43948,Germany,GER,Midfielder,16,1,52.01958333333333,7.0,1.0,1.0,1.7301176640207616,12.110823648145331,1.7301176640207616
430669,Florian WIRTZ,43948,Germany,GER,Midfielder,17,4,405.9256833333334,123.0,18.0,17.0,3.990878297468325,27.271001699366888,3.7691628364978627
511015,Nathaniel BROWN,43948,Germany,GER,Defender,18,3,319.2588166666667,64.0,21.0,3.0,5.9199618031953065,18.041788352595223,0.8457088290279009
404353,Leroy SANE,43948,Germany,GER,Midfielder,19,4,360.78805000000006,84.0,15.0,10.0,3.7418090759935083,20.95413082556365,2.4945393839956727
395471,Nadiem Amiri,43948,Germany,GER,Midfielder,20,2,50.111333333333334,11.0,0.0,1.0,0.0,19.756009951175383,1.7960009046523076
429639,Alexander NUEBEL,43948,Germany,GER,Goalkeeper,21,0,0.0,0.0,0.0,0.0,,,
430657,David RAUM,43948,Germany,GER,Defender,22,2,123.68744999999998,29.0,8.0,18.0,5.821124131833909,21.101574977897922,13.097529296626295
492363,Felix NMECHA,43948,Germany,GER,Midfielder,23,4,299.98248333333333,74.0,21.0,9.0,6.300367871479606,22.201296309023377,2.7001576592055456
514188,Malick THIAW,43948,Germany,GER,Defender,24,2,50.194649999999996,7.0,3.0,3.0,5.3790593220592235,12.551138418138189,5.3790593220592235
475195,Assan OUEDRAOGO,43948,Germany,GER,Midfielder,25,0,0.0,0.0,0.0,0.0,,,
484851,Deniz UNDAV,43948,Germany,GER,Forward,26,4,174.76788333333337,53.0,7.0,6.0,3.6047813132714213,27.293344229055045,3.0898125542326467
424081,Bart Verbruggen,43960,Netherlands,NED,Goalkeeper,1,4,432.60131666666666,0.0,0.0,0.0,0.0,0.0,0.0
483553,Lutsharel GEERTRUIDA,43960,Netherlands,NED,Defender,2,0,0.0,0.0,0.0,0.0,,,
402044,Marten DE ROON,43960,Netherlands,NED,Midfielder,3,1,11.762166666666673,1.0,0.0,0.0,0.0,7.651651481444741,0.0
397786,Virgil VAN DIJK,43960,Netherlands,NED,Defender,4,4,432.60131666666666,11.0,4.0,10.0,0.8321749983886242,2.2884812455687165,2.08043749597156
336088,Nathan AKE,43960,Netherlands,NED,Defender,5,3,189.96725000000004,19.0,4.0,8.0,1.8950634912070365,9.001551583233423,3.790126982414073
489517,Jan Paul VAN HECKE,43960,Netherlands,NED,Defender,6,4,432.60131666666666,56.0,17.0,11.0,3.536743743151652,11.650449977440738,2.2884812455687165
478364,Justin KLUIVERT,43960,Netherlands,NED,Midfielder,7,2,32.760566666666705,12.0,0.0,2.0,0.0,32.96646272907363,5.494410454845606
430176,Ryan GRAVENBERCH,43960,Netherlands,NED,Midfielder,8,4,374.26675,54.0,15.0,11.0,3.607052990948301,12.985390767413882,2.6451721933620873
448159,Wout WEGHORST,43960,Netherlands,NED,Forward,9,1,58.400183333333345,53.0,2.0,2.0,3.0821821050219302,81.67782578308115,3.0821821050219302
336098,Memphis DEPAY,43960,Netherlands,NED,Forward,10,3,68.4315166666667,31.0,2.0,0.0,2.6303669532386507,40.77068777519908,0.0
448152,Cody GAKPO,43960,Netherlands,NED,Forward,11,4,394.13865000000004,127.0,7.0,15.0,1.598422281093214,28.999947099834028,3.4251906023426018
483481,Mats WIEFFER,43960,Netherlands,NED,Defender,12,0,0.0,0.0,0.0,0.0,,,
506028,Robin ROEFS,43960,Netherlands,NED,Goalkeeper,13,0,0.0,0.0,0.0,0.0,,,
483526,Tijjani REIJNDERS,43960,Netherlands,NED,Midfielder,14,3,211.23113333333333,34.0,5.0,7.0,2.130367777224759,14.486500885128361,2.9825148881146624
448140,Micky VAN DE VEN,43960,Netherlands,NED,Defender,15,3,291.4253,87.0,13.0,8.0,4.014750949900369,26.867948664717854,2.470615969169458
448157,Guus TIL,43960,Netherlands,NED,Midfielder,16,1,36.48650000000001,20.0,1.0,1.0,2.4666657530867577,49.33331506173515,2.4666657530867577
448153,Noa LANG,43960,Netherlands,NED,Forward,17,2,17.38063333333335,6.0,1.0,2.0,5.178177243253502,31.06906345952101,10.356354486507003
433066,Donyell Malen,43960,Netherlands,NED,Forward,18,3,197.08256666666665,47.0,7.0,8.0,3.1966297712447767,21.463085606929212,3.6532911671368873
424051,Brian BROBBEY,43960,Netherlands,NED,Forward,19,4,245.16461666666672,53.0,2.0,18.0,0.7342005646954083,19.45631496442832,6.607805082258674
448149,Teun KOOPMEINERS,43960,Netherlands,NED,Midfielder,20,4,145.34430000000003,44.0,9.0,8.0,5.57297396595532,27.24565050022601,4.953754636404729
422657,Frenkie DE JONG,43960,Netherlands,NED,Midfielder,21,4,360.22103333333337,85.0,22.0,7.0,5.49662517393256,21.23696089928489,1.7489261917058145
436612,Denzel DUMFRIES,43960,Netherlands,NED,Defender,22,4,432.60131666666666,74.0,8.0,24.0,1.6643499967772484,15.395237470189546,4.993049990331745
448151,Mark FLEKKEN,43960,Netherlands,NED,Goalkeeper,23,0,0.0,0.0,0.0,0.0,,,
489518,Crysencio SUMMERVILLE,43960,Netherlands,NED,Forward,24,4,282.13658333333336,75.0,13.0,17.0,4.146927655311154,23.924582626795114,5.422905395406893
483512,Jorrel HATO,43960,Netherlands,NED,Defender,25,1,43.01565000000002,23.0,4.0,1.0,8.369047079376921,48.12202070641729,2.0922617698442303
484859,Quinten TIMBER,43960,Netherlands,NED,Midfielder,26,2,68.99381666666667,27.0,7.0,5.0,9.131253066397978,35.22054754182077,6.522323618855698
358106,Thibaut COURTOIS,43935,Belgium,BEL,Goalkeeper,1,6,625.0774666666667,0.0,0.0,0.0,0.0,0.0,0.0
448369,Zeno DEBAST,43935,Belgium,BEL,Defender,2,0,0.0,0.0,0.0,0.0,,,
448346,Arthur THEATE,43935,Belgium,BEL,Defender,3,3,268.6363666666667,10.0,6.0,3.0,2.0101522615888068,3.350253769314678,1.0050761307944034
448360,Brandon MECHELE,43935,Belgium,BEL,Defender,4,6,651.5232166666667,48.0,15.0,16.0,2.0720673729892405,6.630615593565571,2.21020519785519
448373,Maxim DE CUYPER,43935,Belgium,BEL,Defender,5,6,492.7201166666667,77.0,19.0,18.0,3.4705301085907223,14.064779913762399,3.2878706291912105
290821,Axel WITSEL,43935,Belgium,BEL,Midfielder,6,2,42.67241666666668,21.0,3.0,1.0,6.3272723011937835,44.29090610835648,2.109090767064594
358120,Kevin DE BRUYNE,43935,Belgium,BEL,Midfielder,7,5,412.94620000000003,145.0,13.0,14.0,2.8332988655665066,31.602179654395655,3.0512449321485464
401444,Youri TIELEMANS,43935,Belgium,BEL,Midfielder,8,5,538.9087666666667,120.0,24.0,19.0,4.0080995775228,20.040497887614002,3.17307883220555
358112,Romelu LUKAKU,43935,Belgium,BEL,Forward,9,6,279.7895666666667,56.0,1.0,5.0,0.3216703219931836,18.013538031618285,1.608351609965918
448355,Leandro TROSSARD,43935,Belgium,BEL,Forward,10,6,561.80265,168.0,12.0,26.0,1.9223832425852745,26.91336539619384,4.165163692268095
448341,Jeremy DOKU,43935,Belgium,BEL,Forward,11,5,341.66400000000004,134.0,18.0,15.0,4.741500421466704,35.297836470918796,3.951250351222253
495348,Senne LAMMENS,43935,Belgium,BEL,Goalkeeper,12,1,26.445750000000004,0.0,0.0,0.0,0.0,0.0,0.0
499803,Mike PENDERS,43935,Belgium,BEL,Goalkeeper,13,0,0.0,0.0,0.0,0.0,,,
448377,Dodi LUKEBAKIO,43935,Belgium,BEL,Forward,14,3,194.88106666666664,67.0,3.0,6.0,1.385460397042162,30.94194886727495,2.770920794084324
358122,Thomas MEUNIER,43935,Belgium,BEL,Defender,15,3,226.56786666666665,48.0,9.0,17.0,3.5750877294161754,19.067134556886266,6.75294348889722
448366,Koni DE WINTER,43935,Belgium,BEL,Defender,16,0,0.0,0.0,0.0,0.0,,,
448362,Charles DE KETELAERE,43935,Belgium,BEL,Forward,17,5,385.95775000000003,146.0,18.0,19.0,4.197350616744967,34.04517722470918,4.430536762119687
506088,Joaquin SEYS,43935,Belgium,BEL,Defender,18,1,36.94448333333334,30.0,2.0,3.0,4.872175322522216,73.08262983783325,7.308262983783324
497902,Diego MOREIRA,43935,Belgium,BEL,Midfielder,19,1,76.73865,36.0,2.0,5.0,2.3456237502223454,42.221227504002215,5.864059375555864
448343,Hans VANAKEN,43935,Belgium,BEL,Midfielder,20,6,362.2669833333333,145.0,8.0,12.0,1.9874844607009226,36.02315585020422,2.981226691051383
411443,Timothy CASTAGNE,43935,Belgium,BEL,Defender,21,6,546.7098,127.0,24.0,24.0,3.95090777593524,20.906886980990645,3.95090777593524
433092,Alexis SAELEMAEKERS,43935,Belgium,BEL,Midfielder,22,4,107.07663333333335,25.0,1.0,4.0,0.8405195157735937,21.012987894339847,3.362078063094375
495349,Nicolas RASKIN,43935,Belgium,BEL,Midfielder,23,6,396.3012166666666,98.0,21.0,19.0,4.769099665898074,22.255798440857678,4.314899697717305
448364,Amadou ONANA,43935,Belgium,BEL,Midfielder,24,4,127.48909999999998,26.0,9.0,25.0,6.353484337092348,18.354510307155675,17.6485676030343
514166,Nathan NGOY,43935,Belgium,BEL,Defender,25,4,376.6632166666667,30.0,15.0,10.0,3.584103624311957,7.168207248623914,2.3894024162079712
494025,Matias FERNANDEZ-PARDO,43935,Belgium,BEL,Forward,26,3,57.804933333333345,25.0,4.0,2.0,6.227842144961098,38.924013406006864,3.113921072480549
447853,David RAYA,43969,Spain,ESP,Goalkeeper,1,0,0.0,0.0,0.0,0.0,,,
484728,Marc PUBILL,43969,Spain,ESP,Defender,2,1,3.7756166666666644,0.0,0.0,0.0,0.0,0.0,0.0
391297,Alex GRIMALDO,43969,Spain,ESP,Defender,3,0,0.0,0.0,0.0,0.0,,,
405562,Eric GARCIA,43969,Spain,ESP,Defender,4,1,29.499849999999995,1.0,1.0,1.0,3.0508629704896815,3.0508629704896815,3.0508629704896815
382739,Marcos LLORENTE,43969,Spain,ESP,Defender,5,3,217.34131666666667,43.0,12.0,12.0,4.969142621218131,17.806094392698306,4.969142621218131
430733,Mikel MERINO,43969,Spain,ESP,Midfielder,6,8,262.03216666666674,107.0,10.0,24.0,3.4346928144318154,36.75121311442042,8.243262754636357
405545,Ferran TORRES,43969,Spain,ESP,Forward,7,8,349.2808333333333,94.0,11.0,8.0,2.8343954363370454,24.22119736506202,2.061378499154215
430718,Fabian RUIZ,43969,Spain,ESP,Midfielder,8,8,366.81455000000005,82.0,10.0,9.0,2.4535558908445694,20.11915830492547,2.2082003017601126
447866,GAVI,43969,Spain,ESP,Midfielder,9,2,85.83313333333334,33.0,8.0,4.0,8.388369060277421,34.60202237364436,4.194184530138711
430750,Dani OLMO,43969,Spain,ESP,Forward,10,8,535.375,305.0,24.0,37.0,4.034555218304927,51.27247256595844,6.219939294886761
423658,Yeremy PINO,43969,Spain,ESP,Forward,11,2,83.8494,28.0,7.0,3.0,7.513470579395916,30.053882317583664,3.220058819741107
430144,Pedro PORRO,43969,Spain,ESP,Defender,12,6,640.0823333333334,81.0,20.0,36.0,2.8121382301339355,11.38915983204244,5.061848814241084
484691,Joan GARCIA,43969,Spain,ESP,Goalkeeper,13,0,0.0,0.0,0.0,0.0,,,
335999,Aymeric LAPORTE,43969,Spain,ESP,Defender,14,8,824.1481833333335,34.0,4.0,21.0,0.4368146496955816,3.7129245224124436,2.293276910901803
447860,Alex BAENA,43969,Spain,ESP,Midfielder,15,7,522.9011166666667,152.0,25.0,24.0,4.302916800681276,26.161734148142155,4.130800128654025
411375,RODRI,43969,Spain,ESP,Midfielder,16,8,819.4039833333334,112.0,39.0,43.0,4.283601338769832,12.30162435749285,4.722945065823148
447855,Nico WILLIAMS,43969,Spain,ESP,Forward,17,6,159.79630000000003,42.0,1.0,11.0,0.5632170457013084,23.655115919454953,6.195387502714392
430754,Martin ZUBIMENDI,43969,Spain,ESP,Midfielder,18,1,29.62663333333333,1.0,0.0,0.0,0.0,3.0378071982529233,0.0
484320,Lamine YAMAL,43969,Spain,ESP,Forward,19,8,697.6448833333333,147.0,27.0,22.0,3.483147455177351,18.963802811521138,2.838120148663027
423646,PEDRI,43969,Spain,ESP,Midfielder,20,8,565.1375666666667,257.0,38.0,51.0,6.051623890749432,40.92808789270011,8.12191627442687
430751,Mikel OYARZABAL,43969,Spain,ESP,Forward,21,8,664.9475333333335,272.0,16.0,58.0,2.1655843924728697,36.81493467203878,7.8502434227141515
474973,Pau CUBARSI,43969,Spain,ESP,Defender,22,8,857.4236500000001,33.0,13.0,14.0,1.3645529838137773,3.463865266604204,1.4695185979532988
430753,Unai SIMON,43969,Spain,ESP,Goalkeeper,23,8,857.4236500000001,0.0,0.0,0.0,0.0,0.0,0.0
430735,Marc CUCURELLA,43969,Spain,ESP,Defender,24,8,857.4236500000001,113.0,26.0,21.0,2.7291059676275546,11.861114397765911,2.2042778969299484
492859,Victor MUNOZ,43969,Spain,ESP,Forward,25,0,0.0,0.0,0.0,0.0,,,
447864,Borja IGLESIAS,43969,Spain,ESP,Forward,26,1,1.8988000000000085,4.0,0.0,0.0,0.0,189.59342742784833,0.0
448107,Gregor KOBEL,43971,Switzerland,SUI,Goalkeeper,1,6,0.0,0.0,0.0,0.0,,,
493221,Miro MUHEIM,43971,Switzerland,SUI,Defender,2,3,115.03763333333336,16.0,1.0,3.0,0.7823526735743576,12.517642777189721,2.347058020723073
356412,Silvan WIDMER,43971,Switzerland,SUI,Defender,3,5,210.77998333333335,59.0,13.0,11.0,5.550811711327111,25.192145459099965,4.6968406788152475
398509,Nico ELVEDI,43971,Switzerland,SUI,Defender,4,6,673.6380666666668,48.0,12.0,8.0,1.6032348132345249,6.4129392529380995,1.0688232088230167
405178,Manuel AKANJI,43971,Switzerland,SUI,Defender,5,6,673.6380666666668,44.0,21.0,15.0,2.805660923160419,5.878527648526592,2.004043516543156
401448,Denis ZAKARIA,43971,Switzerland,SUI,Midfielder,6,4,392.03280000000007,63.0,23.0,19.0,5.280170434718727,14.463075538577382,4.361879924332861
393480,Breel EMBOLO,43971,Switzerland,SUI,Forward,7,6,531.4961666666667,177.0,25.0,40.0,4.233332507572178,29.971994153611018,6.773332012115484
402021,Remo FREULER,43971,Switzerland,SUI,Midfielder,8,6,654.8822666666666,193.0,31.0,27.0,4.260307756081144,26.52385151366648,3.7105906262642225
502727,Johan MANZAMBI,43971,Switzerland,SUI,Midfielder,9,4,220.75888333333333,102.0,13.0,14.0,5.299899973825138,41.583830563858776,5.707584587196302
311558,Granit XHAKA,43971,Switzerland,SUI,Midfielder,10,6,673.6380666666668,116.0,18.0,28.0,2.4048522198517874,15.497936527933742,3.740881230880558
448114,Dan NDOYE,43971,Switzerland,SUI,Forward,11,6,437.41328333333337,141.0,20.0,32.0,4.115101366568009,29.011464634304467,6.584162186508815
402022,Yvon MVOGO,43971,Switzerland,SUI,Goalkeeper,12,1,86.58543333333333,0.0,0.0,0.0,0.0,0.0,0.0
313559,Ricardo RODRIGUEZ,43971,Switzerland,SUI,Defender,13,6,567.6545666666667,60.0,16.0,24.0,2.536754013018598,9.512827548819741,3.805131019527897
448120,Ardon JASHARI,43971,Switzerland,SUI,Midfielder,14,3,87.53646666666667,33.0,4.0,3.0,4.112571751049277,33.928716946156534,3.0844288132869577
411226,Djibril SOW,43971,Switzerland,SUI,Midfielder,15,4,276.7160166666667,54.0,5.0,8.0,1.6262159502753755,17.563132262974054,2.601945520440601
448124,Christian FASSNACHT,43971,Switzerland,SUI,Forward,16,1,12.245233333333331,8.0,2.0,0.0,14.699597394360255,58.79838957744102,0.0
448131,Ruben VARGAS,43971,Switzerland,SUI,Forward,17,6,314.0156833333333,94.0,19.0,14.0,5.445587882261295,26.94132952276641,4.012538439560955
448136,Eray COEMERT,43971,Switzerland,SUI,Defender,18,1,39.767083333333346,9.0,1.0,1.0,2.2631782986347577,20.36860468771282,2.2631782986347577
448127,Noah OKAFOR,43971,Switzerland,SUI,Forward,19,1,25.792116666666672,11.0,3.0,1.0,10.468314930854193,38.38382141313204,3.4894383102847306
433147,Michel AEBISCHER,43971,Switzerland,SUI,Midfielder,20,4,176.92998333333333,52.0,6.0,8.0,3.0520547723256626,26.451141360155745,4.069406363100883
484862,Marvin KELLER,43971,Switzerland,SUI,Goalkeeper,21,0,0.0,0.0,0.0,0.0,,,
448103,Fabian RIEDER,43971,Switzerland,SUI,Midfielder,22,5,332.84105000000005,210.0,30.0,19.0,8.11198017792577,56.783861245480374,5.137587446019653
448112,Zeki AMDOUNI,43971,Switzerland,SUI,Forward,23,4,101.61866666666667,49.0,8.0,3.0,7.085312409793476,43.39753850998504,2.6569921536725536
484864,Aurele AMENDA,43971,Switzerland,SUI,Defender,24,0,0.0,0.0,0.0,0.0,,,
510908,Luca JAQUEZ,43971,Switzerland,SUI,Defender,25,2,89.55758333333334,15.0,4.0,3.0,4.019760098484122,15.074100369315458,3.0148200738630915
448104,Cedric ITTEN,43971,Switzerland,SUI,Forward,26,3,62.44369999999999,27.0,6.0,4.0,8.647789929168196,38.91505468125688,5.765193286112131
371739,Alexander SCHLAGER,43934,Austria,AUT,Goalkeeper,1,4,412.32820000000004,0.0,0.0,0.0,0.0,0.0,0.0
520035,David AFFENGRUBER,43934,Austria,AUT,Defender,2,0,0.0,0.0,0.0,0.0,,,
405263,Kevin Danso,43934,Austria,AUT,Defender,3,4,284.35603333333336,23.0,8.0,2.0,2.532037008534254,7.2796063995359805,0.6330092521335635
385531,Xaver Schlager,43934,Austria,AUT,Midfielder,4,4,265.09478333333334,76.0,24.0,3.0,8.148029066584801,25.8020920441852,1.0185036333231001
441067,Stefan POSCH,43934,Austria,AUT,Defender,5,4,370.8797333333333,103.0,29.0,10.0,7.037321712195652,24.994625391591455,2.426662659377811
441088,Nicolas SEIWALD,43934,Austria,AUT,Midfielder,6,4,361.2923166666667,64.0,19.0,16.0,4.733009591171765,15.942769149210156,3.985692287302539
299200,Marko ARNAUTOVIC,43934,Austria,AUT,Forward,7,4,173.85736666666665,35.0,1.0,5.0,0.5176657263684158,18.118300422894553,2.5883286318420793
316002,David ALABA,43934,Austria,AUT,Defender,8,4,302.36645,28.0,9.0,5.0,2.678868637707656,8.334257983979374,1.488260354282031
358241,Marcel SABITZER,43934,Austria,AUT,Midfielder,9,4,412.32820000000004,137.0,10.0,26.0,2.1827272546481176,29.90336338867921,5.675090862085105
385248,Florian GRILLITSCH,43934,Austria,AUT,Midfielder,10,2,102.73196666666666,49.0,11.0,0.0,9.636727808514001,42.92724205610782,0.0
401131,Michael Gregoritsch,43934,Austria,AUT,Forward,11,3,207.01103333333333,110.0,3.0,9.0,1.3042783065830148,47.823537908043875,3.9128349197490437
520034,Florian WIEGELE,43934,Austria,AUT,Goalkeeper,12,0,0.0,0.0,0.0,0.0,,,
441065,Patrick PENTZ,43934,Austria,AUT,Goalkeeper,13,0,0.0,0.0,0.0,0.0,,,
430100,Sasa KALAJDZIC,43934,Austria,AUT,Forward,14,3,88.35838333333332,40.0,2.0,8.0,2.0371581417571587,40.743162835143174,8.148632567028635
372243,Philipp Lienhart,43934,Austria,AUT,Defender,15,2,207.58294999999998,11.0,4.0,1.0,1.7342464783355283,4.769177815422703,0.43356161958388206
463288,Phillip MWENE,43934,Austria,AUT,Defender,16,2,160.33888333333334,32.0,8.0,3.0,4.4904890506388915,17.961956202555566,1.6839333939895842
463800,Carney CHUKWUEMEKA,43934,Austria,AUT,Midfielder,17,3,108.19913333333332,51.0,4.0,7.0,3.327198554270614,42.42178156695032,5.822597469973574
463283,Romano SCHMID,43934,Austria,AUT,Midfielder,18,4,283.87044999999995,142.0,18.0,14.0,5.706828590295327,45.02053665677425,4.4386444591185885
441068,Dejan LJUBICIC,43934,Austria,AUT,Midfielder,19,0,0.0,0.0,0.0,0.0,,,
385259,Konrad LAIMER,43934,Austria,AUT,Midfielder,20,4,412.32820000000004,149.0,32.0,19.0,6.984727214873976,32.52263609425695,4.147181783831423
463286,Patrick WIMMER,43934,Austria,AUT,Forward,21,2,39.894116666666676,15.0,6.0,4.0,13.53583047124325,33.839576178108125,9.023886980828834
463282,Alexander PRASS,43934,Austria,AUT,Midfielder,22,2,41.44846666666666,5.0,0.0,0.0,0.0,10.85685517920245,0.0
463287,Marco FRIEDL,43934,Austria,AUT,Defender,23,1,30.350966666666665,4.0,1.0,0.0,2.965309177412252,11.861236709649008,0.0
520036,Paul WANNER,43934,Austria,AUT,Midfielder,24,4,270.9925666666667,146.0,20.0,18.0,6.642248612723326,48.48841487288028,5.978023751450993
491269,Michael SVOBODA,43934,Austria,AUT,Defender,25,0,0.0,0.0,0.0,0.0,,,
375600,Alessandro SCHOEPF,43934,Austria,AUT,Midfielder,26,0,0.0,0.0,0.0,0.0,,,
411301,Angus Gunn,43967,Scotland,SCO,Goalkeeper,1,3,306.7999,0.0,0.0,0.0,0.0,0.0,0.0
442428,Aaron HICKEY,43967,Scotland,SCO,Defender,2,1,79.13776666666668,16.0,5.0,1.0,5.686286320100853,18.19611622432273,1.1372572640201706
401339,Andy ROBERTSON,43967,Scotland,SCO,Defender,3,3,255.4343166666667,47.0,5.0,13.0,1.7617053412100265,16.56003020737425,4.580433887146069
433787,Scott McTominay,43967,Scotland,SCO,Midfielder,4,3,306.7999,103.0,6.0,11.0,1.7601048761749922,30.215133707670702,3.2268589396541523
359634,Grant Hanley,43967,Scotland,SCO,Defender,5,2,203.89001666666667,11.0,2.0,2.0,0.8828289042433907,4.855558973338648,0.8828289042433907
401712,Kieran Tierney,43967,Scotland,SCO,Defender,6,2,115.54021666666668,31.0,6.0,12.0,4.673697311455621,24.147436109187375,9.347394622911242
401334,John McGinn,43967,Scotland,SCO,Midfielder,7,3,277.69688333333335,89.0,3.0,5.0,0.9722831482984473,28.844400066187273,1.6204719138307457
523007,Tyler FLETCHER,43967,Scotland,SCO,Midfielder,8,0,0.0,0.0,0.0,0.0,,,
430098,Lyndon DYKES,43967,Scotland,SCO,Forward,9,2,49.21558333333334,22.0,3.0,3.0,5.4860672517342906,40.23115984605146,5.4860672517342906
433191,Che Adams,43967,Scotland,SCO,Forward,10,3,160.21568333333335,73.0,4.0,6.0,2.2469710362312636,41.007221411220556,3.3704565543468954
430097,Ryan Christie,43967,Scotland,SCO,Midfielder,11,3,114.56993333333335,52.0,8.0,3.0,6.284371292293672,40.84841339990887,2.356639234610127
442429,Liam KELLY,43967,Scotland,SCO,Goalkeeper,12,0,0.0,0.0,0.0,0.0,,,
430147,Jack Hendry,43967,Scotland,SCO,Defender,13,3,306.7999,15.0,4.0,2.0,1.1734032507833283,4.400262190437481,0.5867016253916641
442433,Ross STEWART,43967,Scotland,SCO,Forward,14,1,7.737799999999993,5.0,0.0,0.0,0.0,58.15606503140433,0.0
442430,John SOUTTAR,43967,Scotland,SCO,Defender,15,0,0.0,0.0,0.0,0.0,,,
484073,Dominic HYAM,43967,Scotland,SCO,Defender,16,0,0.0,0.0,0.0,0.0,,,
485131,Ben GANNON-DOAK,43967,Scotland,SCO,Forward,17,3,204.07465000000002,71.0,6.0,13.0,2.6460905359876885,31.31207134252098,5.733196161306659
495431,George HIRST,43967,Scotland,SCO,Forward,18,0,0.0,0.0,0.0,0.0,,,
442434,Lewis FERGUSON,43967,Scotland,SCO,Midfielder,19,3,306.7999,87.0,28.0,15.0,8.213822755483298,25.52152070453739,4.400262190437481
484045,Lawrence SHANKLAND,43967,Scotland,SCO,Forward,20,2,183.83883333333335,61.0,9.0,4.0,4.406033183050733,29.863113796232746,1.9582369702447704
215553,Craig GORDON,43967,Scotland,SCO,Goalkeeper,21,0,0.0,0.0,0.0,0.0,,,
433694,Nathan PATTERSON,43967,Scotland,SCO,Defender,22,3,204.07143333333335,37.0,9.0,7.0,3.9691983673037363,16.317815510026474,3.0871542856806835
484051,Kenny McLEAN,43967,Scotland,SCO,Midfielder,23,3,144.31038333333333,31.0,6.0,4.0,3.741934485425685,19.33332817469937,2.4946229902837898
337389,Anthony RALSTON,43967,Scotland,SCO,Defender,24,2,23.5907,9.0,2.0,2.0,7.630125430784166,34.33556443852875,7.630125430784166
520217,Findlay CURTIS,43967,Scotland,SCO,Forward,25,2,21.36521666666667,12.0,0.0,1.0,0.0,50.54945226392118,4.2124543553267655
442431,Scott MCKENNA,43967,Scotland,SCO,Defender,26,1,102.90988333333334,3.0,3.0,3.0,2.623654708901461,2.623654708901461,2.623654708901461
267702,Luis MEJIA,43914,Panama,PAN,Goalkeeper,1,0,0.0,0.0,0.0,0.0,,,
441242,Cesar BLACKMAN,43914,Panama,PAN,Defender,2,2,187.2241,41.0,12.0,7.0,5.768488138012148,19.70900113820817,3.3649514138404193
418715,Jose CORDOBA,43914,Panama,PAN,Defender,3,3,303.7823333333333,21.0,12.0,7.0,3.555177116948868,6.22155995466052,2.073853318220173
385030,Fidel ESCOBAR,43914,Panama,PAN,Defender,4,1,98.92756666666666,16.0,5.0,2.0,4.54878266152306,14.556104516873793,1.8195130646092241
480313,Edgardo FARINA,43914,Panama,PAN,Defender,5,0,0.0,0.0,0.0,0.0,,,
395581,Cristian MARTINEZ,43914,Panama,PAN,Midfielder,6,3,264.78991666666667,105.0,17.0,11.0,5.778165646413399,35.68867016902393,3.7388130653263167
411176,Jose Luis RODRIGUEZ,43914,Panama,PAN,Midfielder,7,3,251.01396666666665,88.0,12.0,20.0,4.302549433172311,31.552029176596946,7.170915721953852
385833,Adalberto CARRASQUILLA,43914,Panama,PAN,Midfielder,8,0,0.0,0.0,0.0,0.0,,,
418747,Tomas RODRIGUEZ,43914,Panama,PAN,Forward,9,2,53.651516666666666,26.0,3.0,3.0,5.032476559376544,43.61479684793005,5.032476559376544
372342,Ismael DIAZ,43914,Panama,PAN,Midfielder,10,2,52.84253333333332,20.0,1.0,3.0,1.7031734537077459,34.06346907415492,5.109520361123238
400416,Edgar Yoel BARCENAS,43914,Panama,PAN,Midfielder,11,3,272.8433666666666,74.0,6.0,9.0,1.9791575166264506,24.409609371726226,2.968736274939676
441402,Cesar SAMUDIO,43914,Panama,PAN,Goalkeeper,12,0,0.0,0.0,0.0,0.0,,,
480310,Jiovany RAMOS,43914,Panama,PAN,Defender,13,2,186.41256666666666,29.0,18.0,3.0,8.690401237255644,14.001201993356313,1.4484002062092738
418729,Carlos HARVEY,43914,Panama,PAN,Defender,14,3,295.1525833333333,53.0,19.0,28.0,5.7936135292734185,16.161132476394272,8.53795677998188
337232,Eric DAVIS,43914,Panama,PAN,Defender,15,2,14.517416666666676,1.0,1.0,1.0,6.199450085816458,6.199450085816458,6.199450085816458
441240,Andres ANDRADE,43914,Panama,PAN,Defender,16,3,303.7823333333333,38.0,19.0,10.0,5.6290304351690414,11.258060870338083,2.9626475974573903
411174,Jose FAJARDO,43914,Panama,PAN,Forward,17,3,176.14315,99.0,19.0,18.0,9.708013056425981,50.58385750453537,9.197065000824614
337251,Cecilio Waterman,43914,Panama,PAN,Forward,18,2,85.93978333333332,19.0,2.0,7.0,2.094489804586041,19.897653143567386,7.330714316051143
271116,Alberto QUINTERO,43914,Panama,PAN,Midfielder,19,1,8.629749999999987,1.0,0.0,0.0,0.0,10.429039079927012,0.0
269514,Anibal GODOY,43914,Panama,PAN,Midfielder,20,1,11.765833333333333,2.0,1.0,0.0,7.649266945251081,15.298533890502162,0.0
441243,Cesar YANIS,43914,Panama,PAN,Midfielder,21,0,0.0,0.0,0.0,0.0,,,
441241,Orlando MOSQUERA,43914,Panama,PAN,Goalkeeper,22,3,303.7823333333333,0.0,0.0,0.0,0.0,0.0,0.0
385031,Amir MURILLO,43914,Panama,PAN,Defender,23,3,303.7823333333333,68.0,15.0,11.0,4.443971396186085,20.14600366271025,3.258912357203129
466669,Azarias LONDONO,43914,Panama,PAN,Forward,24,3,76.34729999999999,24.0,3.0,1.0,3.5364708378685306,28.291766702948244,1.1788236126228433
344582,Roderick MILLER,43914,Panama,PAN,Defender,25,0,0.0,0.0,0.0,0.0,,,
441239,Jorge GUTIERREZ,43914,Panama,PAN,Defender,26,1,90.27498333333332,28.0,10.0,6.0,9.969539364818493,27.914710221491784,5.981723618891096
390650,Eloy ROOM,1895293,Curaçao,CUW,Goalkeeper,1,3,300.2891666666667,0.0,0.0,0.0,0.0,0.0,0.0
485379,Shurandy SAMBO,1895293,Curaçao,CUW,Defender,2,1,6.732850000000013,0.0,0.0,0.0,0.0,0.0,0.0
431698,Jurien GAARI,1895293,Curaçao,CUW,Defender,3,2,180.07026666666667,30.0,14.0,8.0,6.997268473714335,14.994146729387863,3.998439127836763
466361,Roshon VAN EIJMA,1895293,Curaçao,CUW,Defender,4,1,20.15273333333333,5.0,3.0,1.0,13.397686335352361,22.32947722558727,4.465895445117454
466350,Sherel FLORANUS,1895293,Curaçao,CUW,Defender,5,3,300.2891666666667,95.0,25.0,16.0,7.492777794736739,28.47255561999961,4.795377788631513
466359,Godfried ROEMERATOE,1895293,Curaçao,CUW,Midfielder,6,1,12.10981666666666,4.0,0.0,0.0,0.0,29.72794798710139,0.0
466317,Juninho BACUNA,1895293,Curaçao,CUW,Midfielder,7,3,280.02955,148.0,21.0,16.0,6.749287709100701,47.566408616519226,5.142314445029106
494989,Livano COMENENCIA,1895293,Curaçao,CUW,Midfielder,8,3,253.00663333333333,102.0,19.0,13.0,6.758716075823572,36.283633670210754,4.624384683458233
407680,Juergen LOCADIA,1895293,Curaçao,CUW,Forward,9,3,250.2231333333333,76.0,4.0,7.0,1.438715898103746,27.335602063971173,2.5177528216815555
466340,Leandro BACUNA,1895293,Curaçao,CUW,Midfielder,10,3,300.2891666666667,110.0,17.0,18.0,5.095088900420983,32.96822229684165,5.394800012210452
424047,Jeremy Antonisse,1895293,Curaçao,CUW,Forward,11,2,85.3363,39.0,3.0,1.0,3.1639525032137557,41.13138254177882,1.054650834404585
424056,Sontje HANSEN,1895293,Curaçao,CUW,Forward,12,1,50.18769999999999,31.0,1.0,2.0,1.7932680716589926,55.59131022142876,3.586536143317985
506473,Tyrese NOSLIN,1895293,Curaçao,CUW,Forward,13,1,19.68358333333333,7.0,2.0,0.0,9.144676401231145,32.00636740430901,0.0
466352,Kenji GORRE,1895293,Curaçao,CUW,Forward,14,1,20.25961666666666,8.0,1.0,0.0,4.442334792448362,35.538678339586895,0.0
485324,Arjany MARTHA,1895293,Curaçao,CUW,Midfielder,15,0,0.0,0.0,0.0,0.0,,,
466363,Jearl MARGARITHA,1895293,Curaçao,CUW,Forward,16,2,50.77969999999999,23.0,1.0,3.0,1.7723617902429516,40.764321175587895,5.317085370728855
466346,Brandley KUWAS,1895293,Curaçao,CUW,Forward,17,1,6.7135000000000105,2.0,0.0,0.0,0.0,26.811648171594506,0.0
511141,Armando OBISPO,1895293,Curaçao,CUW,Defender,18,3,300.2891666666667,24.0,9.0,4.0,2.697400006105226,7.193066682947269,1.1988444471578783
466372,Gervane KASTANEER,1895293,Curaçao,CUW,Forward,19,3,45.19951666666667,17.0,3.0,0.0,5.973515203518032,33.849919486602175,0.0
401023,Joshua BRENET,1895293,Curaçao,CUW,Defender,20,2,193.20503333333335,65.0,6.0,17.0,2.7949582403909075,30.278714270901496,7.919048347774238
485347,Tahith CHONG,1895293,Curaçao,CUW,Midfielder,21,3,267.53009999999995,113.0,9.0,5.0,3.027696696558631,38.01441407901392,1.6820537203103505
466365,Kevin FELIDA,1895293,Curaçao,CUW,Midfielder,22,0,0.0,0.0,0.0,0.0,,,
398569,Riechedly Bazoer,1895293,Curaçao,CUW,Defender,23,1,100.35128333333333,11.0,3.0,1.0,2.6905485513638174,9.865344688333998,0.8968495171212725
506471,Deveron FONVILLE,1895293,Curaçao,CUW,Defender,24,3,260.45285,73.0,19.0,9.0,6.5654877648679975,25.2252950965981,3.109967888621683
466370,Tyrick BODAK,1895293,Curaçao,CUW,Goalkeeper,25,0,0.0,0.0,0.0,0.0,,,
466382,Trevor DOORNBUSCH,1895293,Curaçao,CUW,Goalkeeper,26,0,0.0,0.0,0.0,0.0,,,
295922,Johny Placide,43908,Haiti,HAI,Goalkeeper,1,3,306.90215,0.0,0.0,0.0,0.0,0.0,0.0
397775,Carlens ARCUS,43908,Haiti,HAI,Defender,2,3,171.92673333333335,34.0,11.0,12.0,5.758266796592811,17.79827918946869,6.281745596283067
506481,Keeto THERMONCY,43908,Haiti,HAI,Defender,3,0,0.0,0.0,0.0,0.0,,,
275917,Ricardo Ade,43908,Haiti,HAI,Defender,4,3,306.90215,24.0,5.0,3.0,1.4662653878443015,7.038073861652647,0.8797592327065809
448363,Hannes DELCROIX,43908,Haiti,HAI,Defender,5,3,306.90215,21.0,9.0,9.0,2.6392776981197428,6.158314628946066,2.6392776981197428
424556,Carl SAINTE,43908,Haiti,HAI,Midfielder,6,0,0.0,0.0,0.0,0.0,,,
466865,Derrick ETIENNE,43908,Haiti,HAI,Forward,7,1,14.396183333333326,2.0,0.0,0.0,0.0,12.503313957055754,0.0
489300,Martin EXPERIENCE,43908,Haiti,HAI,Defender,8,3,306.90215,91.0,26.0,26.0,7.624580016790368,26.686030058766285,7.624580016790368
394993,Duckens NAZON,43908,Haiti,HAI,Forward,9,1,31.777383333333333,6.0,0.0,1.0,0.0,16.99321792280988,2.8322029871349805
430697,Jean-Ricner Bellegarde,43908,Haiti,HAI,Midfielder,10,3,292.5059666666667,89.0,17.0,13.0,5.2306625312144615,27.384056781063947,3.9999184062228244
481027,Louicius DEEDSON,43908,Haiti,HAI,Forward,11,3,129.93523333333334,30.0,4.0,3.0,2.7706111018899926,20.779583264174946,2.0779583264174946
466835,Alexandre PIERRE,43908,Haiti,HAI,Goalkeeper,12,0,0.0,0.0,0.0,0.0,,,
466844,Markhus LACROIX,43908,Haiti,HAI,Defender,13,0,0.0,0.0,0.0,0.0,,,
466862,Garven METUSALA,43908,Haiti,HAI,Defender,14,0,0.0,0.0,0.0,0.0,,,
485664,Ruben PROVIDENCE,43908,Haiti,HAI,Forward,15,3,237.10235,100.0,9.0,7.0,3.416246190727338,37.95829100808153,2.657080370565707
485676,Lenny JOSEPH,43908,Haiti,HAI,Forward,16,3,134.9916166666667,43.0,5.0,4.0,3.3335403420730936,28.668446941828606,2.666832273658475
466838,Danley JEAN JACQUES,43908,Haiti,HAI,Midfielder,17,3,288.64438333333334,78.0,25.0,11.0,7.795059006575738,24.320584100516303,3.429825962893325
405879,Wilson Isidor,43908,Haiti,HAI,Forward,18,3,201.41621666666666,88.0,1.0,7.0,0.44683591763092895,39.321560751521744,3.127851423416503
506483,Yassin FORTUNE,43908,Haiti,HAI,Forward,19,1,13.347133333333346,0.0,0.0,0.0,0.0,0.0,0.0
431693,Frantzdy Pierrot,43908,Haiti,HAI,Forward,20,3,168.96856666666667,41.0,3.0,3.0,1.597930344835341,21.838381379416326,1.597930344835341
510757,Josue CASIMIR,43908,Haiti,HAI,Forward,21,3,208.59924999999998,81.0,13.0,9.0,5.608840875506504,34.94739314738668,3.883043683042964
431781,Jean-Kevin DUVERNE,43908,Haiti,HAI,Defender,22,2,186.09703333333334,56.0,9.0,3.0,4.352568042012491,27.082645594744392,1.4508560140041638
466853,Josue DUVERGER,43908,Haiti,HAI,Goalkeeper,23,0,0.0,0.0,0.0,0.0,,,
498439,Wilguens PAUGAIN,43908,Haiti,HAI,Defender,24,0,0.0,0.0,0.0,0.0,,,
523215,Dominique SIMON,43908,Haiti,HAI,Midfielder,25,2,68.607,26.0,6.0,2.0,7.870916961826053,34.10730683457956,2.623638987275351
485409,Woodensky PIERRE,43908,Haiti,HAI,Midfielder,26,0,0.0,0.0,0.0,0.0,,,
482978,Nikola VASILJ,44037,Bosnia and Herzegovina,BIH,Goalkeeper,1,4,411.9070333333333,0.0,0.0,0.0,0.0,0.0,0.0
482969,Nihad MUJAKIC,44037,Bosnia and Herzegovina,BIH,Defender,2,0,0.0,0.0,0.0,0.0,,,
430194,Dennis HADZIKADUNIC,44037,Bosnia and Herzegovina,BIH,Defender,3,1,33.01181666666666,4.0,2.0,1.0,5.452592985643021,10.905185971286041,2.7262964928215103
484022,Tarik MUHAREMOVIC,44037,Bosnia and Herzegovina,BIH,Defender,4,3,292.6953,25.0,11.0,10.0,3.3823570108573664,7.687175024675832,3.074870009870333
376230,Sead KOLASINAC,44037,Bosnia and Herzegovina,BIH,Defender,5,4,373.84076666666664,49.0,17.0,10.0,4.092651568319239,11.796466285155454,2.4074420990113174
483966,Benjamin TAHIROVIC,44037,Bosnia and Herzegovina,BIH,Midfielder,6,4,266.59274999999997,84.0,10.0,11.0,3.37593576719547,28.357860444441947,3.713529343915017
482976,Amar DEDIC,44037,Bosnia and Herzegovina,BIH,Defender,7,3,310.4133,95.0,11.0,14.0,3.1892963349186387,27.543922892479156,4.059104426260086
489523,Armin GIGOVIC,44037,Bosnia and Herzegovina,BIH,Midfielder,8,2,95.52770000000001,33.0,4.0,4.0,3.7685404338218125,31.090458579029953,3.7685404338218125
485063,Samed BAZDAR,44037,Bosnia and Herzegovina,BIH,Forward,9,1,35.03526666666666,6.0,2.0,2.0,5.137680318307839,15.41304095492352,5.137680318307839
436743,Ermedin DEMIROVIC,44037,Bosnia and Herzegovina,BIH,Forward,10,4,399.8389833333333,131.0,15.0,19.0,3.376359125229535,29.486869693671274,4.276721558624078
300409,Edin DZEKO,44037,Bosnia and Herzegovina,BIH,Forward,11,3,196.05156666666664,69.0,1.0,4.0,0.4590628962074094,31.675339838311253,1.8362515848296377
522842,Mladen JURKAS,44037,Bosnia and Herzegovina,BIH,Goalkeeper,12,0,0.0,0.0,0.0,0.0,,,
482974,Ivan BASIC,44037,Bosnia and Herzegovina,BIH,Midfielder,13,3,200.80776666666662,39.0,8.0,5.0,3.585518687607203,17.479403602085114,2.240949179754502
372436,Ivan SUNJIC,44037,Bosnia and Herzegovina,BIH,Midfielder,14,4,221.36881666666665,78.0,21.0,20.0,8.537787880241188,31.711783555181555,8.131226552610656
494640,Amar MEMIC,44037,Bosnia and Herzegovina,BIH,Midfielder,15,4,254.35191666666665,54.0,10.0,13.0,3.538404631640611,19.1073850108593,4.599926021132794
430196,Amir HADZIAHMETOVIC,44037,Bosnia and Herzegovina,BIH,Midfielder,16,1,12.337916666666672,4.0,0.0,0.0,0.0,29.178345884975165,0.0
389886,Dzenis BURNIC,44037,Bosnia and Herzegovina,BIH,Midfielder,17,2,27.648616666666655,6.0,0.0,0.0,0.0,19.530814380707422,0.0
489520,Nikola KATIC,44037,Bosnia and Herzegovina,BIH,Defender,18,4,353.46441666666664,43.0,18.0,14.0,4.5832053344360695,10.94876829893061,3.5647152601169423
504990,Kerim ALAJBEGOVIC,44037,Bosnia and Herzegovina,BIH,Forward,19,4,312.5353166666667,98.0,8.0,9.0,2.3037396467033937,28.220810672116574,2.591707102541318
464566,Esmir BAJRAKTAREVIC,44037,Bosnia and Herzegovina,BIH,Forward,20,4,262.90709999999996,85.0,8.0,16.0,2.7386099500546015,29.09773071933014,5.477219900109203
489521,Stjepan RADELJIC,44037,Bosnia and Herzegovina,BIH,Defender,21,2,211.59571666666665,9.0,4.0,1.0,1.701357691314325,3.828054805457231,0.4253394228285812
491228,Martin ZLOMISLIC,44037,Bosnia and Herzegovina,BIH,Goalkeeper,22,0,0.0,0.0,0.0,0.0,,,
482984,Haris TABAKOVIC,44037,Bosnia and Herzegovina,BIH,Forward,23,1,25.40421666666667,0.0,0.0,0.0,0.0,0.0,0.0
494639,Arjan MALIC,44037,Bosnia and Herzegovina,BIH,Defender,24,1,50.451333333333324,11.0,2.0,9.0,3.5677947064497806,19.622870885473795,16.055076179024013
519954,Jovo LUKIC,44037,Bosnia and Herzegovina,BIH,Forward,25,2,77.36348333333333,34.0,2.0,5.0,2.3266791029100937,39.55354474947159,5.816697757275235
522846,Ermin MAHMIC,44037,Bosnia and Herzegovina,BIH,Midfielder,26,3,88.10826666666665,41.0,3.0,1.0,3.0644116632264558,41.88029273076155,1.0214705544088185
441313,Lionel MPASI,20014,Congo DR,COD,Goalkeeper,1,4,409.64515,0.0,0.0,0.0,0.0,0.0,0.0
426357,Aaron WAN-BISSAKA,20014,Congo DR,COD,Defender,2,4,399.45593333333335,104.0,14.0,12.0,3.1542903606054833,23.431871250212165,2.703677451947557
504329,Steve KAPUADI,20014,Congo DR,COD,Defender,3,2,201.61121666666668,18.0,6.0,6.0,2.6784224058962325,8.035267217688698,2.6784224058962325
403063,Axel Tuanzebe,20014,Congo DR,COD,Defender,4,4,409.64515,20.0,10.0,6.0,2.1970234482209783,4.394046896441957,1.3182140689325872
477829,Dylan BATUBINSIKA,20014,Congo DR,COD,Defender,5,0,0.0,0.0,0.0,0.0,,,
494458,Ngalayel MUKAU,20014,Congo DR,COD,Midfielder,6,4,220.64888333333334,125.0,9.0,10.0,3.670990705973057,50.985982027403566,4.078878562192285
424119,Nathanael MBUKU,20014,Congo DR,COD,Midfielder,7,3,163.2437,67.0,8.0,6.0,4.410583685618496,36.93863836705491,3.3079377642138716
433076,Samuel Moutoussamy,20014,Congo DR,COD,Midfielder,8,4,360.19883333333337,114.0,31.0,39.0,7.745721923030474,28.48426771695077,9.74461790316737
510989,Brian CIPENGA,20014,Congo DR,COD,Forward,9,2,160.4582,72.0,14.0,10.0,7.8525123677069795,40.384349319635895,5.608937405504984
441317,Theo BONGONDA,20014,Congo DR,COD,Midfielder,10,2,47.57573333333333,19.0,2.0,1.0,3.7834414183140983,35.94269347398394,1.8917207091570492
336439,Gael KAKUTA,20014,Congo DR,COD,Forward,11,0,0.0,0.0,0.0,0.0,,,
477833,Joris KAYEMBE,20014,Congo DR,COD,Defender,12,4,69.50641666666668,20.0,5.0,4.0,6.474222403926734,25.896889615706936,5.179377923141388
426506,Meschack ELIA,20014,Congo DR,COD,Forward,13,2,59.66921666666667,25.0,3.0,1.0,4.524946280228805,37.70788566857338,1.5083154267429353
486147,Noah SADIKI,20014,Congo DR,COD,Midfielder,14,4,297.14445,135.0,17.0,12.0,5.149010859869669,40.88920388720032,3.6345959010844724
477864,Aaron TSHIBOLA,20014,Congo DR,COD,Midfielder,15,0,0.0,0.0,0.0,0.0,,,
486196,Timothy FAYULU,20014,Congo DR,COD,Goalkeeper,16,0,0.0,0.0,0.0,0.0,,,
336425,Cedric BAKAMBU,20014,Congo DR,COD,Forward,17,3,210.44096666666667,80.0,4.0,7.0,1.7106935294126033,34.213870588252064,2.993713676472056
448128,Charles PICKEL,20014,Congo DR,COD,Midfielder,18,2,45.394116666666676,25.0,3.0,3.0,5.9479073462897345,49.565894552414456,5.9479073462897345
477859,Fiston MAYELE,20014,Congo DR,COD,Forward,19,2,55.55924999999999,23.0,0.0,3.0,0.0,37.25752237476208,4.859676831490707
441316,Yoane WISSA,20014,Congo DR,COD,Forward,20,4,409.64515,118.0,5.0,11.0,1.0985117241104891,25.924876689007547,2.416725793043076
514171,Matthieu EPOLO,20014,Congo DR,COD,Goalkeeper,21,0,0.0,0.0,0.0,0.0,,,
356532,Chancel MBEMBA,20014,Congo DR,COD,Defender,22,4,409.64515,23.0,12.0,9.0,2.6364281378651744,5.053153930908251,1.9773211033988807
477835,Simon BANZA,20014,Congo DR,COD,Forward,23,2,49.05830000000001,25.0,3.0,3.0,5.5036558543610345,45.86379878634196,5.5036558543610345
477853,Gedeon KALULU,20014,Congo DR,COD,Defender,24,1,10.189216666666681,3.0,3.0,0.0,26.498602280515474,26.498602280515474,0.0
433161,Edo Kayembe,20014,Congo DR,COD,Midfielder,25,3,177.22288333333336,116.0,20.0,20.0,10.156701923274957,58.90887115499474,10.156701923274957
436572,Arthur MASUAKU,20014,Congo DR,COD,Defender,26,4,340.13873333333333,102.0,10.0,9.0,2.645979160268134,26.988987434734963,2.3813812442413207
484012,Matej KOVAR,43995,Czechia,CZE,Goalkeeper,1,3,14.2119,0.0,0.0,0.0,0.0,0.0,0.0
433755,David Zima,43995,Czechia,CZE,Defender,2,1,19.474083333333326,4.0,1.0,0.0,4.621526901137839,18.486107604551357,0.0
441167,Tomas HOLES,43995,Czechia,CZE,Defender,3,2,169.3678,37.0,7.0,8.0,3.7197153177876787,19.66135239402059,4.251103220328776
486080,Robin HRANAC,43995,Czechia,CZE,Defender,4,3,301.0626833333333,37.0,15.0,15.0,4.484116015485369,11.06081950486391,4.484116015485369
472908,Vladimir COUFAL,43995,Czechia,CZE,Defender,5,3,301.0626833333333,49.0,10.0,5.0,2.989410676990246,14.648112317252204,1.494705338495123
514334,Stepan CHALOUPEK,43995,Czechia,CZE,Defender,6,1,99.60738333333333,22.0,15.0,1.0,13.553212169847516,19.878044515776356,0.9035474779898345
441170,Ladislav KREJCI,43995,Czechia,CZE,Defender,7,3,301.0626833333333,30.0,10.0,2.0,2.989410676990246,8.968232030970738,0.5978821353980491
358003,Vladimir DARIDA,43995,Czechia,CZE,Midfielder,8,1,58.453383333333335,34.0,1.0,10.0,1.5396884639982344,52.349407775939966,15.396884639982344
433754,Adam HLOZEK,43995,Czechia,CZE,Forward,9,3,172.08943333333337,92.0,7.0,6.0,3.6608871782365866,48.11451719968085,3.13790329563136
401481,Patrik Schick,43995,Czechia,CZE,Forward,10,3,199.70201666666668,74.0,4.0,7.0,1.8026858516952047,33.34968825636129,3.1547002404666085
441171,Jan KUCHTA,43995,Czechia,CZE,Forward,11,0,0.0,0.0,0.0,0.0,,,
486081,Lukas CERV,43995,Czechia,CZE,Midfielder,12,2,172.187,27.0,11.0,6.0,5.749562975137496,14.11256366624658,3.136125259165907
484003,Mojmir CHYTIL,43995,Czechia,CZE,Forward,13,1,12.505966666666666,4.0,1.0,1.0,7.196564839716509,28.786259358866037,7.196564839716509
483990,David JURASEK,43995,Czechia,CZE,Defender,14,0,0.0,0.0,0.0,0.0,,,
486082,Pavel SULC,43995,Czechia,CZE,Forward,15,3,209.14438333333334,104.0,12.0,6.0,5.163896743421988,44.7537717763239,2.581948371710994
441162,Jindrich STANEK,43995,Czechia,CZE,Goalkeeper,16,0,0.0,0.0,0.0,0.0,,,
484011,Lukas PROVOD,43995,Czechia,CZE,Midfielder,17,3,137.64870000000002,49.0,5.0,9.0,3.269191790405576,32.03807954597464,5.884545222730035
433668,Michal SADILEK,43995,Czechia,CZE,Midfielder,18,3,204.00071666666668,75.0,4.0,10.0,1.7646996828360817,33.08811905317653,4.411749207090204
483961,Tomas CHORY,43995,Czechia,CZE,Forward,19,2,43.13613333333333,14.0,1.0,0.0,2.0864178832286,29.209850365200403,0.0
441166,Jaroslav ZELENY,43995,Czechia,CZE,Defender,20,2,142.47899999999998,36.0,3.0,6.0,1.895016107636915,22.74019329164298,3.79003221527383
483936,David DOUDERA,43995,Czechia,CZE,Defender,21,1,100.11358333333334,23.0,0.0,1.0,0.0,20.67651492513087,0.8989789097882988
404885,Tomas SOUCEK,43995,Czechia,CZE,Midfielder,22,3,152.65538333333333,42.0,5.0,4.0,2.94781612134434,24.761655419292453,2.3582528970754715
511118,Lukas HORNICEK,43995,Czechia,CZE,Goalkeeper,23,0,0.0,0.0,0.0,0.0,,,
523097,Alexandr SOJKA,43995,Czechia,CZE,Midfielder,24,3,155.35448333333335,84.0,9.0,18.0,5.213882358721757,48.6629020147364,10.427764717443514
506775,Hugo SOCHUREK,43995,Czechia,CZE,Midfielder,25,0,0.0,0.0,0.0,0.0,,,
519985,Denis VISINSKY,43995,Czechia,CZE,Forward,26,1,59.519333333333336,20.0,0.0,4.0,0.0,30.24227421902127,6.0484548438042545
368744,FAHAD TALIB,43818,Iraq,IRQ,Goalkeeper,1,0,0.0,0.0,0.0,0.0,,,
396158,REBIN SULAKA,43818,Iraq,IRQ,Defender,2,2,41.91483333333333,1.0,1.0,2.0,2.1472112100330434,2.1472112100330434,4.294422420066087
479553,Hussein Ali,43818,Iraq,IRQ,Defender,3,2,174.00081666666665,20.0,3.0,9.0,1.5517168549687843,10.344779033125228,4.655150564906353
434025,ZAID TAHSEEN,43818,Iraq,IRQ,Defender,4,2,165.5404,6.0,2.0,1.0,1.0873478619116541,3.2620435857349626,0.5436739309558271
481183,AKAM HASHIM,43818,Iraq,IRQ,Defender,5,3,303.8828666666667,16.0,7.0,3.0,2.0731672269337107,4.738667947277053,0.8885002401144475
434024,MUNAF YOUNUS,43818,Iraq,IRQ,Defender,6,1,89.54571666666666,11.0,5.0,2.0,5.025366000197665,11.055805200434863,2.010146400079066
464458,YOUSSEF AMYN,43818,Iraq,IRQ,Midfielder,7,1,32.96058333333333,25.0,4.0,2.0,10.922136794706809,68.26335496691756,5.461068397353404
433585,IBRAHIM BAYESH,43818,Iraq,IRQ,Midfielder,8,3,259.6850166666667,120.0,14.0,14.0,4.8520319584604445,41.58884535823238,4.8520319584604445
436628,ALI ALHAMADI,43818,Iraq,IRQ,Forward,9,3,201.13346666666666,71.0,11.0,13.0,4.922104791445283,31.76994910841955,5.817032935344424
422968,MOHANAD ALI,43818,Iraq,IRQ,Forward,10,1,20.00184999999999,14.0,1.0,1.0,4.499583788499566,62.99417303899392,4.499583788499566
523236,AHMED QASEM,43818,Iraq,IRQ,Forward,11,3,135.66948333333335,81.0,6.0,3.0,3.9802613434684213,53.73352813682369,1.9901306717342107
347085,JALAL HASSAN,43818,Iraq,IRQ,Goalkeeper,12,2,154.3079833333333,0.0,0.0,0.0,0.0,0.0,0.0
434029,ALI YOUSIF,43818,Iraq,IRQ,Forward,13,1,38.70075,17.0,1.0,2.0,2.3255363268153717,39.53411755586132,4.651072653630743
434026,ZIDANE IQBAL,43818,Iraq,IRQ,Midfielder,14,3,210.04845,59.0,10.0,6.0,4.284725738276098,25.279881855828975,2.5708354429656586
484276,AHMED MAKNAZI,43818,Iraq,IRQ,Defender,15,1,38.958,23.0,5.0,2.0,11.550900970275682,53.134144463268136,4.620360388110273
433074,AMIR ALAMMARI,43818,Iraq,IRQ,Midfielder,16,3,279.24181666666664,64.0,19.0,19.0,6.1237246642083045,20.6272830794385,6.1237246642083045
464457,ALI JASIM,43818,Iraq,IRQ,Forward,17,2,144.94455,58.0,8.0,27.0,4.967416850098883,36.0137721632169,16.76503186908373
395186,AYMEN HUSSEIN,43818,Iraq,IRQ,Forward,18,2,128.68598333333333,60.0,3.0,5.0,2.098130604485674,41.962612089713474,3.4968843408094563
506069,KEVIN YAKOB,43818,Iraq,IRQ,Midfielder,19,1,29.475583333333333,18.0,2.0,1.0,6.10674937165507,54.96074434489563,3.053374685827535
493983,AIMAR SHER,43818,Iraq,IRQ,Midfielder,20,1,24.641049999999993,4.0,2.0,0.0,7.304883517544912,14.609767035089824,0.0
484262,MARKO FARJI,43818,Iraq,IRQ,Forward,21,2,62.77426666666666,34.0,2.0,2.0,2.8674170095177005,48.74608916180091,2.8674170095177005
433571,AHMED BASIL,43818,Iraq,IRQ,Goalkeeper,22,2,149.57488333333333,0.0,0.0,0.0,0.0,0.0,0.0
479072,MERCHAS DOSKI,43818,Iraq,IRQ,Defender,23,3,303.8828666666667,65.0,25.0,4.0,7.404168667620396,19.25083853581303,1.1846669868192632
484270,ZAID ISMAEL,43818,Iraq,IRQ,Midfielder,24,2,126.83063333333334,52.0,17.0,3.0,12.063331702987632,36.89960285619746,2.1288232417037
479056,MUSTAFA SAADOON,43818,Iraq,IRQ,Defender,25,1,24.647166666666664,6.0,2.0,0.0,7.303070670732945,21.909212012198836,0.0
436863,FRANS PUTROS,43818,Iraq,IRQ,Defender,26,1,105.23488333333333,26.0,5.0,1.0,4.27614860915099,22.23597276758515,0.855229721830198
489685,Jacob WIDELL ZETTERSTROM,43970,Sweden,SWE,Goalkeeper,1,2,200.04465,0.0,0.0,0.0,0.0,0.0,0.0
483304,Gustaf LAGERBIELKE,43970,Sweden,SWE,Defender,2,4,400.9159166666667,50.0,14.0,8.0,3.1428036344279167,11.224298694385418,1.7958877911016669
395283,Victor LINDELOF,43970,Sweden,SWE,Defender,3,4,390.7919166666667,24.0,10.0,5.0,2.303015905949948,5.5272381742798755,1.151507952974974
483312,Isak HIEN,43970,Sweden,SWE,Defender,4,3,237.63005,13.0,8.0,13.0,3.0299198270589094,4.923619718970728,4.923619718970728
483276,Gabriel GUDMUNDSSON,43970,Sweden,SWE,Defender,5,4,356.02708333333334,58.0,14.0,13.0,3.5390566026695067,14.6618059253451,3.2862668453359705
514639,Herman JOHANSSON,43970,Sweden,SWE,Defender,6,0,0.0,0.0,0.0,0.0,,,
489689,Lucas BERGVALL,43970,Sweden,SWE,Midfielder,7,4,207.3285,60.0,13.0,10.0,5.643218370846266,26.045623250059688,4.340937208343282
491255,Daniel SVENSSON,43970,Sweden,SWE,Defender,8,3,114.62848333333332,24.0,3.0,8.0,2.3554355091208428,18.843484072966742,6.281161357655581
430150,Alexander Isak,43970,Sweden,SWE,Forward,9,4,389.2267333333333,110.0,15.0,5.0,3.4684154103152562,25.435046342311875,1.1561384701050854
502946,Benjamin NYGREN,43970,Sweden,SWE,Midfielder,10,4,149.90486666666663,71.0,13.0,4.0,7.804950072779494,42.62703501287262,2.4015230993167673
441137,Anthony ELANGA,43970,Sweden,SWE,Forward,11,4,247.33688333333333,31.0,1.0,10.0,0.36387617886616586,11.280161544851143,3.6387617886616583
483264,Viktor JOHANSSON,43970,Sweden,SWE,Goalkeeper,12,0,0.0,0.0,0.0,0.0,,,
395286,Ken SEMA,43970,Sweden,SWE,Midfielder,13,1,22.788283333333325,5.0,2.0,2.0,7.898795945577299,19.746989863943245,7.898795945577299
483319,Hjalmar EKDAL,43970,Sweden,SWE,Defender,14,0,0.0,0.0,0.0,0.0,,,
441132,Carl STARFELT,43970,Sweden,SWE,Defender,15,1,10.123999999999995,0.0,0.0,0.0,0.0,0.0,0.0
441135,Jesper KARLSTROM,43970,Sweden,SWE,Midfielder,16,2,147.32668333333334,38.0,7.0,7.0,4.276211109528586,23.21371745172661,4.276211109528586
483327,Viktor GYOKERES,43970,Sweden,SWE,Forward,17,4,400.9159166666667,75.0,4.0,14.0,0.8979438955508334,16.836448041578127,3.1428036344279167
489688,Yasin AYARI,43970,Sweden,SWE,Midfielder,18,4,371.23356666666666,100.0,22.0,21.0,5.333569423095451,24.243497377706593,5.0911344493183845
433795,Mattias SVANBERG,43970,Sweden,SWE,Midfielder,19,2,25.859183333333334,5.0,1.0,0.0,3.4803883339961112,17.401941669980552,0.0
493061,Eric SMITH,43970,Sweden,SWE,Defender,20,0,0.0,0.0,0.0,0.0,,,
502945,Alexander BERNHARDSSON,43970,Sweden,SWE,Defender,21,3,233.05701666666664,81.0,9.0,14.0,3.4755443607111594,31.279899246400436,5.4064023388840265
503047,Besfort ZENELI,43970,Sweden,SWE,Midfielder,22,2,69.17488333333333,35.0,7.0,3.0,9.107351825433751,45.53675912716875,3.90315078232875
360496,Kristoffer NORDFELDT,43970,Sweden,SWE,Goalkeeper,23,2,200.87126666666666,0.0,0.0,0.0,0.0,0.0,0.0
519958,Elliot STROUD,43970,Sweden,SWE,Defender,24,4,183.67756666666665,61.0,7.0,9.0,3.429923487299393,29.889333246466137,4.409901626527791
489691,Gustaf NILSSON,43970,Sweden,SWE,Forward,25,1,5.003616666666659,3.0,0.0,0.0,0.0,53.96096823297823,0.0
514202,Taha ALI,43970,Sweden,SWE,Forward,26,2,46.20801666666665,15.0,0.0,4.0,0.0,29.21570968385357,7.7908559156942845
360498,Mert GUNOK,43972,Türkiye,TUR,Goalkeeper,1,0,0.0,0.0,0.0,0.0,,,
433072,Zeki CELIK,43972,Türkiye,TUR,Defender,2,2,173.60865,35.0,9.0,5.0,4.665666140483207,18.14425721299025,2.592036744712893
441179,Merih DEMIRAL,43972,Türkiye,TUR,Defender,3,2,208.81293333333332,9.0,3.0,3.0,1.2930233567907992,3.8790700703723973,1.2930233567907992
401167,Caglar SOYUNCU,43972,Türkiye,TUR,Defender,4,1,15.50051666666667,1.0,1.0,0.0,5.806258070967525,5.806258070967525,0.0
389907,Salih OZCAN,43972,Türkiye,TUR,Midfielder,5,2,120.65668333333333,33.0,12.0,5.0,8.95101680373832,24.61529621028038,3.7295903348909665
433118,Orkun KOKCU,43972,Türkiye,TUR,Midfielder,6,3,172.91901666666666,37.0,9.0,7.0,4.684273688425053,19.257569607969668,3.6433239798861528
441188,Kerem AKTURKOGLU,43972,Türkiye,TUR,Forward,7,2,143.9643,38.0,2.0,10.0,1.250309972680727,23.75588948093381,6.251549863403635
484087,Arda GULER,43972,Türkiye,TUR,Forward,8,3,313.71548333333334,62.0,7.0,12.0,2.0081890549552623,17.786817343889464,3.442609808494735
495347,Deniz GUL,43972,Türkiye,TUR,Forward,9,2,50.779300000000006,5.0,0.0,0.0,0.0,8.861878757682755,0.0
369304,Hakan CALHANOGLU,43972,Türkiye,TUR,Midfielder,10,2,208.81293333333332,28.0,5.0,11.0,2.1550389279846653,12.068217996714125,4.741085641566263
484112,Kenan YILDIZ,43972,Türkiye,TUR,Forward,11,3,249.02981666666665,32.0,5.0,7.0,1.8070125337735663,11.564880216150826,2.5298175472829927
441180,Altay BAYINDIR,43972,Türkiye,TUR,Goalkeeper,12,0,0.0,0.0,0.0,0.0,,,
484065,Eren ELMALI,43972,Türkiye,TUR,Defender,13,2,134.03019999999998,26.0,3.0,4.0,2.0144713654086916,17.458751833541996,2.685961820544922
484082,Abdulkerim BARDAKCI,43972,Türkiye,TUR,Defender,14,3,300.14936666666665,27.0,12.0,3.0,3.5982084919719415,8.095969106936868,0.8995521229929854
406249,Ozan KABAK,43972,Türkiye,TUR,Defender,15,1,104.90254999999999,10.0,7.0,3.0,6.005573744394202,8.579391063420289,2.5738173190260865
484092,Ismail YUKSEK,43972,Türkiye,TUR,Midfielder,16,2,153.4686,34.0,13.0,16.0,7.623709345103819,19.93893213334845,9.383026886281623
472877,Irfan Can KAHVECI,43972,Türkiye,TUR,Forward,17,1,7.452249999999992,4.0,1.0,0.0,12.076889530007728,48.30755812003091,0.0
430120,Mert MULDUR,43972,Türkiye,TUR,Defender,18,3,132.43903333333333,10.0,5.0,1.0,3.397789825809159,6.795579651618318,0.6795579651618318
406231,Yunus AKGUN,43972,Türkiye,TUR,Forward,19,2,103.4552,12.0,4.0,3.0,3.479767087589604,10.439301262768812,2.609825315692203
484113,Ferdi KADIOGLU,43972,Türkiye,TUR,Defender,20,2,179.68528333333333,16.0,7.0,0.0,3.5061302089570128,8.014011906187458,0.0
484139,Baris Alper YILMAZ,43972,Türkiye,TUR,Forward,21,3,200.09721666666667,37.0,5.0,24.0,2.2489068438649777,16.641910644600838,10.794752850551895
336170,Kaan Ayhan,43972,Türkiye,TUR,Midfielder,22,1,11.352216666666664,1.0,1.0,0.0,7.927967078382639,7.927967078382639,0.0
441181,Ugurcan CAKIR,43972,Türkiye,TUR,Goalkeeper,23,3,313.71548333333334,0.0,0.0,0.0,0.0,0.0,0.0
486076,Oguz AYDIN,43972,Türkiye,TUR,Forward,24,1,97.06983333333332,24.0,9.0,3.0,8.344507991669229,22.252021311117943,2.781502663889743
484072,Samet AKAYDIN,43972,Türkiye,TUR,Defender,25,0,0.0,0.0,0.0,0.0,,,
486074,Can UZUN,43972,Türkiye,TUR,Forward,26,2,55.25344999999999,9.0,3.0,4.0,4.886572693650805,14.659718080952416,6.515430258201072
